0,1,2,3,4
/m/05bp8g,/people/person/nationality,/m/03_3d,1.0,1.0
/m/01wl38s,/people/person/spouse_s./people/marriage/type_of_union,/m/04ztj,1.0,1.0
/m/044rvb,/people/person/place_of_birth,/m/02dtg,1.0,1.0
/m/041ly3,/people/person/place_of_birth,/m/02dtg,1.0,1.0
/m/02qflgv,/people/person/spouse_s./people/marriage/type_of_union,/m/04ztj,1.0,1.0
/m/04hpck,/people/person/profession,/m/02hrh1q,1.0,1.0
/m/057d89,/people/person/profession,/m/03gjzk,1.0,1.0
/m/05fg2,/people/person/nationality,/m/02jx1,1.0,1.0
/m/02knnd,/people/person/places_lived./people/place_lived/location,/m/0284jb,1.0,1.0
/m/0292l3,/people/person/languages,/m/02h40lc,1.0,1.0
/m/033tf_,/people/ethnicity/people,/m/01wjrn,1.0,1.0
/m/044ntk,/people/person/spouse_s./people/marriage/type_of_union,/m/04ztj,1.0,1.0
/m/01wp8w7,/people/person/spouse_s./people/marriage/type_of_union,/m/04ztj,1.0,1.0
/m/02lkcc,/people/deceased_person/place_of_death,/m/030qb3t,1.0,1.0
/m/04nw9,/people/person/profession,/m/02hrh1q,1.0,1.0
/m/02c4s,/people/person/places_lived./people/place_lived/location,/m/01xd9,1.0,1.0
/m/02lxj_,/people/person/religion,/m/051kv,1.0,1.0
/m/028lc8,/people/person/spouse_s./people/marriage/type_of_union,/m/04ztj,1.0,1.0
/m/049k07,/people/person/profession,/m/02hrh1q,1.0,1.0
/m/03xmy1,/people/person/languages,/m/04306rv,1.0,1.0
/m/01vb403,/people/person/spouse_s./people/marriage/type_of_union,/m/04ztj,1.0,1.0
/m/02s2ft,/people/person/place_of_birth,/m/04f_d,1.0,1.0
/m/03j43,/people/person/spouse_s./people/marriage/type_of_union,/m/04ztj,1.0,1.0
/m/041rx,/people/ethnicity/people,/m/022769,1.0,1.0
/m/02vmzp,/people/person/nationality,/m/03rk0,1.0,1.0
/m/04jlgp,/people/person/nationality,/m/02jx1,1.0,1.0
/m/01wyzyl,/people/person/religion,/m/02rxj,1.0,1.0
/m/03lt8g,/people/person/places_lived./people/place_lived/location,/m/030qb3t,1.0,1.0
/m/0277470,/people/person/profession,/m/02krf9,1.0,1.0
/m/03pmty,/people/person/place_of_birth,/m/02_286,1.0,1.0
/m/01vv7sc,/people/person/languages,/m/02h40lc,1.0,1.0
/m/03f2_rc,/people/person/gender,/m/02zsn,1.0,1.0
/m/0227tr,/people/person/languages,/m/02h40lc,1.0,1.0
/m/03pm9,/people/person/places_lived./people/place_lived/location,/m/02h6_6p,1.0,1.0
/m/01vv126,/people/person/profession,/m/039v1,1.0,1.0
/m/059t6d,/people/person/nationality,/m/03rt9,1.0,1.0
/m/01vsnff,/people/person/profession,/m/02hrh1q,1.0,1.0
/m/04cbtrw,/people/person/nationality,/m/03rk0,1.0,1.0
/m/046lt,/people/person/profession,/m/03gjzk,1.0,1.0
/m/03xl77,/people/person/spouse_s./people/marriage/type_of_union,/m/04ztj,1.0,1.0
/m/031zkw,/people/person/spouse_s./people/marriage/type_of_union,/m/04ztj,1.0,1.0
/m/01vwllw,/people/person/spouse_s./people/marriage/type_of_union,/m/04ztj,1.0,1.0
/m/03mg35,/people/person/profession,/m/02hrh1q,1.0,1.0
/m/038rzr,/people/person/profession,/m/04gc2,1.0,1.0
/m/01yd8v,/people/person/gender,/m/02zsn,1.0,1.0
/m/05dbf,/people/person/languages,/m/02h40lc,1.0,1.0
/m/02xp18,/people/person/place_of_birth,/m/02_286,1.0,1.0
/m/041rx,/people/ethnicity/people,/m/02js6_,1.0,1.0
/m/02v3yy,/people/person/gender,/m/02zsn,1.0,1.0
/m/02w7gg,/people/ethnicity/people,/m/02fx3c,1.0,1.0
/m/03kdl,/people/person/religion,/m/025t7ly,1.0,1.0
/m/021yw7,/people/person/profession,/m/02jknp,1.0,1.0
/m/026_dcw,/people/person/profession,/m/03gjzk,1.0,1.0
/m/031296,/people/person/profession,/m/02hrh1q,1.0,1.0
/m/03lmx1,/people/ethnicity/languages_spoken,/m/02h40lc,1.0,1.0
/m/01wj18h,/people/person/gender,/m/02zsn,1.0,1.0
/m/01wxyx1,/people/person/profession,/m/02hrh1q,1.0,1.0
/m/04n_g,/people/person/spouse_s./people/marriage/type_of_union,/m/04ztj,1.0,1.0
/m/0288crq,/people/person/nationality,/m/03rk0,1.0,1.0
/m/02h761,/people/person/nationality,/m/0345h,1.0,1.0
/m/01vrkdt,/people/person/gender,/m/02zsn,1.0,1.0
/m/05g8ky,/people/person/spouse_s./people/marriage/type_of_union,/m/04ztj,1.0,1.0
/m/02cm2m,/people/person/profession,/m/02hrh1q,1.0,1.0
/m/02wxvtv,/people/person/spouse_s./people/marriage/type_of_union,/m/04ztj,1.0,1.0
/m/02pqgt8,/people/person/nationality,/m/03rjj,1.0,1.0
/m/036px,/people/person/spouse_s./people/marriage/spouse,/m/03yf3z,1.0,1.0
/m/02wrrm,/people/person/places_lived./people/place_lived/location,/m/02_286,1.0,1.0
/m/0219q,/people/person/spouse_s./people/marriage/type_of_union,/m/04ztj,1.0,1.0
/m/01x72k,/people/person/gender,/m/02zsn,1.0,1.0
/m/01zg98,/people/person/spouse_s./people/marriage/spouse,/m/03f2_rc,1.0,1.0
/m/039crh,/people/person/spouse_s./people/marriage/type_of_union,/m/04ztj,1.0,1.0
/m/033tln,/people/person/profession,/m/02krf9,1.0,1.0
/m/02p_ycc,/people/person/profession,/m/02hrh1q,1.0,1.0
/m/04pxcx,/people/person/spouse_s./people/marriage/type_of_union,/m/04ztj,1.0,1.0
/m/02g3mn,/people/person/profession,/m/02hrh1q,1.0,1.0
/m/049tjg,/people/person/spouse_s./people/marriage/type_of_union,/m/04ztj,1.0,1.0
/m/04psf,/people/cause_of_death/people,/m/01vyv9,1.0,1.0
/m/043kzcr,/people/person/profession,/m/02hrh1q,1.0,1.0
/m/024swd,/people/person/profession,/m/03gjzk,1.0,1.0
/m/05cj4r,/people/person/gender,/m/02zsn,1.0,1.0
/m/02w7gg,/people/ethnicity/people,/m/02cpb7,1.0,1.0
/m/021yzs,/people/person/profession,/m/03gjzk,1.0,1.0
/m/03m6t5,/people/person/profession,/m/02hrh1q,1.0,1.0
/m/01vw8mh,/people/person/profession,/m/02hrh1q,1.0,1.0
/m/03xb2w,/people/person/languages,/m/02h40lc,1.0,1.0
/m/022p06,/people/deceased_person/place_of_death,/m/030qb3t,1.0,1.0
/m/04205z,/people/person/spouse_s./people/marriage/type_of_union,/m/04ztj,1.0,1.0
/m/03f6fl0,/people/person/places_lived./people/place_lived/location,/m/05jbn,1.0,1.0
/m/04fcx7,/people/person/profession,/m/02krf9,1.0,1.0
/m/01w724,/people/person/profession,/m/02hrh1q,1.0,1.0
/m/02g7sp,/people/ethnicity/people,/m/01w3lzq,1.0,1.0
/m/02_l96,/people/person/places_lived./people/place_lived/location,/m/02_286,1.0,1.0
/m/03_l8m,/people/person/gender,/m/02zsn,1.0,1.0
/m/053y4h,/people/person/profession,/m/02krf9,1.0,1.0
/m/03qjlz,/people/person/spouse_s./people/marriage/type_of_union,/m/04ztj,1.0,1.0
/m/02w7gg,/people/ethnicity/people,/m/054bt3,1.0,1.0
/m/05b_7n,/people/person/spouse_s./people/marriage/type_of_union,/m/04ztj,1.0,1.0
/m/058nh2,/people/person/nationality,/m/02jx1,1.0,1.0
/m/0362q0,/people/person/profession,/m/02hrh1q,1.0,1.0
/m/03f2_rc,/people/person/languages,/m/02h40lc,1.0,1.0
/m/01vvpjj,/people/person/gender,/m/02zsn,1.0,1.0
/m/04kr63w,/people/person/profession,/m/02hrh1q,1.0,1.0
/m/021lby,/people/person/profession,/m/03gjzk,1.0,1.0
/m/02y0js,/people/cause_of_death/people,/m/045cq,1.0,1.0
/m/02cqbx,/people/deceased_person/place_of_death,/m/030qb3t,1.0,1.0
/m/04cl1,/people/person/profession,/m/03gjzk,1.0,1.0
/m/05bm4sm,/people/person/profession,/m/02tx6q,1.0,1.0
/m/03llf8,/people/person/profession,/m/021wpb,1.0,1.0
/m/01w61th,/people/person/places_lived./people/place_lived/location,/m/02_286,1.0,1.0
/m/02g3mn,/people/person/gender,/m/02zsn,1.0,1.0
/m/01wc7p,/people/person/gender,/m/02zsn,1.0,1.0
/m/02__94,/people/person/nationality,/m/03rjj,1.0,1.0
/m/026fd,/people/person/profession,/m/02jknp,1.0,1.0
/m/044k8,/people/deceased_person/place_of_death,/m/030qb3t,1.0,1.0
/m/025b5y,/people/person/places_lived./people/place_lived/location,/m/01x73,1.0,1.0
/m/02rmxx,/people/person/profession,/m/02hrh1q,1.0,1.0
/m/022_lg,/people/person/spouse_s./people/marriage/type_of_union,/m/04ztj,1.0,1.0
/m/02cbs0,/people/person/nationality,/m/02jx1,1.0,1.0
/m/02w7gg,/people/ethnicity/people,/m/02q42j_,1.0,1.0
/m/02mxw0,/people/person/places_lived./people/place_lived/location,/m/04ykg,1.0,1.0
/m/01wyzyl,/people/person/profession,/m/02krf9,1.0,1.0
/m/02r3cn,/people/person/places_lived./people/place_lived/location,/m/04rrd,1.0,1.0
/m/037d35,/people/person/profession,/m/02jknp,1.0,1.0
/m/02_4fn,/people/person/profession,/m/02jknp,1.0,1.0
/m/0432b,/people/person/places_lived./people/place_lived/location,/m/02_286,1.0,1.0
/m/01vv6_6,/people/person/profession,/m/02hrh1q,1.0,1.0
/m/052h3,/people/deceased_person/place_of_death,/m/02_286,1.0,1.0
/m/02tq2r,/people/person/spouse_s./people/marriage/type_of_union,/m/04ztj,1.0,1.0
/m/03f5vvx,/people/person/profession,/m/04gc2,1.0,1.0
/m/01vng3b,/people/person/spouse_s./people/marriage/type_of_union,/m/04ztj,1.0,1.0
/m/03xb2w,/people/person/profession,/m/03gjzk,1.0,1.0
/m/01vw37m,/people/person/profession,/m/02hrh1q,1.0,1.0
/m/041rx,/people/ethnicity/people,/m/01vrlr4,1.0,1.0
/m/02756j,/people/person/sibling_s./people/sibling_relationship/sibling,/m/02ctyy,1.0,1.0
/m/01vxxb,/people/person/spouse_s./people/marriage/type_of_union,/m/04ztj,1.0,1.0
/m/02zrv7,/people/person/profession,/m/02krf9,1.0,1.0
/m/029ql,/people/person/profession,/m/03gjzk,1.0,1.0
/m/036jp8,/people/person/places_lived./people/place_lived/location,/m/04ykg,1.0,1.0
/m/01wmxfs,/people/person/profession,/m/03gjzk,1.0,1.0
/m/05j12n,/people/person/spouse_s./people/marriage/type_of_union,/m/04ztj,1.0,1.0
/m/03hy3g,/people/person/places_lived./people/place_lived/location,/m/02cft,1.0,1.0
/m/038b_x,/people/person/place_of_birth,/m/027wvb,1.0,1.0
/m/033tf_,/people/ethnicity/people,/m/032q8q,1.0,1.0
/m/01vrt_c,/people/person/spouse_s./people/marriage/type_of_union,/m/04ztj,1.0,1.0
/m/01vzxmq,/people/person/languages,/m/02h40lc,1.0,1.0
/m/01x1cn2,/people/person/languages,/m/02h40lc,1.0,1.0
/m/04bgy,/people/person/spouse_s./people/marriage/type_of_union,/m/04ztj,1.0,1.0
/m/01wp8w7,/people/person/profession,/m/025352,1.0,1.0
/m/05km8z,/people/person/profession,/m/02pjxr,1.0,1.0
/m/050t68,/people/person/spouse_s./people/marriage/type_of_union,/m/04ztj,1.0,1.0
/m/03w4sh,/people/person/spouse_s./people/marriage/type_of_union,/m/04ztj,1.0,1.0
/m/01x209s,/people/person/places_lived./people/place_lived/location,/m/02_286,1.0,1.0
/m/03nbbv,/people/person/profession,/m/04gc2,1.0,1.0
/m/01w23w,/people/person/spouse_s./people/marriage/type_of_union,/m/04ztj,1.0,1.0
/m/04cl1,/people/person/spouse_s./people/marriage/type_of_union,/m/04ztj,1.0,1.0
/m/01vb6z,/people/person/spouse_s./people/marriage/type_of_union,/m/04ztj,1.0,1.0
/m/0443y3,/people/person/gender,/m/02zsn,1.0,1.0
/m/02f6s3,/people/person/profession,/m/02hrh1q,1.0,1.0
/m/02zrv7,/people/person/spouse_s./people/marriage/type_of_union,/m/04ztj,1.0,1.0
/m/026v_78,/people/person/place_of_birth,/m/030qb3t,1.0,1.0
/m/03_wpf,/people/person/languages,/m/02h40lc,1.0,1.0
/m/01wsl7c,/people/person/places_lived./people/place_lived/location,/m/02m77,1.0,1.0
/m/041rx,/people/ethnicity/people,/m/04pz5c,1.0,1.0
/m/03f1zdw,/people/person/places_lived./people/place_lived/location,/m/05cgv,1.0,1.0
/m/03y82t6,/people/person/spouse_s./people/marriage/type_of_union,/m/04ztj,1.0,1.0
/m/03s9b,/people/person/spouse_s./people/marriage/spouse,/m/04r7p,1.0,1.0
/m/02jt1k,/people/person/places_lived./people/place_lived/location,/m/02_286,1.0,1.0
/m/058frd,/people/person/profession,/m/02hrh1q,1.0,1.0
/m/02zrv7,/people/person/profession,/m/02hrh1q,1.0,1.0
/m/025p38,/people/person/nationality,/m/03rk0,1.0,1.0
/m/0261x8t,/people/person/profession,/m/02hrh1q,1.0,1.0
/m/0265z9l,/people/person/nationality,/m/03rk0,1.0,1.0
/m/02ctzb,/people/ethnicity/people,/m/0347db,1.0,1.0
/m/059_w,/people/ethnicity/people,/m/02ts3h,1.0,1.0
/m/053xw6,/people/person/places_lived./people/place_lived/location,/m/02cft,1.0,1.0
/m/02vq8xn,/people/person/spouse_s./people/marriage/type_of_union,/m/04ztj,1.0,1.0
/m/02lmk,/people/person/nationality,/m/0345h,1.0,1.0
/m/04n65n,/people/person/spouse_s./people/marriage/type_of_union,/m/04ztj,1.0,1.0
/m/040696,/people/person/places_lived./people/place_lived/location,/m/030qb3t,1.0,1.0
/m/03bw6,/people/person/religion,/m/03_gx,1.0,1.0
/m/0372p,/people/person/profession,/m/04s2z,1.0,1.0
/m/02n1p5,/people/person/profession,/m/02hrh1q,1.0,1.0
/m/04hcw,/people/person/religion,/m/03_gx,1.0,1.0
/m/03bkbh,/people/ethnicity/people,/m/01vvpjj,1.0,1.0
/m/041rx,/people/ethnicity/people,/m/045cq,1.0,1.0
/m/02d9k,/people/person/profession,/m/01xr66,1.0,1.0
/m/041rx,/people/ethnicity/people,/m/044mfr,1.0,1.0
/m/04lp8k,/people/person/profession,/m/02hrh1q,1.0,1.0
/m/03vrp,/people/person/nationality,/m/03rjj,1.0,1.0
/m/044f7,/people/person/profession,/m/02krf9,1.0,1.0
/m/052h3,/people/person/profession,/m/03jgz,1.0,1.0
/m/01y9xg,/people/person/place_of_birth,/m/030qb3t,1.0,1.0
/m/02t_w8,/people/person/spouse_s./people/marriage/type_of_union,/m/04ztj,1.0,1.0
/m/03xx3m,/people/person/profession,/m/02hrh1q,1.0,1.0
/m/028hc2,/people/person/spouse_s./people/marriage/type_of_union,/m/04ztj,1.0,1.0
/m/023n39,/people/person/place_of_birth,/m/02_286,1.0,1.0
/m/0432cd,/people/person/languages,/m/02h40lc,1.0,1.0
/m/01wk51,/people/person/sibling_s./people/sibling_relationship/sibling,/m/023tp8,1.0,1.0
/m/041rx,/people/ethnicity/people,/m/01twdk,1.0,1.0
/m/01yhvv,/people/person/gender,/m/02zsn,1.0,1.0
/m/041rx,/people/ethnicity/people,/m/03cxsvl,1.0,1.0
/m/02cqbx,/people/person/profession,/m/026sdt1,1.0,1.0
/m/03ts0c,/people/ethnicity/people,/m/03d0ns,1.0,1.0
/m/03nk3t,/people/person/spouse_s./people/marriage/type_of_union,/m/04ztj,1.0,1.0
/m/050z2,/people/person/nationality,/m/02jx1,1.0,1.0
/m/04ztj,/people/marriage_union_type/unions_of_this_type./people/marriage/location_of_ceremony,/m/0235l,1.0,1.0
/m/01wsl7c,/people/person/spouse_s./people/marriage/type_of_union,/m/04ztj,1.0,1.0
/m/021lby,/people/person/place_of_birth,/m/02_286,1.0,1.0
/m/024zq,/people/person/spouse_s./people/marriage/type_of_union,/m/04ztj,1.0,1.0
/m/01vsyjy,/people/person/profession,/m/02hrh1q,1.0,1.0
/m/043zg,/people/person/profession,/m/03gjzk,1.0,1.0
/m/01vvyc_,/people/person/profession,/m/025sppp,1.0,1.0
/m/03_gd,/people/person/profession,/m/03gjzk,1.0,1.0
/m/02n9k,/people/person/place_of_birth,/m/02_286,1.0,1.0
/m/04ztj,/people/marriage_union_type/unions_of_this_type./people/marriage/location_of_ceremony,/m/02jx1,1.0,1.0
/m/02lgj6,/people/person/nationality,/m/03rjj,1.0,1.0
/m/028d4v,/people/person/gender,/m/02zsn,1.0,1.0
/m/030tjk,/people/person/nationality,/m/02jx1,1.0,1.0
/m/04__f,/people/person/profession,/m/02hrh1q,1.0,1.0
/m/03hh89,/people/person/places_lived./people/place_lived/location,/m/030qb3t,1.0,1.0
/m/01w1ywm,/people/deceased_person/place_of_death,/m/02_286,1.0,1.0
/m/05gc0h,/people/person/nationality,/m/03rk0,1.0,1.0
/m/02jyhv,/people/person/gender,/m/02zsn,1.0,1.0
/m/01vsy95,/people/person/spouse_s./people/marriage/type_of_union,/m/04ztj,1.0,1.0
/m/031k24,/people/person/spouse_s./people/marriage/type_of_union,/m/04ztj,1.0,1.0
/m/02l3_5,/people/person/places_lived./people/place_lived/location,/m/02j3w,1.0,1.0
/m/01xhh5,/people/ethnicity/languages_spoken,/m/02hwhyv,1.0,1.0
/m/02778qt,/people/person/profession,/m/03gjzk,1.0,1.0
/m/059t6d,/people/person/languages,/m/02h40lc,1.0,1.0
/m/0418ft,/people/person/gender,/m/02zsn,1.0,1.0
/m/03lmx1,/people/ethnicity/people,/m/03f77,1.0,1.0
/m/04mlmx,/people/person/gender,/m/02zsn,1.0,1.0
/m/02fb1n,/people/person/languages,/m/02h40lc,1.0,1.0
/m/02sjf5,/people/person/spouse_s./people/marriage/type_of_union,/m/04ztj,1.0,1.0
/m/03hnd,/people/person/place_of_birth,/m/0214m4,1.0,1.0
/m/041rx,/people/ethnicity/people,/m/02fgpf,1.0,1.0
/m/02__94,/people/person/spouse_s./people/marriage/type_of_union,/m/04ztj,1.0,1.0
/m/02qnbs,/people/person/places_lived./people/place_lived/location,/m/02_286,1.0,1.0
/m/02xgdv,/people/person/languages,/m/02h40lc,1.0,1.0
/m/03wjb7,/people/person/profession,/m/02hrh1q,1.0,1.0
/m/0311wg,/people/person/profession,/m/02hrh1q,1.0,1.0
/m/037gjc,/people/person/profession,/m/03gjzk,1.0,1.0
/m/041rx,/people/ethnicity/people,/m/01vvdm,1.0,1.0
/m/03y2kr,/people/person/profession,/m/04gc2,1.0,1.0
/m/027rfxc,/people/person/gender,/m/02zsn,1.0,1.0
/m/02clgg,/people/person/profession,/m/02hrh1q,1.0,1.0
/m/01zwy,/people/deceased_person/place_of_burial,/m/03v_5,1.0,1.0
/m/02wmbg,/people/person/languages,/m/055qm,1.0,1.0
/m/01w9mnm,/people/person/nationality,/m/02jx1,1.0,1.0
/m/01vsykc,/people/person/places_lived./people/place_lived/location,/m/030qb3t,1.0,1.0
/m/03yj_0n,/people/person/spouse_s./people/marriage/type_of_union,/m/04ztj,1.0,1.0
/m/026b7bz,/people/person/profession,/m/03gjzk,1.0,1.0
/m/05cj4r,/people/person/places_lived./people/place_lived/location,/m/04jpl,1.0,1.0
/m/05dbyt,/people/person/spouse_s./people/marriage/type_of_union,/m/04ztj,1.0,1.0
/m/02w7gg,/people/ethnicity/people,/m/02cbs0,1.0,1.0
/m/01wf86y,/people/person/profession,/m/02hrh1q,1.0,1.0
/m/02q6cv4,/people/person/profession,/m/03gjzk,1.0,1.0
/m/02wd48,/people/person/profession,/m/02hrh1q,1.0,1.0
/m/032wdd,/people/person/languages,/m/02h40lc,1.0,1.0
/m/04ztj,/people/marriage_union_type/unions_of_this_type./people/marriage/location_of_ceremony,/m/04swd,1.0,1.0
/m/01wg3q,/people/person/place_of_birth,/m/020d8d,1.0,1.0
/m/026c1,/people/person/spouse_s./people/marriage/type_of_union,/m/04ztj,1.0,1.0
/m/023nlj,/people/person/spouse_s./people/marriage/type_of_union,/m/04ztj,1.0,1.0
/m/03kxdw,/people/person/languages,/m/02h40lc,1.0,1.0
/m/01vswwx,/people/person/places_lived./people/place_lived/location,/m/01xd9,1.0,1.0
/m/02byfd,/people/person/places_lived./people/place_lived/location,/m/030qb3t,1.0,1.0
/m/03f0vvr,/people/person/nationality,/m/02jx1,1.0,1.0
/m/01ydzx,/people/person/spouse_s./people/marriage/type_of_union,/m/04ztj,1.0,1.0
/m/041rx,/people/ethnicity/people,/m/03_0p,1.0,1.0
/m/04pg29,/people/person/profession,/m/03gjzk,1.0,1.0
/m/03hfxx,/people/person/spouse_s./people/marriage/type_of_union,/m/04ztj,1.0,1.0
/m/01ynzf,/people/person/profession,/m/03gjzk,1.0,1.0
/m/023tp8,/people/person/spouse_s./people/marriage/type_of_union,/m/04ztj,1.0,1.0
/m/03_js,/people/person/spouse_s./people/marriage/type_of_union,/m/04ztj,1.0,1.0
/m/05km8z,/people/person/nationality,/m/02jx1,1.0,1.0
/m/03f3yfj,/people/person/gender,/m/02zsn,1.0,1.0
/m/02m7r,/people/person/employment_history./business/employment_tenure/company,/m/052nd,1.0,1.0
/m/03w9sgh,/people/person/place_of_birth,/m/02cl1,1.0,1.0
/m/04hqbbz,/people/person/place_of_birth,/m/023vwt,1.0,1.0
/m/0292l3,/people/person/spouse_s./people/marriage/type_of_union,/m/04ztj,1.0,1.0
/m/058kqy,/people/person/places_lived./people/place_lived/location,/m/05k7sb,1.0,1.0
/m/02_j8x,/people/person/profession,/m/02hrh1q,1.0,1.0
/m/03cp7b3,/people/person/place_of_birth,/m/03h64,1.0,1.0
/m/03jldb,/people/person/languages,/m/02h40lc,1.0,1.0
/m/044mz_,/people/person/spouse_s./people/marriage/spouse,/m/03lvyj,1.0,1.0
/m/028pzq,/people/person/gender,/m/02zsn,1.0,1.0
/m/022qw7,/people/person/spouse_s./people/marriage/type_of_union,/m/04ztj,1.0,1.0
/m/025mb_,/people/person/gender,/m/02zsn,1.0,1.0
/m/02fn5,/people/person/spouse_s./people/marriage/type_of_union,/m/04ztj,1.0,1.0
/m/0456xp,/people/person/places_lived./people/place_lived/location,/m/04jpl,1.0,1.0
/m/03mszl,/people/person/places_lived./people/place_lived/location,/m/02_286,1.0,1.0
/m/02qflgv,/people/person/profession,/m/02hrh1q,1.0,1.0
/m/02sh8y,/people/person/spouse_s./people/marriage/type_of_union,/m/04ztj,1.0,1.0
/m/01w5gg6,/people/person/profession,/m/02hrh1q,1.0,1.0
/m/037w7r,/people/person/gender,/m/02zsn,1.0,1.0
/m/042rnl,/people/person/profession,/m/02hrh1q,1.0,1.0
/m/04bbv7,/people/person/spouse_s./people/marriage/type_of_union,/m/04ztj,1.0,1.0
/m/03pvt,/people/person/profession,/m/02hrh1q,1.0,1.0
/m/044qx,/people/person/spouse_s./people/marriage/type_of_union,/m/04ztj,1.0,1.0
/m/020_95,/people/person/spouse_s./people/marriage/type_of_union,/m/04ztj,1.0,1.0
/m/02x8kk,/people/person/sibling_s./people/sibling_relationship/sibling,/m/02x8mt,1.0,1.0
/m/033m23,/people/person/languages,/m/02h40lc,1.0,1.0
/m/034ls,/people/person/religion,/m/02rsw,1.0,1.0
/m/028mc6,/people/person/spouse_s./people/marriage/type_of_union,/m/04ztj,1.0,1.0
/m/0309lm,/people/person/spouse_s./people/marriage/type_of_union,/m/04ztj,1.0,1.0
/m/01vtmw6,/people/person/places_lived./people/place_lived/location,/m/059rby,1.0,1.0
/m/03y1mlp,/people/person/gender,/m/02zsn,1.0,1.0
/m/04qsdh,/people/person/spouse_s./people/marriage/spouse,/m/01vh18t,1.0,1.0
/m/02z3zp,/people/person/places_lived./people/place_lived/location,/m/030qb3t,1.0,1.0
/m/02gf_l,/people/person/profession,/m/02hrh1q,1.0,1.0
/m/048z7l,/people/ethnicity/people,/m/04z0g,1.0,1.0
/m/0285c,/people/person/languages,/m/02h40lc,1.0,1.0
/m/04wx2v,/people/person/places_lived./people/place_lived/location,/m/02_286,1.0,1.0
/m/02rmfm,/people/person/profession,/m/02hrh1q,1.0,1.0
/m/04mby,/people/person/profession,/m/02hrh1q,1.0,1.0
/m/041rx,/people/ethnicity/people,/m/01vsps,1.0,1.0
/m/041rx,/people/ethnicity/people,/m/02pb53,1.0,1.0
/m/03sww,/people/person/spouse_s./people/marriage/type_of_union,/m/04ztj,1.0,1.0
/m/03tdlh,/people/person/places_lived./people/place_lived/location,/m/02_286,1.0,1.0
/m/04qz6n,/people/person/gender,/m/02zsn,1.0,1.0
/m/02fgp0,/people/person/profession,/m/02hv44_,1.0,1.0
/m/04ns3gy,/people/person/spouse_s./people/marriage/type_of_union,/m/04ztj,1.0,1.0
/m/030tj5,/people/person/profession,/m/02krf9,1.0,1.0
/m/055c8,/people/person/profession,/m/02hrh1q,1.0,1.0
/m/024dgj,/people/person/place_of_birth,/m/02m__,1.0,1.0
/m/01vw_dv,/people/person/languages,/m/02h40lc,1.0,1.0
/m/04_jsg,/people/person/profession,/m/02hrh1q,1.0,1.0
/m/041rx,/people/ethnicity/people,/m/04258w,1.0,1.0
/m/049t4g,/people/person/spouse_s./people/marriage/type_of_union,/m/04ztj,1.0,1.0
/m/026spg,/people/person/profession,/m/02hrh1q,1.0,1.0
/m/03w9sgh,/people/person/spouse_s./people/marriage/type_of_union,/m/04ztj,1.0,1.0
/m/033tln,/people/person/languages,/m/02h40lc,1.0,1.0
/m/01xcqc,/people/person/profession,/m/02hrh1q,1.0,1.0
/m/025vl4m,/people/person/profession,/m/03gjzk,1.0,1.0
/m/01xcr4,/people/person/religion,/m/03_gx,1.0,1.0
/m/02g0rb,/people/person/spouse_s./people/marriage/type_of_union,/m/04ztj,1.0,1.0
/m/03_1pg,/people/person/spouse_s./people/marriage/type_of_union,/m/04ztj,1.0,1.0
/m/028p0,/people/person/place_of_birth,/m/031y2,1.0,1.0
/m/041rx,/people/ethnicity/people,/m/01xg_w,1.0,1.0
/m/01twmp,/people/person/spouse_s./people/marriage/type_of_union,/m/04ztj,1.0,1.0
/m/0261x8t,/people/person/place_of_birth,/m/030qb3t,1.0,1.0
/m/05gpy,/people/person/places_lived./people/place_lived/location,/m/05k7sb,1.0,1.0
/m/034rd9,/people/person/gender,/m/02zsn,1.0,1.0
/m/02p8v8,/people/person/religion,/m/021_0p,1.0,1.0
/m/030_3z,/people/person/spouse_s./people/marriage/spouse,/m/02q_cc,1.0,1.0
/m/04yywz,/people/person/spouse_s./people/marriage/type_of_union,/m/04ztj,1.0,1.0
/m/030hcs,/people/person/places_lived./people/place_lived/location,/m/02xry,1.0,1.0
/m/03nb5v,/people/person/profession,/m/02hrh1q,1.0,1.0
/m/02mqc4,/people/person/profession,/m/02hrh1q,1.0,1.0
/m/044f7,/people/person/places_lived./people/place_lived/location,/m/02_286,1.0,1.0
/m/04jwp,/people/person/spouse_s./people/marriage/type_of_union,/m/04ztj,1.0,1.0
/m/026l37,/people/person/profession,/m/02hrh1q,1.0,1.0
/m/03cxsvl,/people/person/profession,/m/02jknp,1.0,1.0
/m/01vrlr4,/people/person/profession,/m/02hv44_,1.0,1.0
/m/02h8hr,/people/person/nationality,/m/03_3d,1.0,1.0
/m/01vrlqd,/people/person/profession,/m/02hrh1q,1.0,1.0
/m/052gzr,/people/person/spouse_s./people/marriage/type_of_union,/m/04ztj,1.0,1.0
/m/041rx,/people/ethnicity/people,/m/05cx7x,1.0,1.0
/m/02tk74,/people/person/nationality,/m/02jx1,1.0,1.0
/m/02q6cv4,/people/person/profession,/m/02hrh1q,1.0,1.0
/m/058vfp4,/people/deceased_person/place_of_death,/m/030qb3t,1.0,1.0
/m/02pk6x,/people/person/profession,/m/02hrh1q,1.0,1.0
/m/03wpmd,/people/person/place_of_birth,/m/04vmp,1.0,1.0
/m/04w1j9,/people/person/place_of_birth,/m/02_286,1.0,1.0
/m/034qg,/people/cause_of_death/people,/m/03d_zl4,1.0,1.0
/m/03y82t6,/people/person/profession,/m/02hrh1q,1.0,1.0
/m/01wjrn,/people/person/place_of_birth,/m/02_286,1.0,1.0
/m/02cx72,/people/person/place_of_birth,/m/059rby,1.0,1.0
/m/03nkts,/people/person/profession,/m/02hrh1q,1.0,1.0
/m/04l_pt,/people/ethnicity/languages_spoken,/m/0459q4,1.0,1.0
/m/02xs5v,/people/person/spouse_s./people/marriage/type_of_union,/m/04ztj,1.0,1.0
/m/03z0l6,/people/person/place_of_birth,/m/04jpl,1.0,1.0
/m/04vq3h,/people/person/spouse_s./people/marriage/type_of_union,/m/04ztj,1.0,1.0
/m/01wj5hp,/people/person/religion,/m/03j6c,1.0,1.0
/m/033tf_,/people/ethnicity/people,/m/039crh,1.0,1.0
/m/02xgdv,/people/deceased_person/place_of_death,/m/04vmp,1.0,1.0
/m/01xndd,/people/person/profession,/m/02hrh1q,1.0,1.0
/m/02yygk,/people/person/profession,/m/02hrh1q,1.0,1.0
/m/02_p8v,/people/deceased_person/place_of_death,/m/04jpl,1.0,1.0
/m/03n6r,/people/person/places_lived./people/place_lived/location,/m/02_286,1.0,1.0
/m/03xx9l,/people/person/spouse_s./people/marriage/type_of_union,/m/04ztj,1.0,1.0
/m/0453t,/people/person/spouse_s./people/marriage/type_of_union,/m/04ztj,1.0,1.0
/m/031sg0,/people/person/spouse_s./people/marriage/type_of_union,/m/04ztj,1.0,1.0
/m/02tn0_,/people/person/profession,/m/02jknp,1.0,1.0
/m/026b7bz,/people/person/gender,/m/02zsn,1.0,1.0
/m/02wyc0,/people/person/profession,/m/02hrh1q,1.0,1.0
/m/0308kx,/people/person/spouse_s./people/marriage/type_of_union,/m/04ztj,1.0,1.0
/m/02p65p,/people/person/place_of_birth,/m/04f_d,1.0,1.0
/m/02m501,/people/person/profession,/m/02hrh1q,1.0,1.0
/m/04xzm,/people/person/spouse_s./people/marriage/type_of_union,/m/04ztj,1.0,1.0
/m/048s0r,/people/person/profession,/m/03gjzk,1.0,1.0
/m/02b29,/people/person/profession,/m/02jknp,1.0,1.0
/m/02k6hp,/people/cause_of_death/people,/m/02jxsq,1.0,1.0
/m/02s58t,/people/deceased_person/place_of_death,/m/056_y,1.0,1.0
/m/02j4sk,/people/person/spouse_s./people/marriage/type_of_union,/m/04ztj,1.0,1.0
/m/044mrh,/people/person/spouse_s./people/marriage/type_of_union,/m/04ztj,1.0,1.0
/m/04ztj,/people/marriage_union_type/unions_of_this_type./people/marriage/location_of_ceremony,/m/04v3q,1.0,1.0
/m/01w60_p,/people/person/profession,/m/039v1,1.0,1.0
/m/04j0s3,/people/person/profession,/m/03gjzk,1.0,1.0
/m/04ztj,/people/marriage_union_type/unions_of_this_type./people/marriage/location_of_ceremony,/m/04kf4,1.0,1.0
/m/024dw0,/people/person/sibling_s./people/sibling_relationship/sibling,/m/0356dp,1.0,1.0
/m/022g44,/people/person/nationality,/m/02jx1,1.0,1.0
/m/037d35,/people/person/spouse_s./people/marriage/type_of_union,/m/04ztj,1.0,1.0
/m/04b19t,/people/person/spouse_s./people/marriage/type_of_union,/m/04ztj,1.0,1.0
/m/02t_st,/people/person/spouse_s./people/marriage/type_of_union,/m/04ztj,1.0,1.0
/m/01v40wd,/people/person/spouse_s./people/marriage/spouse,/m/01vxlbm,1.0,1.0
/m/04954,/people/person/spouse_s./people/marriage/spouse,/m/059fjj,1.0,1.0
/m/0239zv,/people/person/profession,/m/02jknp,1.0,1.0
/m/033p3_,/people/person/religion,/m/051kv,1.0,1.0
/m/03_48k,/people/person/profession,/m/02hrh1q,1.0,1.0
/m/02ctzb,/people/ethnicity/people,/m/05hks,1.0,1.0
/m/033tf_,/people/ethnicity/people,/m/0227tr,1.0,1.0
/m/04d_mtq,/people/person/profession,/m/02hrh1q,1.0,1.0
/m/0205dx,/people/person/profession,/m/02hrh1q,1.0,1.0
/m/02760sl,/people/person/gender,/m/02zsn,1.0,1.0
/m/03xp8d5,/people/person/profession,/m/02jknp,1.0,1.0
/m/0448r,/people/person/places_lived./people/place_lived/location,/m/04jpl,1.0,1.0
/m/03lmx1,/people/ethnicity/people,/m/02184q,1.0,1.0
/m/03dq9,/people/person/nationality,/m/02jx1,1.0,1.0
/m/0222qb,/people/ethnicity/people,/m/04lg6,1.0,1.0
/m/02pp_q_,/people/person/profession,/m/02jknp,1.0,1.0
/m/01wz3cx,/people/person/gender,/m/02zsn,1.0,1.0
/m/04t38b,/people/person/spouse_s./people/marriage/type_of_union,/m/04ztj,1.0,1.0
/m/05fnl9,/people/person/profession,/m/02hrh1q,1.0,1.0
/m/0219q,/people/person/places_lived./people/place_lived/location,/m/059rby,1.0,1.0
/m/01v6480,/people/person/spouse_s./people/marriage/type_of_union,/m/04ztj,1.0,1.0
/m/033tf_,/people/ethnicity/people,/m/04qt29,1.0,1.0
/m/04j_gs,/people/person/places_lived./people/place_lived/location,/m/05k7sb,1.0,1.0
/m/03crmd,/people/person/languages,/m/02bjrlw,1.0,1.0
/m/02r3cn,/people/person/profession,/m/039v1,1.0,1.0
/m/05f2jk,/people/person/profession,/m/02hrh1q,1.0,1.0
/m/04yywz,/people/person/profession,/m/02hrh1q,1.0,1.0
/m/053yx,/people/person/spouse_s./people/marriage/type_of_union,/m/04ztj,1.0,1.0
/m/02vcp0,/people/person/gender,/m/02zsn,1.0,1.0
/m/03f02ct,/people/person/spouse_s./people/marriage/type_of_union,/m/04ztj,1.0,1.0
/m/02778yp,/people/person/profession,/m/02hrh1q,1.0,1.0
/m/026lj,/people/deceased_person/place_of_death,/m/02m77,1.0,1.0
/m/03rgvr,/people/person/places_lived./people/place_lived/location,/m/0214m4,1.0,1.0
/m/027vps,/people/person/places_lived./people/place_lived/location,/m/02_286,1.0,1.0
/m/04xfb,/people/person/profession,/m/04gc2,1.0,1.0
/m/030tj5,/people/person/nationality,/m/02jx1,1.0,1.0
/m/03z509,/people/person/profession,/m/02hrh1q,1.0,1.0
/m/01ts_3,/people/person/profession,/m/02jknp,1.0,1.0
/m/033hqf,/people/person/spouse_s./people/marriage/type_of_union,/m/04ztj,1.0,1.0
/m/03bkbh,/people/ethnicity/people,/m/059t6d,1.0,1.0
/m/0410cp,/people/person/religion,/m/04pk9,1.0,1.0
/m/03n93,/people/deceased_person/place_of_death,/m/03l2n,1.0,1.0
/m/02g8h,/people/person/profession,/m/03gjzk,1.0,1.0
/m/01vsqvs,/people/person/profession,/m/02hrh1q,1.0,1.0
/m/01z0lb,/people/person/profession,/m/02hrh1q,1.0,1.0
/m/05dbf,/people/person/spouse_s./people/marriage/spouse,/m/05cljf,1.0,1.0
/m/04p3w,/people/cause_of_death/people,/m/04g_wd,1.0,1.0
/m/01wk7ql,/people/person/nationality,/m/02jx1,1.0,1.0
/m/02b29,/people/person/profession,/m/03gjzk,1.0,1.0
/m/021lby,/people/person/profession,/m/02krf9,1.0,1.0
/m/01trf3,/people/person/place_of_birth,/m/03pzf,1.0,1.0
/m/029m83,/people/person/religion,/m/03_gx,1.0,1.0
/m/04vrxh,/people/person/spouse_s./people/marriage/type_of_union,/m/04ztj,1.0,1.0
/m/0301bq,/people/person/places_lived./people/place_lived/location,/m/02_286,1.0,1.0
/m/04kr63w,/people/person/gender,/m/02zsn,1.0,1.0
/m/02p65p,/people/person/profession,/m/03gjzk,1.0,1.0
/m/04lp8k,/people/person/gender,/m/02zsn,1.0,1.0
/m/02v406,/people/person/spouse_s./people/marriage/type_of_union,/m/04ztj,1.0,1.0
/m/03f02ct,/people/person/places_lived./people/place_lived/location,/m/04vmp,1.0,1.0
/m/04_by,/people/person/gender,/m/02zsn,1.0,1.0
/m/02pp_q_,/people/person/profession,/m/02hrh1q,1.0,1.0
/m/03fwln,/people/person/nationality,/m/03rk0,1.0,1.0
/m/03g5_y,/people/person/profession,/m/02hrh1q,1.0,1.0
/m/03h_fk5,/people/person/spouse_s./people/marriage/type_of_union,/m/04ztj,1.0,1.0
/m/04ztj,/people/marriage_union_type/unions_of_this_type./people/marriage/location_of_ceremony,/m/035qy,1.0,1.0
/m/02d4ct,/people/person/profession,/m/02hrh1q,1.0,1.0
/m/05j0wc,/people/person/spouse_s./people/marriage/type_of_union,/m/04ztj,1.0,1.0
/m/03rl84,/people/person/places_lived./people/place_lived/location,/m/030qb3t,1.0,1.0
/m/01vsl3_,/people/person/places_lived./people/place_lived/location,/m/04lh6,1.0,1.0
/m/03ckxdg,/people/person/profession,/m/02jknp,1.0,1.0
/m/03m3nzf,/people/person/spouse_s./people/marriage/type_of_union,/m/04ztj,1.0,1.0
/m/041rx,/people/ethnicity/people,/m/01vhrz,1.0,1.0
/m/03cvv4,/people/person/profession,/m/02hrh1q,1.0,1.0
/m/04vzv4,/people/person/profession,/m/026sdt1,1.0,1.0
/m/02wyc0,/people/person/languages,/m/02h40lc,1.0,1.0
/m/05dtwm,/people/person/spouse_s./people/marriage/type_of_union,/m/04ztj,1.0,1.0
/m/0584j4n,/people/deceased_person/place_of_death,/m/030qb3t,1.0,1.0
/m/04x1_w,/people/person/nationality,/m/03rt9,1.0,1.0
/m/03hzkq,/people/person/profession,/m/02krf9,1.0,1.0
/m/034zc0,/people/person/profession,/m/02hrh1q,1.0,1.0
/m/03llf8,/people/person/profession,/m/02dsz,1.0,1.0
/m/0244r8,/people/person/spouse_s./people/marriage/type_of_union,/m/04ztj,1.0,1.0
/m/04h68j,/people/person/spouse_s./people/marriage/type_of_union,/m/04ztj,1.0,1.0
/m/02404v,/people/person/profession,/m/02jknp,1.0,1.0
/m/01w_10,/people/person/spouse_s./people/marriage/type_of_union,/m/04ztj,1.0,1.0
/m/041rx,/people/ethnicity/people,/m/059y0,1.0,1.0
/m/01wc7p,/people/person/languages,/m/02h40lc,1.0,1.0
/m/041rx,/people/ethnicity/people,/m/023361,1.0,1.0
/m/0326tc,/people/person/place_of_birth,/m/049kw,1.0,1.0
/m/056wb,/people/person/profession,/m/02jknp,1.0,1.0
/m/032_jg,/people/person/languages,/m/02h40lc,1.0,1.0
/m/027zz,/people/person/spouse_s./people/marriage/type_of_union,/m/04ztj,1.0,1.0
/m/03bkbh,/people/ethnicity/people,/m/01tzm9,1.0,1.0
/m/03f0vvr,/people/person/profession,/m/02hrh1q,1.0,1.0
/m/029rk,/people/person/places_lived./people/place_lived/location,/m/0345h,1.0,1.0
/m/02h9_l,/people/person/profession,/m/02hrh1q,1.0,1.0
/m/03_1pg,/people/person/profession,/m/02hrh1q,1.0,1.0
/m/02xfrd,/people/person/profession,/m/02hrh1q,1.0,1.0
/m/01w0yrc,/people/person/spouse_s./people/marriage/type_of_union,/m/04ztj,1.0,1.0
/m/02ql_ms,/people/person/profession,/m/02hrh1q,1.0,1.0
/m/02lf70,/people/person/languages,/m/02h40lc,1.0,1.0
/m/026l37,/people/person/spouse_s./people/marriage/type_of_union,/m/04ztj,1.0,1.0
/m/01vs14j,/people/person/places_lived./people/place_lived/location,/m/01xd9,1.0,1.0
/m/02jt1k,/people/person/profession,/m/02hrh1q,1.0,1.0
/m/03kxdw,/people/person/spouse_s./people/marriage/type_of_union,/m/04ztj,1.0,1.0
/m/04znsy,/people/person/languages,/m/02h40lc,1.0,1.0
/m/03f7m4h,/people/person/profession,/m/02hrh1q,1.0,1.0
/m/03wh8pq,/people/person/profession,/m/02krf9,1.0,1.0
/m/03f2_rc,/people/person/spouse_s./people/marriage/spouse,/m/02xwgr,1.0,1.0
/m/03zrp,/people/person/spouse_s./people/marriage/type_of_union,/m/04ztj,1.0,1.0
/m/048z7l,/people/ethnicity/people,/m/04y8r,1.0,1.0
/m/02_pft,/people/person/profession,/m/02hrh1q,1.0,1.0
/m/02_hj4,/people/person/places_lived./people/place_lived/location,/m/02_286,1.0,1.0
/m/03ym1,/people/person/languages,/m/02h40lc,1.0,1.0
/m/03m_k0,/people/person/profession,/m/02jknp,1.0,1.0
/m/0333wf,/people/person/profession,/m/02hrh1q,1.0,1.0
/m/0484q,/people/person/spouse_s./people/marriage/spouse,/m/01w02sy,1.0,1.0
/m/03_x5t,/people/person/gender,/m/02zsn,1.0,1.0
/m/026_dq6,/people/person/place_of_birth,/m/030qb3t,1.0,1.0
/m/02vmzp,/people/deceased_person/place_of_death,/m/04vmp,1.0,1.0
/m/04j5fx,/people/person/nationality,/m/03_3d,1.0,1.0
/m/0487c3,/people/person/spouse_s./people/marriage/type_of_union,/m/04ztj,1.0,1.0
/m/027ht3n,/people/person/profession,/m/02hrh1q,1.0,1.0
/m/02l4rh,/people/person/gender,/m/02zsn,1.0,1.0
/m/0250f,/people/person/profession,/m/02jknp,1.0,1.0
/m/04gvt5,/people/person/places_lived./people/place_lived/location,/m/02_286,1.0,1.0
/m/02vsw1,/people/ethnicity/people,/m/0408np,1.0,1.0
/m/0350l7,/people/person/spouse_s./people/marriage/type_of_union,/m/04ztj,1.0,1.0
/m/039g82,/people/person/profession,/m/02hrh1q,1.0,1.0
/m/02l3_5,/people/person/place_of_birth,/m/02j3w,1.0,1.0
/m/02hy5d,/people/person/places_lived./people/place_lived/location,/m/02dtg,1.0,1.0
/m/02rmxx,/people/person/gender,/m/02zsn,1.0,1.0
/m/041ly3,/people/person/spouse_s./people/marriage/type_of_union,/m/04ztj,1.0,1.0
/m/03gr7w,/people/person/spouse_s./people/marriage/type_of_union,/m/04ztj,1.0,1.0
/m/02tk74,/people/person/places_lived./people/place_lived/location,/m/04jpl,1.0,1.0
/m/056rgc,/people/person/places_lived./people/place_lived/location,/m/02_286,1.0,1.0
/m/0277c3,/people/person/profession,/m/04f2zj,1.0,1.0
/m/02cvp8,/people/person/profession,/m/02hrh1q,1.0,1.0
/m/03j24kf,/people/person/profession,/m/02hrh1q,1.0,1.0
/m/02tr7d,/people/person/spouse_s./people/marriage/type_of_union,/m/04ztj,1.0,1.0
/m/04h6mm,/people/person/profession,/m/02jknp,1.0,1.0
/m/025p38,/people/person/gender,/m/02zsn,1.0,1.0
/m/0232lm,/people/person/places_lived./people/place_lived/location,/m/02_286,1.0,1.0
/m/01wk51,/people/person/place_of_birth,/m/02_286,1.0,1.0
/m/042ly5,/people/person/spouse_s./people/marriage/type_of_union,/m/04ztj,1.0,1.0
/m/021yzs,/people/person/places_lived./people/place_lived/location,/m/04jpl,1.0,1.0
/m/01vrnsk,/people/person/profession,/m/02jknp,1.0,1.0
/m/02f2dn,/people/person/place_of_birth,/m/04jpl,1.0,1.0
/m/0274ck,/people/person/place_of_birth,/m/01vqq1,1.0,1.0
/m/027dtv3,/people/person/places_lived./people/place_lived/location,/m/04jpl,1.0,1.0
/m/02lf70,/people/person/profession,/m/02hrh1q,1.0,1.0
/m/026xt5c,/people/person/profession,/m/02ynfr,1.0,1.0
/m/037s5h,/people/person/spouse_s./people/marriage/type_of_union,/m/04ztj,1.0,1.0
/m/04psyp,/people/person/profession,/m/02hrh1q,1.0,1.0
/m/033tf_,/people/ethnicity/people,/m/026r8q,1.0,1.0
/m/02lt8,/people/person/spouse_s./people/marriage/type_of_union,/m/04ztj,1.0,1.0
/m/01wlt3k,/people/person/profession,/m/02hrh1q,1.0,1.0
/m/053j4w4,/people/deceased_person/place_of_death,/m/030qb3t,1.0,1.0
/m/02knxx,/people/cause_of_death/people,/m/02x0bdb,1.0,1.0
/m/02qdymm,/people/deceased_person/place_of_death,/m/0281rp,1.0,1.0
/m/049l7,/people/person/profession,/m/02jknp,1.0,1.0
/m/0336mc,/people/person/spouse_s./people/marriage/type_of_union,/m/04ztj,1.0,1.0
/m/048z7l,/people/ethnicity/people,/m/0333wf,1.0,1.0
/m/021yw7,/people/person/profession,/m/02hrh1q,1.0,1.0
/m/02yplc,/people/person/profession,/m/02hrh1q,1.0,1.0
/m/04pwg,/people/person/spouse_s./people/marriage/type_of_union,/m/04ztj,1.0,1.0
/m/02_n5d,/people/person/profession,/m/03gjzk,1.0,1.0
/m/021j72,/people/person/nationality,/m/03rk0,1.0,1.0
/m/0382m4,/people/person/spouse_s./people/marriage/type_of_union,/m/04ztj,1.0,1.0
/m/01vzz1c,/people/person/places_lived./people/place_lived/location,/m/04jpl,1.0,1.0
/m/01xhh5,/people/ethnicity/people,/m/02_4fn,1.0,1.0
/m/02w7gg,/people/ethnicity/people,/m/02fz3w,1.0,1.0
/m/02ghq,/people/person/spouse_s./people/marriage/type_of_union,/m/04ztj,1.0,1.0
/m/01w524f,/people/person/nationality,/m/02jx1,1.0,1.0
/m/02s2wq,/people/person/places_lived./people/place_lived/location,/m/02xry,1.0,1.0
/m/0408np,/people/person/languages,/m/02h40lc,1.0,1.0
/m/02k6hp,/people/cause_of_death/people,/m/04__f,1.0,1.0
/m/045zr,/people/person/spouse_s./people/marriage/spouse,/m/02qtywd,1.0,1.0
/m/02q_cc,/people/person/employment_history./business/employment_tenure/company,/m/030_1_,1.0,1.0
/m/0227tr,/people/person/places_lived./people/place_lived/location,/m/059rby,1.0,1.0
/m/01xcfy,/people/person/profession,/m/02hrh1q,1.0,1.0
/m/01vlj1g,/people/person/places_lived./people/place_lived/location,/m/02_286,1.0,1.0
/m/01vzz1c,/people/person/place_of_birth,/m/022tq4,1.0,1.0
/m/023s8,/people/person/places_lived./people/place_lived/location,/m/04ykg,1.0,1.0
/m/02y0js,/people/cause_of_death/people,/m/02c7lt,1.0,1.0
/m/023kzp,/people/person/places_lived./people/place_lived/location,/m/030qb3t,1.0,1.0
/m/03_2td,/people/person/spouse_s./people/marriage/type_of_union,/m/04ztj,1.0,1.0
/m/041rx,/people/ethnicity/people,/m/044ntk,1.0,1.0
/m/03d6q,/people/person/spouse_s./people/marriage/type_of_union,/m/04ztj,1.0,1.0
/m/049_zz,/people/person/places_lived./people/place_lived/location,/m/02_286,1.0,1.0
/m/02bfxb,/people/person/profession,/m/025352,1.0,1.0
/m/035sc2,/people/person/profession,/m/02hrh1q,1.0,1.0
/m/02qhm3,/people/person/gender,/m/02zsn,1.0,1.0
/m/02y0js,/people/cause_of_death/people,/m/044kwr,1.0,1.0
/m/03fbb6,/people/person/profession,/m/02hrh1q,1.0,1.0
/m/03xgm3,/people/person/place_of_birth,/m/02frhbc,1.0,1.0
/m/02s6sh,/people/person/places_lived./people/place_lived/location,/m/01zmqw,1.0,1.0
/m/02kxbwx,/people/person/spouse_s./people/marriage/type_of_union,/m/04ztj,1.0,1.0
/m/01wrcxr,/people/person/places_lived./people/place_lived/location,/m/02dtg,1.0,1.0
/m/0222qb,/people/ethnicity/people,/m/0383f,1.0,1.0
/m/052hl,/people/person/profession,/m/025352,1.0,1.0
/m/03d_zl4,/people/person/places_lived./people/place_lived/location,/m/01x73,1.0,1.0
/m/020fgy,/people/deceased_person/place_of_death,/m/030qb3t,1.0,1.0
/m/02vg0,/people/person/profession,/m/02hrh1q,1.0,1.0
/m/03m_k0,/people/person/profession,/m/03gjzk,1.0,1.0
/m/03jj93,/people/person/profession,/m/02jknp,1.0,1.0
/m/02ktrs,/people/person/profession,/m/02hrh1q,1.0,1.0
/m/022q4j,/people/person/place_of_birth,/m/02_286,1.0,1.0
/m/03x22w,/people/person/profession,/m/02hrh1q,1.0,1.0
/m/03_80b,/people/person/profession,/m/02hrh1q,1.0,1.0
/m/05dxl_,/people/person/place_of_birth,/m/02cl1,1.0,1.0
/m/03w9bjf,/people/ethnicity/languages_spoken,/m/03k50,1.0,1.0
/m/02dbn2,/people/person/spouse_s./people/marriage/type_of_union,/m/04ztj,1.0,1.0
/m/04t38b,/people/person/profession,/m/02jknp,1.0,1.0
/m/01vq3nl,/people/deceased_person/place_of_death,/m/030qb3t,1.0,1.0
/m/04ztj,/people/marriage_union_type/unions_of_this_type./people/marriage/location_of_ceremony,/m/04bz2f,1.0,1.0
/m/0347xl,/people/person/profession,/m/02hrh1q,1.0,1.0
/m/01yf85,/people/person/gender,/m/02zsn,1.0,1.0
/m/0309jm,/people/person/profession,/m/03gjzk,1.0,1.0
/m/01vvyd8,/people/person/religion,/m/051kv,1.0,1.0
/m/04gtdnh,/people/person/gender,/m/02zsn,1.0,1.0
/m/03bkbh,/people/ethnicity/people,/m/03hy3g,1.0,1.0
/m/028k57,/people/person/profession,/m/02jknp,1.0,1.0
/m/022g44,/people/person/spouse_s./people/marriage/type_of_union,/m/04ztj,1.0,1.0
/m/01wgjj5,/people/person/spouse_s./people/marriage/type_of_union,/m/04ztj,1.0,1.0
/m/048cl,/people/deceased_person/place_of_death,/m/04jpl,1.0,1.0
/m/0227tr,/people/person/profession,/m/02hrh1q,1.0,1.0
/m/03f0qd7,/people/person/profession,/m/02hrh1q,1.0,1.0
/m/03fykz,/people/person/spouse_s./people/marriage/type_of_union,/m/04ztj,1.0,1.0
/m/036c_0,/people/person/profession,/m/02krf9,1.0,1.0
/m/04cmrt,/people/person/languages,/m/02h40lc,1.0,1.0
/m/02k21g,/people/person/places_lived./people/place_lived/location,/m/030qb3t,1.0,1.0
/m/01x72k,/people/person/spouse_s./people/marriage/location_of_ceremony,/m/03rjj,1.0,1.0
/m/04dbw3,/people/ethnicity/people,/m/022q4j,1.0,1.0
/m/02wh0,/people/person/nationality,/m/0345h,1.0,1.0
/m/02yl42,/people/person/places_lived./people/place_lived/location,/m/059rby,1.0,1.0
/m/02ctzb,/people/ethnicity/people,/m/03_nq,1.0,1.0
/m/041rx,/people/ethnicity/people,/m/01zfmm,1.0,1.0
/m/046rfv,/people/person/profession,/m/02t8yb,1.0,1.0
/m/030tjk,/people/person/profession,/m/03gjzk,1.0,1.0
/m/02p7_k,/people/person/spouse_s./people/marriage/type_of_union,/m/04ztj,1.0,1.0
/m/0432cd,/people/person/profession,/m/02hrh1q,1.0,1.0
/m/02pq9yv,/people/person/nationality,/m/02jx1,1.0,1.0
/m/0420y,/people/person/place_of_birth,/m/03902,1.0,1.0
/m/05hj0n,/people/person/profession,/m/02hrh1q,1.0,1.0
/m/05gp3x,/people/person/profession,/m/03gjzk,1.0,1.0
/m/03yk8z,/people/person/places_lived./people/place_lived/location,/m/05fkf,1.0,1.0
/m/01wc7p,/people/person/spouse_s./people/marriage/type_of_union,/m/04ztj,1.0,1.0
/m/04g_wd,/people/person/profession,/m/02jknp,1.0,1.0
/m/02f93t,/people/person/nationality,/m/02jx1,1.0,1.0
/m/022_q8,/people/person/languages,/m/02h40lc,1.0,1.0
/m/04pz5c,/people/person/profession,/m/03gjzk,1.0,1.0
/m/03d_w3h,/people/person/gender,/m/02zsn,1.0,1.0
/m/01tv3x2,/people/person/profession,/m/02jknp,1.0,1.0
/m/02p8v8,/people/person/profession,/m/02hrh1q,1.0,1.0
/m/02ctzb,/people/ethnicity/people,/m/04vzv4,1.0,1.0
/m/0444x,/people/person/spouse_s./people/marriage/type_of_union,/m/04ztj,1.0,1.0
/m/0282x,/people/person/profession,/m/02hv44_,1.0,1.0
/m/04bdxl,/people/person/spouse_s./people/marriage/type_of_union,/m/04ztj,1.0,1.0
/m/04mlh8,/people/person/place_of_birth,/m/03l2n,1.0,1.0
/m/03_x5t,/people/person/places_lived./people/place_lived/location,/m/030qb3t,1.0,1.0
/m/01vrnsk,/people/person/profession,/m/025352,1.0,1.0
/m/04wp2p,/people/person/profession,/m/02jknp,1.0,1.0
/m/050z2,/people/person/spouse_s./people/marriage/type_of_union,/m/04ztj,1.0,1.0
/m/02__ww,/people/person/profession,/m/02hrh1q,1.0,1.0
/m/0232lm,/people/person/profession,/m/05kb8h,1.0,1.0
/m/0202p_,/people/person/place_of_birth,/m/04jpl,1.0,1.0
/m/025b5y,/people/person/religion,/m/058x5,1.0,1.0
/m/01wqflx,/people/person/spouse_s./people/marriage/type_of_union,/m/04ztj,1.0,1.0
/m/028rk,/people/person/spouse_s./people/marriage/type_of_union,/m/04ztj,1.0,1.0
/m/046mxj,/people/person/spouse_s./people/marriage/type_of_union,/m/04ztj,1.0,1.0
/m/02h9_l,/people/person/spouse_s./people/marriage/type_of_union,/m/04ztj,1.0,1.0
/m/03pm9,/people/person/spouse_s./people/marriage/type_of_union,/m/04ztj,1.0,1.0
/m/0478__m,/people/person/profession,/m/02hrh1q,1.0,1.0
/m/02yygk,/people/person/spouse_s./people/marriage/type_of_union,/m/04ztj,1.0,1.0
/m/023t0q,/people/person/nationality,/m/03shp,1.0,1.0
/m/04ztj,/people/marriage_union_type/unions_of_this_type./people/marriage/location_of_ceremony,/m/04jpl,1.0,1.0
/m/033jkj,/people/person/places_lived./people/place_lived/location,/m/030qb3t,1.0,1.0
/m/0451j,/people/person/profession,/m/02hrh1q,1.0,1.0
/m/01zwy,/people/person/places_lived./people/place_lived/location,/m/03v_5,1.0,1.0
/m/01wwvd2,/people/person/spouse_s./people/marriage/type_of_union,/m/04ztj,1.0,1.0
/m/02pqgt8,/people/person/gender,/m/02zsn,1.0,1.0
/m/01tzm9,/people/person/profession,/m/02hrh1q,1.0,1.0
/m/01wg982,/people/person/profession,/m/02jknp,1.0,1.0
/m/033tf_,/people/ethnicity/people,/m/03pp73,1.0,1.0
/m/040dv,/people/person/languages,/m/02h40lc,1.0,1.0
/m/01xsc9,/people/person/place_of_birth,/m/04jpl,1.0,1.0
/m/01wvxw1,/people/person/spouse_s./people/marriage/type_of_union,/m/04ztj,1.0,1.0
/m/02g5bf,/people/person/sibling_s./people/sibling_relationship/sibling,/m/0239zv,1.0,1.0
/m/02lg3y,/people/person/gender,/m/02zsn,1.0,1.0
/m/03crmd,/people/person/languages,/m/02h40lc,1.0,1.0
/m/01w8sf,/people/person/nationality,/m/02jx1,1.0,1.0
/m/046zh,/people/person/languages,/m/02h40lc,1.0,1.0
/m/02y7sr,/people/person/profession,/m/039v1,1.0,1.0
/m/032wdd,/people/person/places_lived./people/place_lived/location,/m/02_286,1.0,1.0
/m/03l3ln,/people/person/profession,/m/02hrh1q,1.0,1.0
/m/01wmxfs,/people/person/profession,/m/02hrh1q,1.0,1.0
/m/03359d,/people/person/places_lived./people/place_lived/location,/m/030qb3t,1.0,1.0
/m/03h502k,/people/person/profession,/m/02jknp,1.0,1.0
/m/04n7gc6,/people/person/gender,/m/02zsn,1.0,1.0
/m/029h45,/people/deceased_person/place_of_death,/m/02_286,1.0,1.0
/m/043tg,/people/person/spouse_s./people/marriage/type_of_union,/m/04ztj,1.0,1.0
/m/0561xh,/people/person/nationality,/m/03rk0,1.0,1.0
/m/033qxt,/people/ethnicity/languages_spoken,/m/03hkp,1.0,1.0
/m/04bdlg,/people/person/nationality,/m/03_3d,1.0,1.0
/m/02fn5,/people/person/places_lived./people/place_lived/location,/m/02_286,1.0,1.0
/m/02fb1n,/people/person/profession,/m/02hrh1q,1.0,1.0
/m/05g7q,/people/person/profession,/m/04gc2,1.0,1.0
/m/025_nbr,/people/person/profession,/m/026sdt1,1.0,1.0
/m/056rgc,/people/person/profession,/m/02hrh1q,1.0,1.0
/m/02tk74,/people/person/spouse_s./people/marriage/type_of_union,/m/04ztj,1.0,1.0
/m/01ty4,/people/person/profession,/m/04s2z,1.0,1.0
/m/04p3w,/people/cause_of_death/people,/m/03q95r,1.0,1.0
/m/01vyv9,/people/person/profession,/m/02krf9,1.0,1.0
/m/04wqr,/people/person/gender,/m/02zsn,1.0,1.0
/m/01vrkdt,/people/person/profession,/m/039v1,1.0,1.0
/m/034q3l,/people/person/profession,/m/02hrh1q,1.0,1.0
/m/022g44,/people/person/profession,/m/02krf9,1.0,1.0
/m/0456xp,/people/person/gender,/m/02zsn,1.0,1.0
/m/0372kf,/people/person/profession,/m/02hrh1q,1.0,1.0
/m/027cxsm,/people/person/profession,/m/02hrh1q,1.0,1.0
/m/03cfjg,/people/person/places_lived./people/place_lived/location,/m/04tgp,1.0,1.0
/m/023322,/people/person/nationality,/m/02jx1,1.0,1.0
/m/059j4x,/people/person/places_lived./people/place_lived/location,/m/02xry,1.0,1.0
/m/03h40_7,/people/person/place_of_birth,/m/02dtg,1.0,1.0
/m/0534v,/people/person/profession,/m/02jknp,1.0,1.0
/m/03q45x,/people/person/spouse_s./people/marriage/spouse,/m/03q43g,1.0,1.0
/m/0444x,/people/person/place_of_birth,/m/030qb3t,1.0,1.0
/m/040wdl,/people/person/spouse_s./people/marriage/type_of_union,/m/04ztj,1.0,1.0
/m/01z5tr,/people/person/places_lived./people/place_lived/location,/m/02_286,1.0,1.0
/m/043cl9,/people/person/religion,/m/03j6c,1.0,1.0
/m/02lp3c,/people/person/place_of_birth,/m/02_286,1.0,1.0
/m/033tf_,/people/ethnicity/people,/m/033jkj,1.0,1.0
/m/034bgm,/people/person/profession,/m/02hrh1q,1.0,1.0
/m/054bt3,/people/person/nationality,/m/02jx1,1.0,1.0
/m/02xgdv,/people/person/places_lived./people/place_lived/location,/m/04vmp,1.0,1.0
/m/03dbds,/people/person/profession,/m/02hrh1q,1.0,1.0
/m/01w58n3,/people/person/languages,/m/02h40lc,1.0,1.0
/m/022dp5,/people/ethnicity/people,/m/01wk51,1.0,1.0
/m/01x72k,/people/person/languages,/m/02h40lc,1.0,1.0
/m/050llt,/people/person/places_lived./people/place_lived/location,/m/049lr,1.0,1.0
/m/043hg,/people/person/profession,/m/02jknp,1.0,1.0
/m/04myfb7,/people/person/spouse_s./people/marriage/type_of_union,/m/04ztj,1.0,1.0
/m/041rx,/people/ethnicity/people,/m/05gp3x,1.0,1.0
/m/02w9895,/people/person/gender,/m/02zsn,1.0,1.0
/m/042q3,/people/person/profession,/m/04gc2,1.0,1.0
/m/02773m2,/people/person/profession,/m/03gjzk,1.0,1.0
/m/048z7l,/people/ethnicity/people,/m/04bdqk,1.0,1.0
/m/02jxsq,/people/person/places_lived./people/place_lived/location,/m/04vmp,1.0,1.0
/m/022g44,/people/person/profession,/m/02jknp,1.0,1.0
/m/03rl84,/people/person/places_lived./people/place_lived/location,/m/02jx1,1.0,1.0
/m/02m92h,/people/person/profession,/m/02krf9,1.0,1.0
/m/03hhd3,/people/person/spouse_s./people/marriage/type_of_union,/m/04ztj,1.0,1.0
/m/01wv9p,/people/person/profession,/m/02hrh1q,1.0,1.0
/m/01wrcxr,/people/person/place_of_birth,/m/02dtg,1.0,1.0
/m/02jxmr,/people/person/spouse_s./people/marriage/type_of_union,/m/04ztj,1.0,1.0
/m/05hjmd,/people/person/spouse_s./people/marriage/type_of_union,/m/04ztj,1.0,1.0
/m/024t0y,/people/person/profession,/m/03gjzk,1.0,1.0
/m/020ffd,/people/person/spouse_s./people/marriage/type_of_union,/m/04ztj,1.0,1.0
/m/02zhkz,/people/person/places_lived./people/place_lived/location,/m/02_286,1.0,1.0
/m/034x61,/people/person/profession,/m/02hrh1q,1.0,1.0
/m/04wvhz,/people/person/place_of_birth,/m/030qb3t,1.0,1.0
/m/03ds3,/people/person/profession,/m/02hrh1q,1.0,1.0
/m/04s430,/people/person/profession,/m/02hrh1q,1.0,1.0
/m/01z7s_,/people/person/profession,/m/02krf9,1.0,1.0
/m/0521d_3,/people/person/place_of_birth,/m/02_286,1.0,1.0
/m/04flrx,/people/person/nationality,/m/059j2,1.0,1.0
/m/02vsw1,/people/ethnicity/languages_spoken,/m/04306rv,1.0,1.0
/m/0241wg,/people/person/languages,/m/055qm,1.0,1.0
/m/03f22dp,/people/person/spouse_s./people/marriage/type_of_union,/m/04ztj,1.0,1.0
/m/04jlgp,/people/person/gender,/m/02zsn,1.0,1.0
/m/04fzk,/people/person/profession,/m/02hrh1q,1.0,1.0
/m/01wg25j,/people/person/spouse_s./people/marriage/type_of_union,/m/04ztj,1.0,1.0
/m/02wyc0,/people/person/nationality,/m/03rk0,1.0,1.0
/m/02sch9,/people/ethnicity/languages_spoken,/m/02hxcvy,1.0,1.0
/m/03nyts,/people/person/nationality,/m/03_3d,1.0,1.0
/m/03f6fl0,/people/person/languages,/m/02h40lc,1.0,1.0
/m/041rx,/people/ethnicity/people,/m/021b_,1.0,1.0
/m/0338g8,/people/person/profession,/m/02hrh1q,1.0,1.0
/m/01wv9p,/people/person/spouse_s./people/marriage/type_of_union,/m/04ztj,1.0,1.0
/m/044mm6,/people/person/profession,/m/02hrh1q,1.0,1.0
/m/05ccxr,/people/person/spouse_s./people/marriage/type_of_union,/m/04ztj,1.0,1.0
/m/01vrlr4,/people/deceased_person/place_of_death,/m/02_286,1.0,1.0
/m/02_n5d,/people/person/places_lived./people/place_lived/location,/m/02_286,1.0,1.0
/m/03hmr_,/people/person/spouse_s./people/marriage/type_of_union,/m/04ztj,1.0,1.0
/m/041rx,/people/ethnicity/people,/m/032md,1.0,1.0
/m/01vw20_,/people/person/spouse_s./people/marriage/type_of_union,/m/04ztj,1.0,1.0
/m/051_y,/people/cause_of_death/people,/m/04jvt,1.0,1.0
/m/03_dj,/people/person/places_lived./people/place_lived/location,/m/01xd9,1.0,1.0
/m/026g801,/people/person/profession,/m/02hrh1q,1.0,1.0
/m/025hzx,/people/person/spouse_s./people/marriage/type_of_union,/m/04ztj,1.0,1.0
/m/01yk13,/people/person/profession,/m/02hrh1q,1.0,1.0
/m/0372p,/people/deceased_person/place_of_death,/m/03pbf,1.0,1.0
/m/01vyp_,/people/person/nationality,/m/02jx1,1.0,1.0
/m/02qlkc3,/people/person/profession,/m/03gjzk,1.0,1.0
/m/0337vz,/people/person/profession,/m/02jknp,1.0,1.0
/m/048z7l,/people/ethnicity/people,/m/02f8lw,1.0,1.0
/m/0277470,/people/person/place_of_birth,/m/02_286,1.0,1.0
/m/02lfp4,/people/person/profession,/m/02hv44_,1.0,1.0
/m/01wphh2,/people/person/nationality,/m/03_3d,1.0,1.0
/m/01vvydl,/people/person/profession,/m/02hrh1q,1.0,1.0
/m/01vz80y,/people/person/places_lived./people/place_lived/location,/m/02_286,1.0,1.0
/m/030b93,/people/person/profession,/m/02jknp,1.0,1.0
/m/02fbpz,/people/person/religion,/m/03j6c,1.0,1.0
/m/02jq1,/people/person/spouse_s./people/marriage/type_of_union,/m/04ztj,1.0,1.0
/m/04m_zp,/people/person/profession,/m/02krf9,1.0,1.0
/m/0465_,/people/person/places_lived./people/place_lived/location,/m/03rjj,1.0,1.0
/m/02k6hp,/people/cause_of_death/people,/m/02dth1,1.0,1.0
/m/041rx,/people/ethnicity/people,/m/03qd_,1.0,1.0
/m/02r3cn,/people/person/spouse_s./people/marriage/type_of_union,/m/04ztj,1.0,1.0
/m/02vxyl5,/people/person/profession,/m/02pjxr,1.0,1.0
/m/03_80b,/people/person/profession,/m/02jknp,1.0,1.0
/m/026w_gk,/people/person/profession,/m/02hrh1q,1.0,1.0
/m/02knxx,/people/cause_of_death/people,/m/01vh18t,1.0,1.0
/m/02qzjj,/people/person/place_of_birth,/m/030qb3t,1.0,1.0
/m/03crmd,/people/person/languages,/m/04306rv,1.0,1.0
/m/02yygk,/people/person/languages,/m/02h40lc,1.0,1.0
/m/03n0q5,/people/deceased_person/place_of_death,/m/04jpl,1.0,1.0
/m/03n0pv,/people/person/profession,/m/025352,1.0,1.0
/m/04gmp_z,/people/person/place_of_birth,/m/04ych,1.0,1.0
/m/05jcn8,/people/person/spouse_s./people/marriage/type_of_union,/m/04ztj,1.0,1.0
/m/0525b,/people/person/profession,/m/02hrh1q,1.0,1.0
/m/02rsz0,/people/person/nationality,/m/02jx1,1.0,1.0
/m/0285c,/people/person/profession,/m/02hrh1q,1.0,1.0
/m/04j0s3,/people/person/place_of_birth,/m/03rk0,1.0,1.0
/m/04n2vgk,/people/person/languages,/m/02h40lc,1.0,1.0
/m/038b_x,/people/person/religion,/m/03j6c,1.0,1.0
/m/043cl9,/people/person/nationality,/m/03rk0,1.0,1.0
/m/0343h,/people/person/profession,/m/02hrh1q,1.0,1.0
/m/01vsps,/people/person/profession,/m/03gjzk,1.0,1.0
/m/048lv,/people/person/places_lived./people/place_lived/location,/m/02_286,1.0,1.0
/m/0311wg,/people/person/spouse_s./people/marriage/type_of_union,/m/04ztj,1.0,1.0
/m/01vswx5,/people/person/nationality,/m/02jx1,1.0,1.0
/m/04v7kt,/people/person/profession,/m/03gjzk,1.0,1.0
/m/01vrlqd,/people/person/profession,/m/02hv44_,1.0,1.0
/m/03jxw,/people/person/spouse_s./people/marriage/type_of_union,/m/04ztj,1.0,1.0
/m/05g3ss,/people/person/languages,/m/02h40lc,1.0,1.0
/m/05bnx3j,/people/person/profession,/m/03gjzk,1.0,1.0
/m/02r34n,/people/person/languages,/m/02h40lc,1.0,1.0
/m/03j367r,/people/person/spouse_s./people/marriage/type_of_union,/m/04ztj,1.0,1.0
/m/03y82t6,/people/person/places_lived./people/place_lived/location,/m/05jbn,1.0,1.0
/m/02pk6x,/people/person/spouse_s./people/marriage/type_of_union,/m/04ztj,1.0,1.0
/m/02x8z_,/people/person/spouse_s./people/marriage/type_of_union,/m/04ztj,1.0,1.0
/m/01vw8mh,/people/person/employment_history./business/employment_tenure/company,/m/02p3cr5,1.0,1.0
/m/03m49ly,/people/person/profession,/m/02tx6q,1.0,1.0
/m/01v42g,/people/person/nationality,/m/02jx1,1.0,1.0
/m/044mjy,/people/person/spouse_s./people/marriage/type_of_union,/m/04ztj,1.0,1.0
/m/038g2x,/people/person/spouse_s./people/marriage/type_of_union,/m/04ztj,1.0,1.0
/m/046m59,/people/person/gender,/m/02zsn,1.0,1.0
/m/03j24kf,/people/person/nationality,/m/02jx1,1.0,1.0
/m/02g3mn,/people/person/spouse_s./people/marriage/type_of_union,/m/04ztj,1.0,1.0
/m/04fkg4,/people/person/religion,/m/03j6c,1.0,1.0
/m/05kfs,/people/person/profession,/m/03gjzk,1.0,1.0
/m/02nwxc,/people/person/gender,/m/02zsn,1.0,1.0
/m/01vsyg9,/people/person/places_lived./people/place_lived/location,/m/01zst8,1.0,1.0
/m/048z7l,/people/ethnicity/people,/m/03rx9,1.0,1.0
/m/04t7ts,/people/person/profession,/m/02hrh1q,1.0,1.0
/m/03c6v3,/people/person/profession,/m/02hrh1q,1.0,1.0
/m/02__94,/people/person/profession,/m/02hrh1q,1.0,1.0
/m/0457w0,/people/person/spouse_s./people/marriage/location_of_ceremony,/m/03_r3,1.0,1.0
/m/02fx3c,/people/person/nationality,/m/02jx1,1.0,1.0
/m/04g4n,/people/person/spouse_s./people/marriage/type_of_union,/m/04ztj,1.0,1.0
/m/03f5spx,/people/person/profession,/m/02hrh1q,1.0,1.0
/m/033tf_,/people/ethnicity/people,/m/04264n,1.0,1.0
/m/03yf3z,/people/person/gender,/m/02zsn,1.0,1.0
/m/02g8h,/people/person/employment_history./business/employment_tenure/company,/m/023znp,1.0,1.0
/m/04d2yp,/people/person/profession,/m/02hrh1q,1.0,1.0
/m/02l0xc,/people/person/spouse_s./people/marriage/type_of_union,/m/04ztj,1.0,1.0
/m/046lt,/people/person/profession,/m/02hrh1q,1.0,1.0
/m/03_2td,/people/person/places_lived./people/place_lived/location,/m/02y9wq,1.0,1.0
/m/02znwv,/people/person/spouse_s./people/marriage/type_of_union,/m/04ztj,1.0,1.0
/m/02qny_,/people/person/spouse_s./people/marriage/type_of_union,/m/04ztj,1.0,1.0
/m/024bbl,/people/person/spouse_s./people/marriage/type_of_union,/m/04ztj,1.0,1.0
/m/03q8ch,/people/person/place_of_birth,/m/02_286,1.0,1.0
/m/044rvb,/people/person/profession,/m/02hrh1q,1.0,1.0
/m/03y82t6,/people/person/profession,/m/039v1,1.0,1.0
/m/038bht,/people/person/profession,/m/03gjzk,1.0,1.0
/m/02nb2s,/people/person/spouse_s./people/marriage/type_of_union,/m/04ztj,1.0,1.0
/m/047jhq,/people/person/profession,/m/02hrh1q,1.0,1.0
/m/041rx,/people/ethnicity/people,/m/023p29,1.0,1.0
/m/01vvb4m,/people/person/profession,/m/02hrh1q,1.0,1.0
/m/03ts0c,/people/ethnicity/people,/m/03zyvw,1.0,1.0
/m/03d_w3h,/people/person/profession,/m/02hrh1q,1.0,1.0
/m/03z509,/people/person/place_of_birth,/m/02_286,1.0,1.0
/m/01wt4wc,/people/person/places_lived./people/place_lived/location,/m/02j3w,1.0,1.0
/m/01vh3r,/people/person/places_lived./people/place_lived/location,/m/059rby,1.0,1.0
/m/02wmbg,/people/person/languages,/m/02h40lc,1.0,1.0
/m/03kxp7,/people/person/profession,/m/02hrh1q,1.0,1.0
/m/047hpm,/people/person/gender,/m/02zsn,1.0,1.0
/m/0227vl,/people/person/place_of_birth,/m/02_286,1.0,1.0
/m/033tf_,/people/ethnicity/people,/m/03kts,1.0,1.0
/m/03dpqd,/people/person/gender,/m/02zsn,1.0,1.0
/m/03f1zhf,/people/person/spouse_s./people/marriage/type_of_union,/m/04ztj,1.0,1.0
/m/02q3bb,/people/person/places_lived./people/place_lived/location,/m/02_286,1.0,1.0
/m/0438pz,/people/person/profession,/m/03gjzk,1.0,1.0
/m/030vmc,/people/person/profession,/m/02jknp,1.0,1.0
/m/021vwt,/people/person/profession,/m/02hrh1q,1.0,1.0
/m/01yf85,/people/person/languages,/m/02h40lc,1.0,1.0
/m/041rx,/people/ethnicity/people,/m/04bs3j,1.0,1.0
/m/026c0p,/people/person/profession,/m/02hrh1q,1.0,1.0
/m/01vyp_,/people/person/spouse_s./people/marriage/type_of_union,/m/04ztj,1.0,1.0
/m/042f1,/people/person/places_lived./people/place_lived/location,/m/05fkf,1.0,1.0
/m/024tj,/people/person/profession,/m/02hrh1q,1.0,1.0
/m/03n6r,/people/person/profession,/m/02hrh1q,1.0,1.0
/m/02cff1,/people/person/gender,/m/02zsn,1.0,1.0
/m/04zqmj,/people/person/profession,/m/02jknp,1.0,1.0
/m/03n0q5,/people/person/place_of_birth,/m/02_286,1.0,1.0
/m/02q_cc,/people/person/spouse_s./people/marriage/spouse,/m/030_3z,1.0,1.0
/m/04bdqk,/people/person/languages,/m/02h40lc,1.0,1.0
/m/028qyn,/people/person/profession,/m/047rgpy,1.0,1.0
/m/041rx,/people/ethnicity/people,/m/03lvyj,1.0,1.0
/m/0241wg,/people/person/place_of_birth,/m/04vmp,1.0,1.0
/m/01ynzf,/people/person/religion,/m/03_gx,1.0,1.0
/m/02q3bb,/people/person/places_lived./people/place_lived/location,/m/02xry,1.0,1.0
/m/02js6_,/people/person/place_of_birth,/m/030qb3t,1.0,1.0
/m/03cdg,/people/person/profession,/m/02hv44_,1.0,1.0
/m/03qmfzx,/people/person/profession,/m/03gjzk,1.0,1.0
/m/049fgvm,/people/person/profession,/m/02krf9,1.0,1.0
/m/026xt5c,/people/person/profession,/m/02krf9,1.0,1.0
/m/04135,/people/person/profession,/m/02hrh1q,1.0,1.0
/m/04rsd2,/people/person/nationality,/m/02jx1,1.0,1.0
/m/04ztj,/people/marriage_union_type/unions_of_this_type./people/marriage/location_of_ceremony,/m/03lrc,1.0,1.0
/m/04fzk,/people/person/nationality,/m/0345h,1.0,1.0
/m/026m0,/people/deceased_person/place_of_death,/m/030qb3t,1.0,1.0
/m/022yb4,/people/person/places_lived./people/place_lived/location,/m/030qb3t,1.0,1.0
/m/03gm48,/people/person/spouse_s./people/marriage/type_of_union,/m/04ztj,1.0,1.0
/m/033tf_,/people/ethnicity/people,/m/0311wg,1.0,1.0
/m/057bc6m,/people/deceased_person/place_of_death,/m/030qb3t,1.0,1.0
/m/02tk74,/people/person/sibling_s./people/sibling_relationship/sibling,/m/03f4w4,1.0,1.0
/m/02dh86,/people/person/spouse_s./people/marriage/type_of_union,/m/04ztj,1.0,1.0
/m/052gzr,/people/person/profession,/m/02jknp,1.0,1.0
/m/04y79_n,/people/person/profession,/m/02hrh1q,1.0,1.0
/m/01wyy_,/people/person/profession,/m/02jknp,1.0,1.0
/m/02l4pj,/people/person/profession,/m/02hrh1q,1.0,1.0
/m/02qx5h,/people/person/spouse_s./people/marriage/type_of_union,/m/04ztj,1.0,1.0
/m/05bnq3j,/people/person/profession,/m/03gjzk,1.0,1.0
/m/04h6mm,/people/person/profession,/m/02hrh1q,1.0,1.0
/m/04psyp,/people/person/place_of_birth,/m/030qb3t,1.0,1.0
/m/02n1gr,/people/person/nationality,/m/03rk0,1.0,1.0
/m/02p5hf,/people/person/languages,/m/02h40lc,1.0,1.0
/m/036gdw,/people/person/spouse_s./people/marriage/type_of_union,/m/04ztj,1.0,1.0
/m/04ztj,/people/marriage_union_type/unions_of_this_type./people/marriage/location_of_ceremony,/m/03_xj,1.0,1.0
/m/028hc2,/people/person/religion,/m/04pk9,1.0,1.0
/m/03cz4j,/people/person/nationality,/m/03_3d,1.0,1.0
/m/022q4j,/people/person/places_lived./people/place_lived/location,/m/02_286,1.0,1.0
/m/01vv6xv,/people/person/spouse_s./people/marriage/type_of_union,/m/04ztj,1.0,1.0
/m/02cqbx,/people/person/spouse_s./people/marriage/type_of_union,/m/04ztj,1.0,1.0
/m/01vw8mh,/people/person/spouse_s./people/marriage/type_of_union,/m/04ztj,1.0,1.0
/m/04t2l2,/people/person/spouse_s./people/marriage/type_of_union,/m/04ztj,1.0,1.0
/m/028knk,/people/person/gender,/m/02zsn,1.0,1.0
/m/05dbyt,/people/person/profession,/m/02hrh1q,1.0,1.0
/m/04t2l2,/people/person/places_lived./people/place_lived/location,/m/05k7sb,1.0,1.0
/m/043gj,/people/person/spouse_s./people/marriage/type_of_union,/m/04ztj,1.0,1.0
/m/030b93,/people/person/profession,/m/02hrh1q,1.0,1.0
/m/042f1,/people/person/spouse_s./people/marriage/type_of_union,/m/04ztj,1.0,1.0
/m/041rx,/people/ethnicity/people,/m/058vp,1.0,1.0
/m/04h68j,/people/person/profession,/m/03gjzk,1.0,1.0
/m/01yznp,/people/person/profession,/m/03gjzk,1.0,1.0
/m/02_hj4,/people/person/profession,/m/02hrh1q,1.0,1.0
/m/041rx,/people/ethnicity/people,/m/04w391,1.0,1.0
/m/03wy70,/people/person/profession,/m/02hrh1q,1.0,1.0
/m/029_3,/people/person/spouse_s./people/marriage/type_of_union,/m/04ztj,1.0,1.0
/m/03h502k,/people/person/spouse_s./people/marriage/type_of_union,/m/04ztj,1.0,1.0
/m/03j1p2n,/people/person/nationality,/m/02jx1,1.0,1.0
/m/041rx,/people/ethnicity/people,/m/04hcw,1.0,1.0
/m/03hzkq,/people/person/nationality,/m/03rk0,1.0,1.0
/m/04cmrt,/people/person/languages,/m/03k50,1.0,1.0
/m/01tz6vs,/people/person/profession,/m/02hv44_,1.0,1.0
/m/02d4ct,/people/person/gender,/m/02zsn,1.0,1.0
/m/01vs4ff,/people/person/nationality,/m/02jx1,1.0,1.0
/m/01w9k25,/people/person/profession,/m/02dsz,1.0,1.0
/m/02f_k_,/people/person/profession,/m/02hrh1q,1.0,1.0
/m/04l19_,/people/person/spouse_s./people/marriage/type_of_union,/m/04ztj,1.0,1.0
/m/01vs_v8,/people/person/places_lived./people/place_lived/location,/m/02dtg,1.0,1.0
/m/0241wg,/people/person/religion,/m/03j6c,1.0,1.0
/m/028k57,/people/person/places_lived./people/place_lived/location,/m/03pzf,1.0,1.0
/m/03cws8h,/people/person/profession,/m/03gjzk,1.0,1.0
/m/01xsc9,/people/person/sibling_s./people/sibling_relationship/sibling,/m/01xsbh,1.0,1.0
/m/041rx,/people/ethnicity/people,/m/0427y,1.0,1.0
/m/025xt8y,/people/person/profession,/m/039v1,1.0,1.0
/m/053xw6,/people/person/place_of_birth,/m/02cft,1.0,1.0
/m/041rx,/people/ethnicity/people,/m/024t0y,1.0,1.0
/m/01wmjkb,/people/person/profession,/m/02hrh1q,1.0,1.0
/m/049fgvm,/people/person/places_lived./people/place_lived/location,/m/05k7sb,1.0,1.0
/m/0277990,/people/person/profession,/m/02hrh1q,1.0,1.0
/m/02s2wq,/people/person/spouse_s./people/marriage/type_of_union,/m/04ztj,1.0,1.0
/m/05bpg3,/people/person/profession,/m/03gjzk,1.0,1.0
/m/04y9dk,/people/person/profession,/m/02hrh1q,1.0,1.0
/m/0421st,/people/person/profession,/m/02hrh1q,1.0,1.0
/m/02lk95,/people/person/spouse_s./people/marriage/type_of_union,/m/04ztj,1.0,1.0
/m/04cdxc,/people/person/nationality,/m/03rk0,1.0,1.0
/m/02g40r,/people/person/place_of_birth,/m/02jx1,1.0,1.0
/m/04g3p5,/people/person/profession,/m/03gjzk,1.0,1.0
/m/0338g8,/people/person/profession,/m/03gjzk,1.0,1.0
/m/0379s,/people/person/profession,/m/02hv44_,1.0,1.0
/m/022dp5,/people/ethnicity/people,/m/04bs3j,1.0,1.0
/m/0320jz,/people/person/gender,/m/02zsn,1.0,1.0
/m/02vntj,/people/person/places_lived./people/place_lived/location,/m/05fjf,1.0,1.0
/m/026c0p,/people/deceased_person/place_of_death,/m/056_y,1.0,1.0
/m/02wyc0,/people/person/spouse_s./people/marriage/spouse,/m/050llt,1.0,1.0
/m/0292l3,/people/person/religion,/m/03j6c,1.0,1.0
/m/042ly5,/people/person/profession,/m/02hrh1q,1.0,1.0
/m/02wrrm,/people/person/spouse_s./people/marriage/type_of_union,/m/04ztj,1.0,1.0
/m/03h610,/people/person/places_lived./people/place_lived/location,/m/02_286,1.0,1.0
/m/0405l,/people/person/languages,/m/02h40lc,1.0,1.0
/m/02qvhbb,/people/person/languages,/m/03k50,1.0,1.0
/m/03h_yfh,/people/person/profession,/m/02hrh1q,1.0,1.0
/m/02b9g4,/people/person/places_lived./people/place_lived/location,/m/030qb3t,1.0,1.0
/m/01wgxtl,/people/person/languages,/m/02h40lc,1.0,1.0
/m/04mlmx,/people/person/spouse_s./people/marriage/type_of_union,/m/04ztj,1.0,1.0
/m/03m2fg,/people/person/spouse_s./people/marriage/type_of_union,/m/04ztj,1.0,1.0
/m/03wdsbz,/people/person/sibling_s./people/sibling_relationship/sibling,/m/03wd5tk,1.0,1.0
/m/02zhkz,/people/person/profession,/m/02hrh1q,1.0,1.0
/m/026dg51,/people/person/spouse_s./people/marriage/type_of_union,/m/04ztj,1.0,1.0
/m/01xhh5,/people/ethnicity/people,/m/044n3h,1.0,1.0
/m/01ty7ll,/people/person/gender,/m/02zsn,1.0,1.0
/m/04f7c55,/people/person/sibling_s./people/sibling_relationship/sibling,/m/04d_mtq,1.0,1.0
/m/03f1zhf,/people/person/profession,/m/02hrh1q,1.0,1.0
/m/03bkbh,/people/ethnicity/people,/m/032_jg,1.0,1.0
/m/02q9kqf,/people/person/place_of_birth,/m/02_286,1.0,1.0
/m/01w7nww,/people/person/profession,/m/02hrh1q,1.0,1.0
/m/04k25,/people/person/profession,/m/02hrh1q,1.0,1.0
/m/04gfy7,/people/ethnicity/people,/m/01xwqn,1.0,1.0
/m/01trf3,/people/person/places_lived./people/place_lived/location,/m/03pzf,1.0,1.0
/m/03z0l6,/people/person/profession,/m/02jknp,1.0,1.0
/m/03975z,/people/person/place_of_birth,/m/04jpl,1.0,1.0
/m/03f1zdw,/people/person/spouse_s./people/marriage/type_of_union,/m/04ztj,1.0,1.0
/m/04h68j,/people/person/profession,/m/02jknp,1.0,1.0
/m/030g9z,/people/person/sibling_s./people/sibling_relationship/sibling,/m/02mc79,1.0,1.0
/m/032_jg,/people/person/spouse_s./people/marriage/type_of_union,/m/04ztj,1.0,1.0
/m/041rx,/people/ethnicity/people,/m/03fqv5,1.0,1.0
/m/02z1yj,/people/person/gender,/m/02zsn,1.0,1.0
/m/02hy9p,/people/person/profession,/m/02hrh1q,1.0,1.0
/m/037gjc,/people/person/places_lived./people/place_lived/location,/m/030qb3t,1.0,1.0
/m/02kxbx3,/people/person/places_lived./people/place_lived/location,/m/02_286,1.0,1.0
/m/01yznp,/people/person/profession,/m/03sbb,1.0,1.0
/m/03lmx1,/people/ethnicity/people,/m/04ld94,1.0,1.0
/m/030vmc,/people/person/profession,/m/02hrh1q,1.0,1.0
/m/02c_wc,/people/person/gender,/m/02zsn,1.0,1.0
/m/03tf_h,/people/person/places_lived./people/place_lived/location,/m/04jpl,1.0,1.0
/m/05kwx2,/people/person/spouse_s./people/marriage/type_of_union,/m/04ztj,1.0,1.0
/m/01wcp_g,/people/person/profession,/m/02hrh1q,1.0,1.0
/m/04ztj,/people/marriage_union_type/unions_of_this_type./people/marriage/location_of_ceremony,/m/01xbgx,1.0,1.0
/m/04wx2v,/people/person/languages,/m/02h40lc,1.0,1.0
/m/01v0fn1,/people/person/place_of_birth,/m/04jpl,1.0,1.0
/m/0392kz,/people/person/nationality,/m/03_3d,1.0,1.0
/m/03cz9_,/people/person/nationality,/m/03_3d,1.0,1.0
/m/0315q3,/people/person/profession,/m/02hrh1q,1.0,1.0
/m/01vt5c_,/people/person/nationality,/m/02jx1,1.0,1.0
/m/0356dp,/people/person/profession,/m/02hrh1q,1.0,1.0
/m/02cx90,/people/person/profession,/m/039v1,1.0,1.0
/m/05kfs,/people/person/spouse_s./people/marriage/type_of_union,/m/04ztj,1.0,1.0
/m/03bdm4,/people/person/profession,/m/02jknp,1.0,1.0
/m/0326tc,/people/person/places_lived./people/place_lived/location,/m/049kw,1.0,1.0
/m/01wd9lv,/people/person/spouse_s./people/marriage/type_of_union,/m/04ztj,1.0,1.0
/m/04hqbbz,/people/person/profession,/m/02hrh1q,1.0,1.0
/m/033tf_,/people/ethnicity/people,/m/01vrt_c,1.0,1.0
/m/01vsksr,/people/person/profession,/m/029bkp,1.0,1.0
/m/04pg29,/people/person/profession,/m/02hrh1q,1.0,1.0
/m/03f0r5w,/people/person/profession,/m/03gjzk,1.0,1.0
/m/047sxrj,/people/person/profession,/m/02hrh1q,1.0,1.0
/m/0341n5,/people/person/profession,/m/02hrh1q,1.0,1.0
/m/04glr5h,/people/person/spouse_s./people/marriage/type_of_union,/m/04ztj,1.0,1.0
/m/026gb3v,/people/person/place_of_birth,/m/03shp,1.0,1.0
/m/04n2vgk,/people/person/profession,/m/02hrh1q,1.0,1.0
/m/026670,/people/person/place_of_birth,/m/0281rp,1.0,1.0
/m/01w9wwg,/people/person/profession,/m/025352,1.0,1.0
/m/02pp_q_,/people/deceased_person/place_of_death,/m/030qb3t,1.0,1.0
/m/041rx,/people/ethnicity/people,/m/02mt4k,1.0,1.0
/m/02rk45,/people/person/profession,/m/02jknp,1.0,1.0
/m/04cw0n4,/people/person/nationality,/m/03rjj,1.0,1.0
/m/02p5hf,/people/person/sibling_s./people/sibling_relationship/sibling,/m/03lmzl,1.0,1.0
/m/01ww_vs,/people/person/spouse_s./people/marriage/type_of_union,/m/04ztj,1.0,1.0
/m/049dyj,/people/person/languages,/m/02h40lc,1.0,1.0
/m/026fd,/people/person/profession,/m/02krf9,1.0,1.0
/m/033tf_,/people/ethnicity/people,/m/030vnj,1.0,1.0
/m/02t_v1,/people/person/religion,/m/02vxy_,1.0,1.0
/m/05kwx2,/people/person/profession,/m/02hrh1q,1.0,1.0
/m/05cgy8,/people/person/profession,/m/02krf9,1.0,1.0
/m/05kfs,/people/person/places_lived./people/place_lived/location,/m/02_286,1.0,1.0
/m/02js6_,/people/person/sibling_s./people/sibling_relationship/sibling,/m/023mdt,1.0,1.0
/m/03j149k,/people/person/place_of_birth,/m/02zp1t,1.0,1.0
/m/0259r0,/people/person/spouse_s./people/marriage/type_of_union,/m/04ztj,1.0,1.0
/m/03thw4,/people/deceased_person/place_of_death,/m/030qb3t,1.0,1.0
/m/02vkvcz,/people/person/nationality,/m/02jx1,1.0,1.0
/m/02v49c,/people/person/places_lived./people/place_lived/location,/m/03pzf,1.0,1.0
/m/03kpvp,/people/person/place_of_birth,/m/02_286,1.0,1.0
/m/041rx,/people/ethnicity/people,/m/04dqdk,1.0,1.0
/m/02qtywd,/people/person/spouse_s./people/marriage/spouse,/m/045zr,1.0,1.0
/m/02nfjp,/people/person/profession,/m/02hrh1q,1.0,1.0
/m/041rx,/people/ethnicity/people,/m/03jldb,1.0,1.0
/m/03_fk9,/people/person/nationality,/m/03rjj,1.0,1.0
/m/036jb,/people/person/profession,/m/02jknp,1.0,1.0
/m/03tf_h,/people/person/profession,/m/02jknp,1.0,1.0
/m/03m6t5,/people/person/places_lived./people/place_lived/location,/m/05ksh,1.0,1.0
/m/033tf_,/people/ethnicity/people,/m/034x61,1.0,1.0
/m/04ztj,/people/marriage_union_type/unions_of_this_type./people/marriage/location_of_ceremony,/m/02cft,1.0,1.0
/m/03mstc,/people/deceased_person/place_of_death,/m/0284jb,1.0,1.0
/m/02rn_bj,/people/person/place_of_birth,/m/059rby,1.0,1.0
/m/033tf_,/people/ethnicity/people,/m/02v2jy,1.0,1.0
/m/042fk,/people/person/profession,/m/04gc2,1.0,1.0
/m/02w7gg,/people/ethnicity/people,/m/02tc5y,1.0,1.0
/m/04lp8k,/people/person/places_lived./people/place_lived/location,/m/059rby,1.0,1.0
/m/03cn92,/people/person/place_of_birth,/m/03l2n,1.0,1.0
/m/02t1wn,/people/person/profession,/m/02jknp,1.0,1.0
/m/030dr,/people/person/nationality,/m/02jx1,1.0,1.0
/m/03n52j,/people/person/spouse_s./people/marriage/type_of_union,/m/04ztj,1.0,1.0
/m/01zt10,/people/person/nationality,/m/03rk0,1.0,1.0
/m/04glr5h,/people/person/spouse_s./people/marriage/spouse,/m/04gnbv1,1.0,1.0
/m/02sh8y,/people/person/profession,/m/02jknp,1.0,1.0
/m/030znt,/people/person/gender,/m/02zsn,1.0,1.0
/m/03pmty,/people/person/profession,/m/02krf9,1.0,1.0
/m/04y8r,/people/person/profession,/m/02jknp,1.0,1.0
/m/03g62,/people/person/profession,/m/02jknp,1.0,1.0
/m/04x1_w,/people/person/gender,/m/02zsn,1.0,1.0
/m/04kj2v,/people/person/nationality,/m/02jx1,1.0,1.0
/m/03l3jy,/people/person/places_lived./people/place_lived/location,/m/030qb3t,1.0,1.0
/m/04z0g,/people/person/spouse_s./people/marriage/type_of_union,/m/04ztj,1.0,1.0
/m/01wqflx,/people/person/profession,/m/039v1,1.0,1.0
/m/01wmjkb,/people/person/profession,/m/04f2zj,1.0,1.0
/m/0582cf,/people/person/spouse_s./people/marriage/type_of_union,/m/04ztj,1.0,1.0
/m/02hsgn,/people/person/spouse_s./people/marriage/type_of_union,/m/04ztj,1.0,1.0
/m/034np8,/people/person/spouse_s./people/marriage/type_of_union,/m/04ztj,1.0,1.0
/m/02w7gg,/people/ethnicity/people,/m/02f2p7,1.0,1.0
/m/041rx,/people/ethnicity/people,/m/03jqw5,1.0,1.0
/m/05dppk,/people/person/spouse_s./people/marriage/type_of_union,/m/04ztj,1.0,1.0
/m/01tspc6,/people/person/gender,/m/02zsn,1.0,1.0
/m/02h0f3,/people/person/place_of_birth,/m/02dtg,1.0,1.0
/m/01vs_v8,/people/person/places_lived./people/place_lived/location,/m/02jx1,1.0,1.0
/m/01vsn38,/people/person/spouse_s./people/marriage/type_of_union,/m/04ztj,1.0,1.0
/m/030h95,/people/person/profession,/m/02hrh1q,1.0,1.0
/m/04ztj,/people/marriage_union_type/unions_of_this_type./people/marriage/location_of_ceremony,/m/03_r3,1.0,1.0
/m/01w7nwm,/people/person/profession,/m/02hrh1q,1.0,1.0
/m/04s04,/people/person/places_lived./people/place_lived/location,/m/05kj_,1.0,1.0
/m/049dyj,/people/person/profession,/m/02hrh1q,1.0,1.0
/m/01v80y,/people/person/profession,/m/02krf9,1.0,1.0
/m/02633g,/people/person/places_lived./people/place_lived/location,/m/04rrd,1.0,1.0
/m/02rgz4,/people/person/spouse_s./people/marriage/type_of_union,/m/04ztj,1.0,1.0
/m/02fgp0,/people/person/profession,/m/025352,1.0,1.0
/m/01tt43d,/people/person/profession,/m/02hrh1q,1.0,1.0
/m/02f8lw,/people/person/places_lived./people/place_lived/location,/m/02_286,1.0,1.0
/m/03m6t5,/people/person/spouse_s./people/marriage/type_of_union,/m/04ztj,1.0,1.0
/m/03k7bd,/people/person/spouse_s./people/marriage/type_of_union,/m/04ztj,1.0,1.0
/m/05gml8,/people/person/gender,/m/02zsn,1.0,1.0
/m/0405l,/people/person/profession,/m/02jknp,1.0,1.0
/m/024n3z,/people/person/places_lived./people/place_lived/location,/m/04lc0h,1.0,1.0
/m/01z7s_,/people/person/profession,/m/02jknp,1.0,1.0
/m/02xp18,/people/person/profession,/m/03gjzk,1.0,1.0
/m/030hbp,/people/person/spouse_s./people/marriage/spouse,/m/030hcs,1.0,1.0
/m/030wkp,/people/person/spouse_s./people/marriage/type_of_union,/m/04ztj,1.0,1.0
/m/041rx,/people/ethnicity/people,/m/0252fh,1.0,1.0
/m/02114t,/people/person/spouse_s./people/marriage/spouse,/m/036hf4,1.0,1.0
/m/033wx9,/people/person/profession,/m/02hrh1q,1.0,1.0
/m/01xndd,/people/person/places_lived./people/place_lived/location,/m/027l4q,1.0,1.0
/m/03lpd0,/people/person/gender,/m/02zsn,1.0,1.0
/m/041rx,/people/ethnicity/people,/m/01vrt_c,1.0,1.0
/m/01vv126,/people/person/sibling_s./people/sibling_relationship/sibling,/m/02r3cn,1.0,1.0
/m/01wmgrf,/people/person/places_lived./people/place_lived/location,/m/04tgp,1.0,1.0
/m/041rx,/people/ethnicity/people,/m/025t9b,1.0,1.0
/m/0424m,/people/person/profession,/m/04gc2,1.0,1.0
/m/02qvhbb,/people/person/profession,/m/02jknp,1.0,1.0
/m/041rx,/people/ethnicity/people,/m/02wycg2,1.0,1.0
/m/04gvt5,/people/person/spouse_s./people/marriage/type_of_union,/m/04ztj,1.0,1.0
/m/04ztj,/people/marriage_union_type/unions_of_this_type./people/marriage/location_of_ceremony,/m/01z28b,1.0,1.0
/m/03k0yw,/people/person/spouse_s./people/marriage/type_of_union,/m/04ztj,1.0,1.0
/m/042d1,/people/person/profession,/m/04gc2,1.0,1.0
/m/03c_pqj,/people/person/nationality,/m/03rk0,1.0,1.0
/m/038723,/people/ethnicity/people,/m/01vxxb,1.0,1.0
/m/04pg29,/people/person/place_of_birth,/m/030qb3t,1.0,1.0
/m/03x31g,/people/person/languages,/m/02h40lc,1.0,1.0
/m/02l101,/people/person/profession,/m/02hrh1q,1.0,1.0
/m/01xsbh,/people/person/sibling_s./people/sibling_relationship/sibling,/m/01xsc9,1.0,1.0
/m/021bk,/people/person/profession,/m/03gjzk,1.0,1.0
/m/040rjq,/people/person/nationality,/m/03rt9,1.0,1.0
/m/03nk3t,/people/person/profession,/m/02krf9,1.0,1.0
/m/02w7gg,/people/ethnicity/people,/m/01tzm9,1.0,1.0
/m/03gyh_z,/people/person/profession,/m/02pjxr,1.0,1.0
/m/033tf_,/people/ethnicity/people,/m/03f1r6t,1.0,1.0
/m/01xr66,/people/profession/specialization_of,/m/02hrh1q,1.0,1.0
/m/02ndbd,/people/person/profession,/m/02hrh1q,1.0,1.0
/m/04fcx7,/people/person/profession,/m/02hrh1q,1.0,1.0
/m/02x8z_,/people/person/places_lived./people/place_lived/location,/m/030qb3t,1.0,1.0
/m/02nfhx,/people/person/spouse_s./people/marriage/type_of_union,/m/04ztj,1.0,1.0
/m/01wg3q,/people/person/profession,/m/039v1,1.0,1.0
/m/0343h,/people/person/spouse_s./people/marriage/type_of_union,/m/04ztj,1.0,1.0
/m/03k545,/people/person/nationality,/m/02jx1,1.0,1.0
/m/02s529,/people/person/profession,/m/02hrh1q,1.0,1.0
/m/04bsx1,/people/person/spouse_s./people/marriage/type_of_union,/m/04ztj,1.0,1.0
/m/02x2t07,/people/person/spouse_s./people/marriage/type_of_union,/m/04ztj,1.0,1.0
/m/041rx,/people/ethnicity/people,/m/04g865,1.0,1.0
/m/05d1y,/people/person/profession,/m/03sbb,1.0,1.0
/m/04vlh5,/people/person/profession,/m/02krf9,1.0,1.0
/m/02r5w9,/people/person/spouse_s./people/marriage/type_of_union,/m/04ztj,1.0,1.0
/m/025t9b,/people/person/profession,/m/02hrh1q,1.0,1.0
/m/03lmzl,/people/person/spouse_s./people/marriage/type_of_union,/m/04ztj,1.0,1.0
/m/034qg,/people/cause_of_death/people,/m/04xfb,1.0,1.0
/m/02k6hp,/people/cause_of_death/people,/m/03d1y3,1.0,1.0
/m/03rwng,/people/person/profession,/m/02hrh1q,1.0,1.0
/m/032t2z,/people/deceased_person/place_of_death,/m/04jpl,1.0,1.0
/m/03ydry,/people/person/nationality,/m/03_3d,1.0,1.0
/m/04qsdh,/people/person/spouse_s./people/marriage/type_of_union,/m/04ztj,1.0,1.0
/m/02dztn,/people/person/spouse_s./people/marriage/type_of_union,/m/04ztj,1.0,1.0
/m/03f6fl0,/people/person/profession,/m/039v1,1.0,1.0
/m/03jj93,/people/person/profession,/m/02hrh1q,1.0,1.0
/m/025cn2,/people/person/place_of_birth,/m/02_286,1.0,1.0
/m/04fyhv,/people/person/nationality,/m/03gj2,1.0,1.0
/m/04qr6d,/people/person/religion,/m/03j6c,1.0,1.0
/m/02bh_v,/people/person/gender,/m/02zsn,1.0,1.0
/m/033tf_,/people/ethnicity/people,/m/04f7c55,1.0,1.0
/m/020trj,/people/person/profession,/m/02hrh1q,1.0,1.0
/m/04mvp8,/people/ethnicity/geographic_distribution,/m/03rk0,1.0,1.0
/m/01x53m,/people/person/languages,/m/02bv9,1.0,1.0
/m/02y49,/people/person/spouse_s./people/marriage/type_of_union,/m/04ztj,1.0,1.0
/m/05hj0n,/people/person/spouse_s./people/marriage/type_of_union,/m/04ztj,1.0,1.0
/m/03x16f,/people/person/place_of_birth,/m/02_286,1.0,1.0
/m/02z6l5f,/people/person/places_lived./people/place_lived/location,/m/04jpl,1.0,1.0
/m/02wgln,/people/person/profession,/m/02hrh1q,1.0,1.0
/m/03h_fk5,/people/person/languages,/m/02h40lc,1.0,1.0
/m/02js6_,/people/person/languages,/m/02h40lc,1.0,1.0
/m/04mlmx,/people/person/profession,/m/02hrh1q,1.0,1.0
/m/025tdwc,/people/person/profession,/m/028kk_,1.0,1.0
/m/03gt0c5,/people/person/profession,/m/026sdt1,1.0,1.0
/m/03wy70,/people/person/profession,/m/021wpb,1.0,1.0
/m/04pp9s,/people/person/place_of_birth,/m/03l2n,1.0,1.0
/m/046zh,/people/person/profession,/m/03gjzk,1.0,1.0
/m/01zt10,/people/person/languages,/m/03k50,1.0,1.0
/m/027hm_,/people/person/profession,/m/02hrh1q,1.0,1.0
/m/03bdm4,/people/person/profession,/m/02hrh1q,1.0,1.0
/m/01wg982,/people/person/profession,/m/02hrh1q,1.0,1.0
/m/02114t,/people/person/place_of_birth,/m/02_286,1.0,1.0
/m/04jvt,/people/person/spouse_s./people/marriage/type_of_union,/m/04ztj,1.0,1.0
/m/05d1y,/people/person/places_lived./people/place_lived/location,/m/02_286,1.0,1.0
/m/02v406,/people/person/profession,/m/02jknp,1.0,1.0
/m/01yzhn,/people/person/languages,/m/02h40lc,1.0,1.0
/m/02fgm7,/people/person/spouse_s./people/marriage/type_of_union,/m/04ztj,1.0,1.0
/m/042gr4,/people/person/spouse_s./people/marriage/type_of_union,/m/04ztj,1.0,1.0
/m/03d2k,/people/person/languages,/m/02h40lc,1.0,1.0
/m/01zwy,/people/person/employment_history./business/employment_tenure/company,/m/03ksy,1.0,1.0
/m/03_dj,/people/person/nationality,/m/03rt9,1.0,1.0
/m/033cw,/people/person/place_of_birth,/m/02_286,1.0,1.0
/m/03qcq,/people/person/places_lived./people/place_lived/location,/m/0498y,1.0,1.0
/m/041rx,/people/ethnicity/people,/m/040696,1.0,1.0
/m/02rf1y,/people/person/places_lived./people/place_lived/location,/m/04jpl,1.0,1.0
/m/04dyqk,/people/deceased_person/place_of_death,/m/027l4q,1.0,1.0
/m/033wx9,/people/person/places_lived./people/place_lived/location,/m/030qb3t,1.0,1.0
/m/02q_cc,/people/person/gender,/m/02zsn,1.0,1.0
/m/028k57,/people/person/religion,/m/03_gx,1.0,1.0
/m/033tf_,/people/ethnicity/people,/m/026c1,1.0,1.0
/m/01zh29,/people/person/profession,/m/02hrh1q,1.0,1.0
/m/023mdt,/people/person/places_lived./people/place_lived/location,/m/02_286,1.0,1.0
/m/0372p,/people/person/religion,/m/04pk9,1.0,1.0
/m/038723,/people/ethnicity/people,/m/025mb_,1.0,1.0
/m/032_jg,/people/person/profession,/m/02hrh1q,1.0,1.0
/m/04t969,/people/person/spouse_s./people/marriage/type_of_union,/m/04ztj,1.0,1.0
/m/02xgdv,/people/person/profession,/m/02jknp,1.0,1.0
/m/022g44,/people/person/profession,/m/02hrh1q,1.0,1.0
/m/01y665,/people/person/places_lived./people/place_lived/location,/m/03dm7,1.0,1.0
/m/056wb,/people/person/places_lived./people/place_lived/location,/m/030qb3t,1.0,1.0
/m/022dp5,/people/ethnicity/people,/m/04qt29,1.0,1.0
/m/04wvhz,/people/person/spouse_s./people/marriage/type_of_union,/m/04ztj,1.0,1.0
/m/028r4y,/people/person/profession,/m/02hrh1q,1.0,1.0
/m/02qy3py,/people/person/nationality,/m/03rk0,1.0,1.0
/m/04xm_,/people/person/place_of_birth,/m/02lbc,1.0,1.0
/m/03cs_xw,/people/person/spouse_s./people/marriage/type_of_union,/m/04ztj,1.0,1.0
/m/03t0k1,/people/person/place_of_birth,/m/01yj2,1.0,1.0
/m/041ly3,/people/person/profession,/m/02hrh1q,1.0,1.0
/m/02lk1s,/people/person/places_lived./people/place_lived/location,/m/02_286,1.0,1.0
/m/04ztj,/people/marriage_union_type/unions_of_this_type./people/marriage/location_of_ceremony,/m/04sqj,1.0,1.0
/m/01vb403,/people/person/profession,/m/03gjzk,1.0,1.0
/m/0241wg,/people/person/spouse_s./people/marriage/type_of_union,/m/04ztj,1.0,1.0
/m/03ctv8m,/people/person/nationality,/m/02jx1,1.0,1.0
/m/053y4h,/people/person/gender,/m/02zsn,1.0,1.0
/m/01vb403,/people/person/profession,/m/02hrh1q,1.0,1.0
/m/04m2zj,/people/person/place_of_birth,/m/03kfl,1.0,1.0
/m/01v90t,/people/person/profession,/m/02hrh1q,1.0,1.0
/m/02cff1,/people/person/profession,/m/02hrh1q,1.0,1.0
/m/01vsy7t,/people/person/spouse_s./people/marriage/location_of_ceremony,/m/04qdj,1.0,1.0
/m/033tf_,/people/ethnicity/people,/m/04zn7g,1.0,1.0
/m/04g865,/people/person/place_of_birth,/m/02_286,1.0,1.0
/m/0227vl,/people/person/profession,/m/03gjzk,1.0,1.0
/m/01vhb0,/people/person/spouse_s./people/marriage/type_of_union,/m/04ztj,1.0,1.0
/m/01wyzyl,/people/person/profession,/m/02hrh1q,1.0,1.0
/m/02hfp_,/people/person/spouse_s./people/marriage/type_of_union,/m/04ztj,1.0,1.0
/m/0315q3,/people/person/places_lived./people/place_lived/location,/m/03v0t,1.0,1.0
/m/031v3p,/people/person/spouse_s./people/marriage/type_of_union,/m/04ztj,1.0,1.0
/m/03_wj_,/people/person/spouse_s./people/marriage/type_of_union,/m/04ztj,1.0,1.0
/m/02lk1s,/people/person/profession,/m/02hrh1q,1.0,1.0
/m/03v3xp,/people/person/nationality,/m/02jx1,1.0,1.0
/m/01vsgrn,/people/person/profession,/m/02hrh1q,1.0,1.0
/m/03z_g7,/people/person/nationality,/m/03rk0,1.0,1.0
/m/034qg,/people/cause_of_death/people,/m/05hks,1.0,1.0
/m/02rchht,/people/person/profession,/m/02krf9,1.0,1.0
/m/026zvx7,/people/person/languages,/m/02h40lc,1.0,1.0
/m/03vrv9,/people/person/profession,/m/02jknp,1.0,1.0
/m/03kts,/people/person/languages,/m/02h40lc,1.0,1.0
/m/041rx,/people/ethnicity/people,/m/04hw4b,1.0,1.0
/m/03n6r,/people/person/spouse_s./people/marriage/type_of_union,/m/04ztj,1.0,1.0
/m/01wk51,/people/person/profession,/m/02jknp,1.0,1.0
/m/032s66,/people/cause_of_death/people,/m/01vz0g4,1.0,1.0
/m/01v80y,/people/person/spouse_s./people/marriage/type_of_union,/m/04ztj,1.0,1.0
/m/03_js,/people/person/places_lived./people/place_lived/location,/m/05k7sb,1.0,1.0
/m/049k07,/people/person/spouse_s./people/marriage/type_of_union,/m/04ztj,1.0,1.0
/m/03jjzf,/people/person/places_lived./people/place_lived/location,/m/030qb3t,1.0,1.0
/m/0219q,/people/person/places_lived./people/place_lived/location,/m/04jpl,1.0,1.0
/m/033071,/people/person/profession,/m/02jknp,1.0,1.0
/m/049m19,/people/person/spouse_s./people/marriage/spouse,/m/04y0hj,1.0,1.0
/m/01vw917,/people/person/place_of_birth,/m/02dtg,1.0,1.0
/m/01vsl3_,/people/person/profession,/m/02hrh1q,1.0,1.0
/m/04sry,/people/person/spouse_s./people/marriage/type_of_union,/m/04ztj,1.0,1.0
/m/04d_mtq,/people/person/spouse_s./people/marriage/type_of_union,/m/04ztj,1.0,1.0
/m/02wk4d,/people/person/place_of_birth,/m/03h64,1.0,1.0
/m/048hf,/people/person/profession,/m/02hrh1q,1.0,1.0
/m/03lmx1,/people/ethnicity/people,/m/04xhwn,1.0,1.0
/m/040_t,/people/person/spouse_s./people/marriage/type_of_union,/m/04ztj,1.0,1.0
/m/04y8r,/people/person/spouse_s./people/marriage/type_of_union,/m/04ztj,1.0,1.0
/m/03ts0c,/people/ethnicity/people,/m/03ryks,1.0,1.0
/m/02w7gg,/people/ethnicity/people,/m/02zq43,1.0,1.0
/m/03bpn6,/people/person/spouse_s./people/marriage/type_of_union,/m/04ztj,1.0,1.0
/m/01vsqvs,/people/person/gender,/m/02zsn,1.0,1.0
/m/01vl17,/people/person/spouse_s./people/marriage/type_of_union,/m/04ztj,1.0,1.0
/m/03c_pqj,/people/person/spouse_s./people/marriage/type_of_union,/m/04ztj,1.0,1.0
/m/02d9k,/people/person/places_lived./people/place_lived/location,/m/030qb3t,1.0,1.0
/m/02y0js,/people/cause_of_death/people,/m/05h7tk,1.0,1.0
/m/01wmjkb,/people/person/spouse_s./people/marriage/type_of_union,/m/04ztj,1.0,1.0
/m/02qssrm,/people/person/gender,/m/02zsn,1.0,1.0
/m/04shbh,/people/person/places_lived./people/place_lived/location,/m/04jpl,1.0,1.0
/m/042kbj,/people/person/profession,/m/02jknp,1.0,1.0
/m/0418ft,/people/person/places_lived./people/place_lived/location,/m/030qb3t,1.0,1.0
/m/02k4b2,/people/person/profession,/m/02hrh1q,1.0,1.0
/m/028lc8,/people/person/profession,/m/02hrh1q,1.0,1.0
/m/02w7gg,/people/ethnicity/people,/m/01vh3r,1.0,1.0
/m/04gvt5,/people/person/profession,/m/02hrh1q,1.0,1.0
/m/03wjb7,/people/person/profession,/m/039v1,1.0,1.0
/m/03d_zl4,/people/deceased_person/place_of_death,/m/0281y0,1.0,1.0
/m/02ctzb,/people/ethnicity/people,/m/034ls,1.0,1.0
/m/01vwllw,/people/person/places_lived./people/place_lived/location,/m/02_286,1.0,1.0
/m/02y49,/people/person/profession,/m/02hv44_,1.0,1.0
/m/03llf8,/people/person/spouse_s./people/marriage/type_of_union,/m/04ztj,1.0,1.0
/m/03zyvw,/people/person/spouse_s./people/marriage/type_of_union,/m/04ztj,1.0,1.0
/m/04qp06,/people/person/religion,/m/03j6c,1.0,1.0
/m/04jspq,/people/person/employment_history./business/employment_tenure/company,/m/04rcl7,1.0,1.0
/m/02cj_f,/people/person/spouse_s./people/marriage/type_of_union,/m/04ztj,1.0,1.0
/m/02vkvcz,/people/person/place_of_birth,/m/04jpl,1.0,1.0
/m/04ktcgn,/people/person/profession,/m/02tx6q,1.0,1.0
/m/043js,/people/person/languages,/m/02h40lc,1.0,1.0
/m/049g_xj,/people/person/gender,/m/02zsn,1.0,1.0
/m/03ysmg,/people/person/profession,/m/02jknp,1.0,1.0
/m/020x5r,/people/person/profession,/m/02hrh1q,1.0,1.0
/m/03w1v2,/people/person/profession,/m/02hrh1q,1.0,1.0
/m/02778yp,/people/person/spouse_s./people/marriage/type_of_union,/m/04ztj,1.0,1.0
/m/02knxx,/people/cause_of_death/people,/m/01y8cr,1.0,1.0
/m/02wr6r,/people/person/profession,/m/02hrh1q,1.0,1.0
/m/01vxxb,/people/person/profession,/m/02hrh1q,1.0,1.0
/m/023kzp,/people/person/spouse_s./people/marriage/type_of_union,/m/04ztj,1.0,1.0
/m/045g4l,/people/person/sibling_s./people/sibling_relationship/sibling,/m/030dx5,1.0,1.0
/m/01yd8v,/people/person/profession,/m/02hrh1q,1.0,1.0
/m/02vg0,/people/person/spouse_s./people/marriage/type_of_union,/m/04ztj,1.0,1.0
/m/02cx90,/people/person/gender,/m/02zsn,1.0,1.0
/m/03x16f,/people/person/places_lived./people/place_lived/location,/m/02_286,1.0,1.0
/m/050zr4,/people/person/profession,/m/02hrh1q,1.0,1.0
/m/044bn,/people/deceased_person/place_of_death,/m/030qb3t,1.0,1.0
/m/02d42t,/people/person/gender,/m/02zsn,1.0,1.0
/m/02w7gg,/people/ethnicity/people,/m/03xk1_,1.0,1.0
/m/01wj18h,/people/person/employment_history./business/employment_tenure/company,/m/043g7l,1.0,1.0
/m/02sjp,/people/person/languages,/m/02bjrlw,1.0,1.0
/m/02g0mx,/people/person/profession,/m/02hrh1q,1.0,1.0
/m/05kwx2,/people/person/nationality,/m/02jx1,1.0,1.0
/m/02wk4d,/people/person/languages,/m/03_9r,1.0,1.0
/m/01wrcxr,/people/person/profession,/m/02hrh1q,1.0,1.0
/m/0301yj,/people/person/spouse_s./people/marriage/type_of_union,/m/04ztj,1.0,1.0
/m/02rchht,/people/person/spouse_s./people/marriage/type_of_union,/m/04ztj,1.0,1.0
/m/027hnjh,/people/person/profession,/m/03gjzk,1.0,1.0
/m/03swmf,/people/person/spouse_s./people/marriage/type_of_union,/m/04ztj,1.0,1.0
/m/047c9l,/people/person/languages,/m/02h40lc,1.0,1.0
/m/01vyv9,/people/person/spouse_s./people/marriage/type_of_union,/m/04ztj,1.0,1.0
/m/02bj6k,/people/person/spouse_s./people/marriage/type_of_union,/m/04ztj,1.0,1.0
/m/02j490,/people/person/spouse_s./people/marriage/type_of_union,/m/04ztj,1.0,1.0
/m/04d_mtq,/people/person/profession,/m/039v1,1.0,1.0
/m/05h7tk,/people/person/profession,/m/02jknp,1.0,1.0
/m/052hl,/people/person/profession,/m/03gjzk,1.0,1.0
/m/0428bc,/people/deceased_person/place_of_death,/m/02_286,1.0,1.0
/m/02pby8,/people/person/spouse_s./people/marriage/type_of_union,/m/04ztj,1.0,1.0
/m/02t_99,/people/person/gender,/m/02zsn,1.0,1.0
/m/01v_pj6,/people/person/nationality,/m/02jx1,1.0,1.0
/m/04ztj,/people/marriage_union_type/unions_of_this_type./people/marriage/location_of_ceremony,/m/02j9z,1.0,1.0
/m/02w7gg,/people/ethnicity/people,/m/01wy5m,1.0,1.0
/m/04p3w,/people/cause_of_death/people,/m/03h_yfh,1.0,1.0
/m/02l840,/people/person/profession,/m/02hrh1q,1.0,1.0
/m/048lv,/people/person/profession,/m/02jknp,1.0,1.0
/m/05bnx3j,/people/person/spouse_s./people/marriage/type_of_union,/m/04ztj,1.0,1.0
/m/04ztj,/people/marriage_union_type/unions_of_this_type./people/marriage/location_of_ceremony,/m/03spz,1.0,1.0
/m/01v9724,/people/person/spouse_s./people/marriage/type_of_union,/m/04ztj,1.0,1.0
/m/02g7sp,/people/ethnicity/people,/m/02c4s,1.0,1.0
/m/03jg5t,/people/person/spouse_s./people/marriage/type_of_union,/m/04ztj,1.0,1.0
/m/034cj9,/people/person/spouse_s./people/marriage/type_of_union,/m/04ztj,1.0,1.0
/m/03_2y,/people/person/profession,/m/02hrh1q,1.0,1.0
/m/0306bt,/people/person/profession,/m/02hrh1q,1.0,1.0
/m/023mdt,/people/person/sibling_s./people/sibling_relationship/sibling,/m/02js6_,1.0,1.0
/m/01vvpjj,/people/person/languages,/m/03x42,1.0,1.0
/m/0227tr,/people/person/places_lived./people/place_lived/location,/m/05ksh,1.0,1.0
/m/058nh2,/people/person/profession,/m/02hrh1q,1.0,1.0
/m/02h48,/people/person/profession,/m/02hrh1q,1.0,1.0
/m/01zg98,/people/person/profession,/m/02krf9,1.0,1.0
/m/02cllz,/people/person/profession,/m/02hrh1q,1.0,1.0
/m/049m19,/people/person/nationality,/m/03rk0,1.0,1.0
/m/02f1c,/people/person/profession,/m/04f2zj,1.0,1.0
/m/023361,/people/person/spouse_s./people/marriage/type_of_union,/m/04ztj,1.0,1.0
/m/02m7r,/people/person/places_lived./people/place_lived/location,/m/02jx1,1.0,1.0
/m/034rd,/people/person/religion,/m/02rsw,1.0,1.0
/m/02lf0c,/people/person/spouse_s./people/marriage/type_of_union,/m/04ztj,1.0,1.0
/m/02r4qs,/people/person/spouse_s./people/marriage/type_of_union,/m/04ztj,1.0,1.0
/m/01wmgrf,/people/person/profession,/m/02hrh1q,1.0,1.0
/m/048z7l,/people/ethnicity/languages_spoken,/m/03hkp,1.0,1.0
/m/04ztj,/people/marriage_union_type/unions_of_this_type./people/marriage/location_of_ceremony,/m/01z8f0,1.0,1.0
/m/027r0_f,/people/person/places_lived./people/place_lived/location,/m/05kj_,1.0,1.0
/m/03m8lq,/people/person/spouse_s./people/marriage/type_of_union,/m/04ztj,1.0,1.0
/m/01vvydl,/people/person/places_lived./people/place_lived/location,/m/030qb3t,1.0,1.0
/m/059fjj,/people/person/religion,/m/03_gx,1.0,1.0
/m/042q3,/people/person/place_of_birth,/m/02z0j,1.0,1.0
/m/01vt9p3,/people/person/gender,/m/02zsn,1.0,1.0
/m/03qjlz,/people/person/place_of_birth,/m/02_286,1.0,1.0
/m/02z1yj,/people/person/languages,/m/02h40lc,1.0,1.0
/m/01twdk,/people/person/profession,/m/02hrh1q,1.0,1.0
/m/041rx,/people/ethnicity/people,/m/023v4_,1.0,1.0
/m/01wqpnm,/people/person/nationality,/m/02jx1,1.0,1.0
/m/02gx2x,/people/ethnicity/geographic_distribution,/m/01vfwd,1.0,1.0
/m/04205z,/people/person/languages,/m/02h40lc,1.0,1.0
/m/031296,/people/person/places_lived./people/place_lived/location,/m/031y2,1.0,1.0
/m/01vsksr,/people/person/nationality,/m/02jx1,1.0,1.0
/m/0372p,/people/person/nationality,/m/0345h,1.0,1.0
/m/02pk6x,/people/person/languages,/m/04306rv,1.0,1.0
/m/01xsc9,/people/person/nationality,/m/02jx1,1.0,1.0
/m/02pk6x,/people/person/gender,/m/02zsn,1.0,1.0
/m/036qs_,/people/person/place_of_birth,/m/04sqj,1.0,1.0
/m/01vx5w7,/people/person/profession,/m/02hrh1q,1.0,1.0
/m/02n1gr,/people/person/profession,/m/02hrh1q,1.0,1.0
/m/01wqmm8,/people/person/gender,/m/02zsn,1.0,1.0
/m/0237jb,/people/person/profession,/m/02jknp,1.0,1.0
/m/0210hf,/people/person/spouse_s./people/marriage/type_of_union,/m/04ztj,1.0,1.0
/m/02zl4d,/people/person/languages,/m/02bjrlw,1.0,1.0
/m/025hl8,/people/cause_of_death/people,/m/02ch1w,1.0,1.0
/m/048z7l,/people/ethnicity/people,/m/02z1yj,1.0,1.0
/m/026sv5l,/people/person/spouse_s./people/marriage/type_of_union,/m/04ztj,1.0,1.0
/m/02xfj0,/people/person/spouse_s./people/marriage/type_of_union,/m/04ztj,1.0,1.0
/m/048z7l,/people/ethnicity/people,/m/01xcr4,1.0,1.0
/m/02z1yj,/people/person/spouse_s./people/marriage/type_of_union,/m/04ztj,1.0,1.0
/m/03cprft,/people/deceased_person/place_of_death,/m/04vmp,1.0,1.0
/m/02x02kb,/people/person/profession,/m/02hrh1q,1.0,1.0
/m/05728w1,/people/person/profession,/m/02pjxr,1.0,1.0
/m/03d_zl4,/people/person/spouse_s./people/marriage/type_of_union,/m/04ztj,1.0,1.0
/m/04mvp8,/people/ethnicity/people,/m/02hkv5,1.0,1.0
/m/01zwy,/people/person/employment_history./business/employment_tenure/company,/m/01w3v,1.0,1.0
/m/01vh08,/people/person/profession,/m/02hrh1q,1.0,1.0
/m/02t1wn,/people/person/profession,/m/02hrh1q,1.0,1.0
/m/03crcpt,/people/person/nationality,/m/02jx1,1.0,1.0
/m/021_rm,/people/person/place_of_birth,/m/02_286,1.0,1.0
/m/01xdf5,/people/person/spouse_s./people/marriage/type_of_union,/m/04ztj,1.0,1.0
/m/04qt29,/people/person/gender,/m/02zsn,1.0,1.0
/m/02vq8xn,/people/person/employment_history./business/employment_tenure/company,/m/03jl0_,1.0,1.0
/m/03lvyj,/people/person/spouse_s./people/marriage/location_of_ceremony,/m/01x73,1.0,1.0
/m/026v437,/people/person/profession,/m/02hrh1q,1.0,1.0
/m/05fnl9,/people/person/profession,/m/02krf9,1.0,1.0
/m/05k2s_,/people/person/profession,/m/02jknp,1.0,1.0
/m/01x53m,/people/person/employment_history./business/employment_tenure/company,/m/03sc8,1.0,1.0
/m/02gf_l,/people/person/place_of_birth,/m/02cl1,1.0,1.0
/m/053ksp,/people/person/place_of_birth,/m/01yj2,1.0,1.0
/m/0222qb,/people/ethnicity/people,/m/02pqgt8,1.0,1.0
/m/028pzq,/people/person/profession,/m/02hrh1q,1.0,1.0
/m/04psf,/people/cause_of_death/people,/m/033hqf,1.0,1.0
/m/04zkj5,/people/person/profession,/m/03gjzk,1.0,1.0
/m/042xrr,/people/person/profession,/m/02hrh1q,1.0,1.0
/m/04gycf,/people/person/spouse_s./people/marriage/type_of_union,/m/04ztj,1.0,1.0
/m/01ww2fs,/people/person/profession,/m/02hrh1q,1.0,1.0
/m/01wsl7c,/people/person/profession,/m/039v1,1.0,1.0
/m/021bk,/people/person/spouse_s./people/marriage/type_of_union,/m/04ztj,1.0,1.0
/m/033m23,/people/person/languages,/m/03115z,1.0,1.0
/m/02773m2,/people/person/profession,/m/02hrh1q,1.0,1.0
/m/01tw31,/people/person/profession,/m/029bkp,1.0,1.0
/m/05cx7x,/people/person/spouse_s./people/marriage/location_of_ceremony,/m/02_286,1.0,1.0
/m/02l3_5,/people/person/gender,/m/02zsn,1.0,1.0
/m/0277470,/people/person/profession,/m/02hrh1q,1.0,1.0
/m/05kh_,/people/person/profession,/m/02krf9,1.0,1.0
/m/02qx1m2,/people/person/nationality,/m/0345h,1.0,1.0
/m/03p01x,/people/person/profession,/m/02jknp,1.0,1.0
/m/04vq3h,/people/person/profession,/m/02hrh1q,1.0,1.0
/m/026dd2b,/people/person/profession,/m/03gjzk,1.0,1.0
/m/01x0sy,/people/person/profession,/m/02hrh1q,1.0,1.0
/m/03lgg,/people/person/profession,/m/02hrh1q,1.0,1.0
/m/01vw8mh,/people/person/languages,/m/02h40lc,1.0,1.0
/m/04ztj,/people/marriage_union_type/unions_of_this_type./people/marriage/location_of_ceremony,/m/050l8,1.0,1.0
/m/01wskg,/people/person/spouse_s./people/marriage/type_of_union,/m/04ztj,1.0,1.0
/m/02fb1n,/people/person/spouse_s./people/marriage/type_of_union,/m/04ztj,1.0,1.0
/m/03_hd,/people/person/spouse_s./people/marriage/type_of_union,/m/04ztj,1.0,1.0
/m/01vs4ff,/people/person/profession,/m/039v1,1.0,1.0
/m/057hz,/people/person/gender,/m/02zsn,1.0,1.0
/m/021j72,/people/person/profession,/m/02hrh1q,1.0,1.0
/m/05fyss,/people/person/employment_history./business/employment_tenure/company,/m/03ksy,1.0,1.0
/m/01zt10,/people/person/places_lived./people/place_lived/location,/m/04vmp,1.0,1.0
/m/03dbww,/people/person/profession,/m/02hrh1q,1.0,1.0
/m/02rgz4,/people/person/profession,/m/028kk_,1.0,1.0
/m/04ztj,/people/marriage_union_type/unions_of_this_type./people/marriage/location_of_ceremony,/m/056vv,1.0,1.0
/m/04b19t,/people/person/place_of_birth,/m/04vmp,1.0,1.0
/m/02tf1y,/people/person/places_lived./people/place_lived/location,/m/02_286,1.0,1.0
/m/03m_k0,/people/person/profession,/m/02hv44_,1.0,1.0
/m/01x6jd,/people/person/profession,/m/02hrh1q,1.0,1.0
/m/02qjj7,/people/person/profession,/m/02hrh1q,1.0,1.0
/m/0276jmv,/people/person/profession,/m/02hrh1q,1.0,1.0
/m/03f4w4,/people/person/gender,/m/02zsn,1.0,1.0
/m/02f2dn,/people/person/nationality,/m/02jx1,1.0,1.0
/m/045cq,/people/deceased_person/place_of_death,/m/030qb3t,1.0,1.0
/m/03c_8t,/people/person/place_of_birth,/m/052p7,1.0,1.0
/m/04y0yc,/people/person/gender,/m/02zsn,1.0,1.0
/m/01vsps,/people/person/spouse_s./people/marriage/type_of_union,/m/04ztj,1.0,1.0
/m/01vsy3q,/people/person/places_lived./people/place_lived/location,/m/02_286,1.0,1.0
/m/01tszq,/people/person/profession,/m/02hrh1q,1.0,1.0
/m/01vxqyl,/people/person/spouse_s./people/marriage/type_of_union,/m/04ztj,1.0,1.0
/m/027km64,/people/person/gender,/m/02zsn,1.0,1.0
/m/0522wp,/people/person/profession,/m/02jknp,1.0,1.0
/m/033w9g,/people/person/spouse_s./people/marriage/type_of_union,/m/04ztj,1.0,1.0
/m/059fjj,/people/person/places_lived./people/place_lived/location,/m/02_286,1.0,1.0
/m/02vntj,/people/person/profession,/m/02hrh1q,1.0,1.0
/m/02lk95,/people/person/profession,/m/02hrh1q,1.0,1.0
/m/03d8njj,/people/person/profession,/m/02hrh1q,1.0,1.0
/m/02gvwz,/people/person/nationality,/m/02jx1,1.0,1.0
/m/025l5,/people/deceased_person/place_of_death,/m/05jbn,1.0,1.0
/m/03d2k,/people/person/profession,/m/039v1,1.0,1.0
/m/02w7gg,/people/ethnicity/people,/m/041h0,1.0,1.0
/m/03n0q5,/people/person/sibling_s./people/sibling_relationship/sibling,/m/03n0pv,1.0,1.0
/m/03rqww,/people/person/profession,/m/02krf9,1.0,1.0
/m/03mfqm,/people/person/profession,/m/026sdt1,1.0,1.0
/m/02lf70,/people/person/languages,/m/02bjrlw,1.0,1.0
/m/04ztj,/people/marriage_union_type/unions_of_this_type./people/marriage/location_of_ceremony,/m/02h6_6p,1.0,1.0
/m/02k21g,/people/person/languages,/m/02h40lc,1.0,1.0
/m/026yqrr,/people/person/profession,/m/047rgpy,1.0,1.0
/m/020x5r,/people/person/profession,/m/02jknp,1.0,1.0
/m/041rx,/people/ethnicity/people,/m/01w02sy,1.0,1.0
/m/02114t,/people/person/gender,/m/02zsn,1.0,1.0
/m/02vsw1,/people/ethnicity/languages_spoken,/m/05f_3,1.0,1.0
/m/023t0q,/people/person/spouse_s./people/marriage/type_of_union,/m/04ztj,1.0,1.0
/m/01vwbts,/people/person/profession,/m/039v1,1.0,1.0
/m/03ftmg,/people/person/profession,/m/02jknp,1.0,1.0
/m/027n4zv,/people/person/spouse_s./people/marriage/type_of_union,/m/04ztj,1.0,1.0
/m/031bf1,/people/person/places_lived./people/place_lived/location,/m/02_286,1.0,1.0
/m/05bp8g,/people/person/spouse_s./people/marriage/type_of_union,/m/04ztj,1.0,1.0
/m/026w_gk,/people/person/profession,/m/02krf9,1.0,1.0
/m/01trf3,/people/person/spouse_s./people/marriage/type_of_union,/m/04ztj,1.0,1.0
/m/054c1,/people/person/profession,/m/02hrh1q,1.0,1.0
/m/04flrx,/people/person/profession,/m/02jknp,1.0,1.0
/m/027kmrb,/people/person/profession,/m/03gjzk,1.0,1.0
/m/023jq1,/people/person/languages,/m/02h40lc,1.0,1.0
/m/02w7gg,/people/ethnicity/people,/m/03f70xs,1.0,1.0
/m/024dgj,/people/person/profession,/m/039v1,1.0,1.0
/m/02xfj0,/people/person/profession,/m/03gjzk,1.0,1.0
/m/02cx90,/people/person/profession,/m/02hrh1q,1.0,1.0
/m/01twdk,/people/person/profession,/m/02krf9,1.0,1.0
/m/02y0js,/people/cause_of_death/people,/m/053yx,1.0,1.0
/m/01x53m,/people/person/languages,/m/02h40lc,1.0,1.0
/m/0448r,/people/person/languages,/m/02h40lc,1.0,1.0
/m/02qnk5c,/people/person/nationality,/m/03rk0,1.0,1.0
/m/02znwv,/people/person/place_of_birth,/m/02_286,1.0,1.0
/m/036qs_,/people/person/places_lived./people/place_lived/location,/m/04sqj,1.0,1.0
/m/038723,/people/ethnicity/people,/m/01zz8t,1.0,1.0
/m/05g8ky,/people/person/profession,/m/03gjzk,1.0,1.0
/m/029ghl,/people/person/spouse_s./people/marriage/spouse,/m/03xpsrx,1.0,1.0
/m/03xk1_,/people/person/profession,/m/02hrh1q,1.0,1.0
/m/020bg,/people/person/nationality,/m/03rjj,1.0,1.0
/m/01vh18t,/people/person/spouse_s./people/marriage/type_of_union,/m/04ztj,1.0,1.0
/m/02zfdp,/people/person/nationality,/m/02jx1,1.0,1.0
/m/028r4y,/people/person/places_lived./people/place_lived/location,/m/02_286,1.0,1.0
/m/032w8h,/people/person/spouse_s./people/marriage/type_of_union,/m/04ztj,1.0,1.0
/m/024t0y,/people/person/profession,/m/02hrh1q,1.0,1.0
/m/04sry,/people/person/profession,/m/02jknp,1.0,1.0
/m/02v2jy,/people/person/profession,/m/02hrh1q,1.0,1.0
/m/045hz5,/people/person/gender,/m/02zsn,1.0,1.0
/m/0301bq,/people/person/profession,/m/02hrh1q,1.0,1.0
/m/024jwt,/people/person/languages,/m/02h40lc,1.0,1.0
/m/046rfv,/people/person/nationality,/m/03rk0,1.0,1.0
/m/041rx,/people/ethnicity/people,/m/037q1z,1.0,1.0
/m/01tzm9,/people/person/spouse_s./people/marriage/type_of_union,/m/04ztj,1.0,1.0
/m/01wdcxk,/people/person/profession,/m/025352,1.0,1.0
/m/02nygk,/people/person/place_of_birth,/m/02_286,1.0,1.0
/m/04smkr,/people/person/gender,/m/02zsn,1.0,1.0
/m/02tq2r,/people/person/religion,/m/03j6c,1.0,1.0
/m/02cx72,/people/person/places_lived./people/place_lived/location,/m/01zmqw,1.0,1.0
/m/02vmzp,/people/person/spouse_s./people/marriage/type_of_union,/m/04ztj,1.0,1.0
/m/02wk4d,/people/person/profession,/m/02jknp,1.0,1.0
/m/01w923,/people/person/spouse_s./people/marriage/type_of_union,/m/04ztj,1.0,1.0
/m/02hh8j,/people/person/spouse_s./people/marriage/type_of_union,/m/04ztj,1.0,1.0
/m/03gvpk,/people/deceased_person/place_of_death,/m/02xry,1.0,1.0
/m/04l3_z,/people/person/spouse_s./people/marriage/type_of_union,/m/04ztj,1.0,1.0
/m/02n1gr,/people/person/places_lived./people/place_lived/location,/m/02c7tb,1.0,1.0
/m/01w02sy,/people/person/places_lived./people/place_lived/location,/m/02jx1,1.0,1.0
/m/025n3p,/people/person/profession,/m/03gjzk,1.0,1.0
/m/037gjc,/people/person/spouse_s./people/marriage/type_of_union,/m/04ztj,1.0,1.0
/m/0466k4,/people/person/places_lived./people/place_lived/location,/m/04wlh,1.0,1.0
/m/01wk51,/people/person/gender,/m/02zsn,1.0,1.0
/m/03dn9v,/people/person/languages,/m/02h40lc,1.0,1.0
/m/01ynzf,/people/person/spouse_s./people/marriage/type_of_union,/m/04ztj,1.0,1.0
/m/054k_8,/people/person/profession,/m/02jknp,1.0,1.0
/m/02pt6k_,/people/person/spouse_s./people/marriage/type_of_union,/m/04ztj,1.0,1.0
/m/046_v,/people/person/spouse_s./people/marriage/type_of_union,/m/04ztj,1.0,1.0
/m/01vtmw6,/people/person/spouse_s./people/marriage/type_of_union,/m/04ztj,1.0,1.0
/m/027y151,/people/person/profession,/m/02tx6q,1.0,1.0
/m/03g62,/people/person/places_lived./people/place_lived/location,/m/03v1s,1.0,1.0
/m/01vz80y,/people/person/spouse_s./people/marriage/type_of_union,/m/04ztj,1.0,1.0
/m/04y0yc,/people/person/nationality,/m/03rk0,1.0,1.0
/m/041rx,/people/ethnicity/people,/m/02b29,1.0,1.0
/m/032nl2,/people/person/profession,/m/02hrh1q,1.0,1.0
/m/04r7jc,/people/person/profession,/m/02hv44_,1.0,1.0
/m/02yy_j,/people/person/profession,/m/02jknp,1.0,1.0
/m/033tf_,/people/ethnicity/people,/m/02l0xc,1.0,1.0
/m/03pmty,/people/person/profession,/m/02hrh1q,1.0,1.0
/m/02knxx,/people/cause_of_death/people,/m/02t_w8,1.0,1.0
/m/0252fh,/people/person/profession,/m/02hrh1q,1.0,1.0
/m/02n1p5,/people/person/spouse_s./people/marriage/location_of_ceremony,/m/04vmp,1.0,1.0
/m/01z0rcq,/people/person/place_of_birth,/m/0281s1,1.0,1.0
/m/01w58n3,/people/person/profession,/m/04gf49c,1.0,1.0
/m/02g5bf,/people/person/spouse_s./people/marriage/type_of_union,/m/04ztj,1.0,1.0
/m/03q5dr,/people/person/nationality,/m/02jx1,1.0,1.0
/m/01z0lb,/people/person/profession,/m/02hv44_,1.0,1.0
/m/02cpb7,/people/person/places_lived./people/place_lived/location,/m/04jpl,1.0,1.0
/m/03xkps,/people/person/spouse_s./people/marriage/type_of_union,/m/04ztj,1.0,1.0
/m/046m59,/people/person/profession,/m/02hrh1q,1.0,1.0
/m/03yf5g,/people/person/nationality,/m/0345_,1.0,1.0
/m/01zp33,/people/person/place_of_birth,/m/04vmp,1.0,1.0
/m/01xg_w,/people/person/spouse_s./people/marriage/type_of_union,/m/04ztj,1.0,1.0
/m/03d6wsd,/people/person/religion,/m/03j6c,1.0,1.0
/m/02hy9p,/people/person/place_of_birth,/m/02_286,1.0,1.0
/m/03hnd,/people/person/profession,/m/03jgz,1.0,1.0
/m/05fh2,/people/person/place_of_birth,/m/031y2,1.0,1.0
/m/041rx,/people/ethnicity/people,/m/03fg0r,1.0,1.0
/m/01xhh5,/people/ethnicity/geographic_distribution,/m/05b7q,1.0,1.0
/m/02vsw1,/people/ethnicity/languages_spoken,/m/02bjrlw,1.0,1.0
/m/027_sn,/people/person/places_lived./people/place_lived/location,/m/02_286,1.0,1.0
/m/02js9p,/people/person/spouse_s./people/marriage/type_of_union,/m/04ztj,1.0,1.0
/m/044mz_,/people/person/nationality,/m/02jx1,1.0,1.0
/m/033tf_,/people/ethnicity/people,/m/046zh,1.0,1.0
/m/058s57,/people/person/spouse_s./people/marriage/type_of_union,/m/04ztj,1.0,1.0
/m/04ztj,/people/marriage_union_type/unions_of_this_type./people/marriage/location_of_ceremony,/m/04pry,1.0,1.0
/m/03ldxq,/people/person/gender,/m/02zsn,1.0,1.0
/m/021yzs,/people/person/nationality,/m/02jx1,1.0,1.0
/m/039bp,/people/person/profession,/m/02hrh1q,1.0,1.0
/m/02lyx4,/people/person/places_lived./people/place_lived/location,/m/05fky,1.0,1.0
/m/04ztj,/people/marriage_union_type/unions_of_this_type./people/marriage/location_of_ceremony,/m/052p7,1.0,1.0
/m/02w7gg,/people/ethnicity/people,/m/02cllz,1.0,1.0
/m/045w_4,/people/person/profession,/m/02hrh1q,1.0,1.0
/m/02w7gg,/people/ethnicity/people,/m/02l4pj,1.0,1.0
/m/01w9ph_,/people/person/profession,/m/02jknp,1.0,1.0
/m/03p01x,/people/person/profession,/m/03gjzk,1.0,1.0
/m/01vsy3q,/people/person/places_lived./people/place_lived/location,/m/04jpl,1.0,1.0
/m/025tdwc,/people/person/nationality,/m/03rk0,1.0,1.0
/m/03nqbvz,/people/person/spouse_s./people/marriage/type_of_union,/m/04ztj,1.0,1.0
/m/0234pg,/people/person/spouse_s./people/marriage/type_of_union,/m/04ztj,1.0,1.0
/m/03rwng,/people/person/spouse_s./people/marriage/type_of_union,/m/04ztj,1.0,1.0
/m/03v1w7,/people/person/spouse_s./people/marriage/type_of_union,/m/04ztj,1.0,1.0
/m/02mc79,/people/person/place_of_birth,/m/02_286,1.0,1.0
/m/03ft8,/people/person/spouse_s./people/marriage/type_of_union,/m/04ztj,1.0,1.0
/m/041rx,/people/ethnicity/people,/m/03f7m4h,1.0,1.0
/m/03xpf_7,/people/person/spouse_s./people/marriage/type_of_union,/m/04ztj,1.0,1.0
/m/01vvb4m,/people/person/spouse_s./people/marriage/type_of_union,/m/04ztj,1.0,1.0
/m/032q8q,/people/person/languages,/m/02h40lc,1.0,1.0
/m/03crcpt,/people/person/spouse_s./people/marriage/type_of_union,/m/04ztj,1.0,1.0
/m/02f2p7,/people/person/languages,/m/02bjrlw,1.0,1.0
/m/02756j,/people/person/spouse_s./people/marriage/type_of_union,/m/04ztj,1.0,1.0
/m/03k1vm,/people/person/spouse_s./people/marriage/type_of_union,/m/04ztj,1.0,1.0
/m/03f1r6t,/people/person/spouse_s./people/marriage/type_of_union,/m/04ztj,1.0,1.0
/m/04ztj,/people/marriage_union_type/unions_of_this_type./people/marriage/location_of_ceremony,/m/02tb17,1.0,1.0
/m/03qmx_f,/people/person/spouse_s./people/marriage/type_of_union,/m/04ztj,1.0,1.0
/m/041rx,/people/ethnicity/people,/m/02t_vx,1.0,1.0
/m/02dth1,/people/deceased_person/place_of_death,/m/02_286,1.0,1.0
/m/02xfj0,/people/person/profession,/m/02hrh1q,1.0,1.0
/m/054bt3,/people/person/spouse_s./people/marriage/type_of_union,/m/04ztj,1.0,1.0
/m/01vzxld,/people/person/languages,/m/02h40lc,1.0,1.0
/m/02x7vq,/people/person/profession,/m/02hrh1q,1.0,1.0
/m/04zkj5,/people/person/profession,/m/02krf9,1.0,1.0
/m/0285xqh,/people/person/nationality,/m/03rk0,1.0,1.0
/m/03yk8z,/people/person/profession,/m/02hrh1q,1.0,1.0
/m/02vwckw,/people/person/profession,/m/02hrh1q,1.0,1.0
/m/03csqj4,/people/person/place_of_birth,/m/04ly1,1.0,1.0
/m/04lp8k,/people/person/spouse_s./people/marriage/type_of_union,/m/04ztj,1.0,1.0
/m/02v406,/people/person/religion,/m/04pk9,1.0,1.0
/m/03w9bjf,/people/ethnicity/people,/m/05d7rk,1.0,1.0
/m/04kwbt,/people/person/profession,/m/02jknp,1.0,1.0
/m/025tdwc,/people/person/profession,/m/02hrh1q,1.0,1.0
/m/0522wp,/people/person/spouse_s./people/marriage/type_of_union,/m/04ztj,1.0,1.0
/m/039wsf,/people/person/profession,/m/02krf9,1.0,1.0
/m/02rk45,/people/person/profession,/m/02hrh1q,1.0,1.0
/m/02_33l,/people/person/spouse_s./people/marriage/type_of_union,/m/04ztj,1.0,1.0
/m/03qhyn8,/people/person/nationality,/m/03rjj,1.0,1.0
/m/03hnd,/people/person/nationality,/m/02jx1,1.0,1.0
/m/01wj92r,/people/person/spouse_s./people/marriage/type_of_union,/m/04ztj,1.0,1.0
/m/05k2s_,/people/person/spouse_s./people/marriage/type_of_union,/m/04ztj,1.0,1.0
/m/01vwyqp,/people/person/profession,/m/02hrh1q,1.0,1.0
/m/02whj,/people/person/spouse_s./people/marriage/type_of_union,/m/04ztj,1.0,1.0
/m/033tf_,/people/ethnicity/languages_spoken,/m/02h40lc,1.0,1.0
/m/04t2l2,/people/person/profession,/m/02hrh1q,1.0,1.0
/m/044ptm,/people/person/religion,/m/03j6c,1.0,1.0
/m/03s9v,/people/person/employment_history./business/employment_tenure/company,/m/02hcxm,1.0,1.0
/m/0277c3,/people/person/nationality,/m/0345h,1.0,1.0
/m/03b0q4,/people/person/profession,/m/02hrh1q,1.0,1.0
/m/03c5bz,/people/person/gender,/m/02zsn,1.0,1.0
/m/03dpqd,/people/person/profession,/m/02hrh1q,1.0,1.0
/m/04264n,/people/deceased_person/place_of_death,/m/030qb3t,1.0,1.0
/m/02ctzb,/people/ethnicity/people,/m/038w8,1.0,1.0
/m/033m23,/people/person/spouse_s./people/marriage/type_of_union,/m/04ztj,1.0,1.0
/m/03f3_p3,/people/person/gender,/m/02zsn,1.0,1.0
/m/02l6dy,/people/person/spouse_s./people/marriage/type_of_union,/m/04ztj,1.0,1.0
/m/04g4n,/people/person/profession,/m/02hrh1q,1.0,1.0
/m/01xwv7,/people/person/profession,/m/02hrh1q,1.0,1.0
/m/02w7gg,/people/ethnicity/people,/m/022g44,1.0,1.0
/m/03mz9r,/people/person/place_of_birth,/m/02dtg,1.0,1.0
/m/04tnqn,/people/person/spouse_s./people/marriage/type_of_union,/m/04ztj,1.0,1.0
/m/041rx,/people/ethnicity/people,/m/02ch1w,1.0,1.0
/m/03xp8d5,/people/person/spouse_s./people/marriage/type_of_union,/m/04ztj,1.0,1.0
/m/02jm0n,/people/person/profession,/m/02hrh1q,1.0,1.0
/m/028k57,/people/person/profession,/m/02krf9,1.0,1.0
/m/0227vl,/people/person/places_lived./people/place_lived/location,/m/02_286,1.0,1.0
/m/03x400,/people/person/profession,/m/02hrh1q,1.0,1.0
/m/044n3h,/people/person/spouse_s./people/marriage/type_of_union,/m/04ztj,1.0,1.0
/m/02l6dy,/people/person/profession,/m/02hrh1q,1.0,1.0
/m/03t8v3,/people/person/nationality,/m/03rk0,1.0,1.0
/m/03_nq,/people/person/spouse_s./people/marriage/type_of_union,/m/04ztj,1.0,1.0
/m/01vvydl,/people/person/profession,/m/047rgpy,1.0,1.0
/m/04zn7g,/people/person/profession,/m/02hrh1q,1.0,1.0
/m/03ywyk,/people/person/profession,/m/02hrh1q,1.0,1.0
/m/044mz_,/people/person/profession,/m/02hrh1q,1.0,1.0
/m/034bgm,/people/person/places_lived./people/place_lived/location,/m/02_286,1.0,1.0
/m/02jxsq,/people/person/religion,/m/03j6c,1.0,1.0
/m/038rzr,/people/person/profession,/m/02hrh1q,1.0,1.0
/m/04mg6l,/people/person/spouse_s./people/marriage/type_of_union,/m/04ztj,1.0,1.0
/m/03q3sy,/people/person/places_lived./people/place_lived/location,/m/030qb3t,1.0,1.0
/m/029pnn,/people/person/religion,/m/03_gx,1.0,1.0
/m/030znt,/people/person/spouse_s./people/marriage/type_of_union,/m/04ztj,1.0,1.0
/m/02jtjz,/people/person/profession,/m/02hrh1q,1.0,1.0
/m/03f70xs,/people/person/place_of_birth,/m/04jpl,1.0,1.0
/m/027kmrb,/people/person/spouse_s./people/marriage/type_of_union,/m/04ztj,1.0,1.0
/m/02p21g,/people/person/spouse_s./people/marriage/type_of_union,/m/04ztj,1.0,1.0
/m/01vrlqd,/people/person/gender,/m/02zsn,1.0,1.0
/m/04n65n,/people/person/profession,/m/02hrh1q,1.0,1.0
/m/01vw20h,/people/person/profession,/m/03gjzk,1.0,1.0
/m/01tt43d,/people/person/profession,/m/02jknp,1.0,1.0
/m/02k6hp,/people/cause_of_death/people,/m/02mv9b,1.0,1.0
/m/02xc1w4,/people/person/profession,/m/02hrh1q,1.0,1.0
/m/03hfxx,/people/person/nationality,/m/03rk0,1.0,1.0
/m/01tszq,/people/person/spouse_s./people/marriage/type_of_union,/m/04ztj,1.0,1.0
/m/03d6wsd,/people/person/nationality,/m/03rk0,1.0,1.0
/m/03_gd,/people/person/profession,/m/03sbb,1.0,1.0
/m/01vrnsk,/people/person/nationality,/m/02jx1,1.0,1.0
/m/04ztj,/people/marriage_union_type/unions_of_this_type./people/marriage/location_of_ceremony,/m/0430_,1.0,1.0
/m/041rx,/people/ethnicity/people,/m/058kqy,1.0,1.0
/m/0205dx,/people/person/profession,/m/02jknp,1.0,1.0
/m/01v90t,/people/person/profession,/m/02hv44_,1.0,1.0
/m/044kwr,/people/deceased_person/place_of_death,/m/030qb3t,1.0,1.0
/m/01vz0g4,/people/person/spouse_s./people/marriage/type_of_union,/m/04ztj,1.0,1.0
/m/01vh096,/people/person/spouse_s./people/marriage/type_of_union,/m/04ztj,1.0,1.0
/m/048lv,/people/person/places_lived./people/place_lived/location,/m/030qb3t,1.0,1.0
/m/039crh,/people/person/gender,/m/02zsn,1.0,1.0
/m/02hg53,/people/person/profession,/m/02hrh1q,1.0,1.0
/m/04ztj,/people/marriage_union_type/unions_of_this_type./people/marriage/location_of_ceremony,/m/04ykg,1.0,1.0
/m/033rq,/people/person/nationality,/m/03rjj,1.0,1.0
/m/035sc2,/people/person/religion,/m/051kv,1.0,1.0
/m/025ldg,/people/person/gender,/m/02zsn,1.0,1.0
/m/037s5h,/people/person/spouse_s./people/marriage/location_of_ceremony,/m/03rjj,1.0,1.0
/m/05d1dy,/people/person/profession,/m/03gjzk,1.0,1.0
/m/01tv3x2,/people/person/spouse_s./people/marriage/type_of_union,/m/04ztj,1.0,1.0
/m/02k76g,/people/person/place_of_birth,/m/02_286,1.0,1.0
/m/021b_,/people/person/gender,/m/02zsn,1.0,1.0
/m/03j367r,/people/person/profession,/m/02hrh1q,1.0,1.0
/m/02kxbx3,/people/person/sibling_s./people/sibling_relationship/sibling,/m/02kxbwx,1.0,1.0
/m/04czx7,/people/ethnicity/languages_spoken,/m/0459q4,1.0,1.0
/m/04cl1,/people/person/languages,/m/02h40lc,1.0,1.0
/m/03gkn5,/people/person/spouse_s./people/marriage/type_of_union,/m/04ztj,1.0,1.0
/m/059y0,/people/person/spouse_s./people/marriage/type_of_union,/m/04ztj,1.0,1.0
/m/02qvhbb,/people/person/places_lived./people/place_lived/location,/m/03rk0,1.0,1.0
/m/02x08c,/people/person/spouse_s./people/marriage/type_of_union,/m/04ztj,1.0,1.0
/m/01v5h,/people/person/profession,/m/02jknp,1.0,1.0
/m/02z6l5f,/people/person/profession,/m/03gjzk,1.0,1.0
/m/041rx,/people/ethnicity/people,/m/04z542,1.0,1.0
/m/023tp8,/people/person/spouse_s./people/marriage/spouse,/m/01vvb4m,1.0,1.0
/m/04mx7s,/people/person/spouse_s./people/marriage/type_of_union,/m/04ztj,1.0,1.0
/m/02184q,/people/person/languages,/m/02h40lc,1.0,1.0
/m/03kxp7,/people/person/gender,/m/02zsn,1.0,1.0
/m/05f0r8,/people/deceased_person/place_of_death,/m/030qb3t,1.0,1.0
/m/02xgdv,/people/person/religion,/m/03j6c,1.0,1.0
/m/01yg9y,/people/person/profession,/m/02hrh1q,1.0,1.0
/m/02zyq6,/people/person/spouse_s./people/marriage/type_of_union,/m/04ztj,1.0,1.0
/m/025b3k,/people/person/places_lived./people/place_lived/location,/m/04ly1,1.0,1.0
/m/03_wtr,/people/person/profession,/m/02hrh1q,1.0,1.0
/m/01vsl3_,/people/person/spouse_s./people/marriage/type_of_union,/m/04ztj,1.0,1.0
/m/05683cn,/people/person/place_of_birth,/m/030qb3t,1.0,1.0
/m/041rx,/people/ethnicity/people,/m/01z_g6,1.0,1.0
/m/0488g9,/people/person/profession,/m/02krf9,1.0,1.0
/m/02bxjp,/people/person/profession,/m/02jknp,1.0,1.0
/m/035wq7,/people/person/spouse_s./people/marriage/type_of_union,/m/04ztj,1.0,1.0
/m/025b3k,/people/person/spouse_s./people/marriage/type_of_union,/m/04ztj,1.0,1.0
/m/043js,/people/person/places_lived./people/place_lived/location,/m/02_286,1.0,1.0
/m/059xvg,/people/person/spouse_s./people/marriage/type_of_union,/m/04ztj,1.0,1.0
/m/02h0f3,/people/person/profession,/m/02krf9,1.0,1.0
/m/04mhbh,/people/person/spouse_s./people/marriage/type_of_union,/m/04ztj,1.0,1.0
/m/02v49c,/people/person/profession,/m/02hrh1q,1.0,1.0
/m/01wsl7c,/people/person/gender,/m/02zsn,1.0,1.0
/m/01tpl1p,/people/person/gender,/m/02zsn,1.0,1.0
/m/043gj,/people/deceased_person/place_of_death,/m/030qb3t,1.0,1.0
/m/0320jz,/people/person/spouse_s./people/marriage/type_of_union,/m/04ztj,1.0,1.0
/m/04ch23,/people/person/profession,/m/02hv44_,1.0,1.0
/m/02x08c,/people/person/profession,/m/02hrh1q,1.0,1.0
/m/02t_tp,/people/person/spouse_s./people/marriage/type_of_union,/m/04ztj,1.0,1.0
/m/03v1jf,/people/person/profession,/m/02hrh1q,1.0,1.0
/m/04qvl7,/people/person/nationality,/m/02jx1,1.0,1.0
/m/02sj1x,/people/person/spouse_s./people/marriage/type_of_union,/m/04ztj,1.0,1.0
/m/01ttg5,/people/person/profession,/m/02hrh1q,1.0,1.0
/m/01x9_8,/people/person/profession,/m/02hrh1q,1.0,1.0
/m/02hh8j,/people/person/profession,/m/02jknp,1.0,1.0
/m/04t969,/people/person/profession,/m/02hrh1q,1.0,1.0
/m/021yw7,/people/person/places_lived./people/place_lived/location,/m/01x73,1.0,1.0
/m/02f8lw,/people/person/place_of_birth,/m/02_286,1.0,1.0
/m/04xn2m,/people/person/places_lived./people/place_lived/location,/m/02_286,1.0,1.0
/m/01vrx35,/people/person/religion,/m/03_gx,1.0,1.0
/m/04d_mtq,/people/person/sibling_s./people/sibling_relationship/sibling,/m/04f7c55,1.0,1.0
/m/03flwk,/people/person/profession,/m/02hrh1q,1.0,1.0
/m/02t1cp,/people/person/spouse_s./people/marriage/type_of_union,/m/04ztj,1.0,1.0
/m/022_q8,/people/person/profession,/m/02krf9,1.0,1.0
/m/04mlh8,/people/person/profession,/m/02hrh1q,1.0,1.0
/m/02w7gg,/people/ethnicity/people,/m/03gt0c5,1.0,1.0
/m/02wycg2,/people/person/spouse_s./people/marriage/type_of_union,/m/04ztj,1.0,1.0
/m/03b78r,/people/person/profession,/m/02jknp,1.0,1.0
/m/0276g40,/people/person/place_of_birth,/m/04vmp,1.0,1.0
/m/02vkvcz,/people/person/places_lived./people/place_lived/location,/m/04jpl,1.0,1.0
/m/025p38,/people/person/places_lived./people/place_lived/location,/m/02p3my,1.0,1.0
/m/03f5spx,/people/person/spouse_s./people/marriage/type_of_union,/m/04ztj,1.0,1.0
/m/049m19,/people/person/place_of_birth,/m/04vmp,1.0,1.0
/m/04s9n,/people/person/nationality,/m/01z215,1.0,1.0
/m/053xw6,/people/person/places_lived./people/place_lived/location,/m/01xd9,1.0,1.0
/m/03f4xvm,/people/person/profession,/m/02hrh1q,1.0,1.0
/m/03_bcg,/people/person/spouse_s./people/marriage/type_of_union,/m/04ztj,1.0,1.0
/m/031zkw,/people/person/profession,/m/02hrh1q,1.0,1.0
/m/02633g,/people/person/spouse_s./people/marriage/type_of_union,/m/04ztj,1.0,1.0
/m/03j24kf,/people/person/languages,/m/02h40lc,1.0,1.0
/m/01wd9lv,/people/person/places_lived./people/place_lived/location,/m/02_286,1.0,1.0
/m/04328m,/people/deceased_person/place_of_death,/m/04vmp,1.0,1.0
/m/04wqr,/people/person/places_lived./people/place_lived/location,/m/030qb3t,1.0,1.0
/m/028bs1p,/people/person/nationality,/m/03rk0,1.0,1.0
/m/033tf_,/people/ethnicity/people,/m/034g2b,1.0,1.0
/m/01w7nww,/people/person/gender,/m/02zsn,1.0,1.0
/m/03g5_y,/people/person/profession,/m/02krf9,1.0,1.0
/m/05gc0h,/people/person/spouse_s./people/marriage/type_of_union,/m/04ztj,1.0,1.0
/m/059j1m,/people/person/spouse_s./people/marriage/type_of_union,/m/04ztj,1.0,1.0
/m/02rzmzk,/people/person/profession,/m/02hrh1q,1.0,1.0
/m/03hzkq,/people/person/profession,/m/02hrh1q,1.0,1.0
/m/0350l7,/people/person/gender,/m/02zsn,1.0,1.0
/m/01wgcvn,/people/person/profession,/m/01xr66,1.0,1.0
/m/041rx,/people/ethnicity/people,/m/03gvpk,1.0,1.0
/m/034ls,/people/person/profession,/m/02hrh1q,1.0,1.0
/m/05hj_k,/people/person/profession,/m/03gjzk,1.0,1.0
/m/02y0js,/people/cause_of_death/people,/m/045g4l,1.0,1.0
/m/043tg,/people/person/profession,/m/02p0s5r,1.0,1.0
/m/02jtjz,/people/person/place_of_birth,/m/02_286,1.0,1.0
/m/031296,/people/person/gender,/m/02zsn,1.0,1.0
/m/02p8v8,/people/person/profession,/m/021wpb,1.0,1.0
/m/04cf09,/people/person/profession,/m/02hrh1q,1.0,1.0
/m/0479b,/people/person/places_lived./people/place_lived/location,/m/030qb3t,1.0,1.0
/m/01yk13,/people/person/places_lived./people/place_lived/location,/m/030qb3t,1.0,1.0
/m/036dyy,/people/person/profession,/m/02jknp,1.0,1.0
/m/02yxwd,/people/person/nationality,/m/02jx1,1.0,1.0
/m/05b1062,/people/person/nationality,/m/03rk0,1.0,1.0
/m/0320jz,/people/person/places_lived./people/place_lived/location,/m/01x73,1.0,1.0
/m/04yqlk,/people/person/places_lived./people/place_lived/location,/m/02_286,1.0,1.0
/m/03mcwq3,/people/person/profession,/m/02hrh1q,1.0,1.0
/m/02lk1s,/people/person/profession,/m/03gjzk,1.0,1.0
/m/041rx,/people/ethnicity/people,/m/02vg0,1.0,1.0
/m/058kqy,/people/person/profession,/m/02jknp,1.0,1.0
/m/01v_pj6,/people/person/place_of_birth,/m/0214m4,1.0,1.0
/m/01v42g,/people/person/spouse_s./people/marriage/type_of_union,/m/04ztj,1.0,1.0
/m/03d9wk,/people/person/profession,/m/02hrh1q,1.0,1.0
/m/02j490,/people/person/profession,/m/02hrh1q,1.0,1.0
/m/03lvyj,/people/person/spouse_s./people/marriage/spouse,/m/02p5hf,1.0,1.0
/m/04bdzg,/people/person/places_lived./people/place_lived/location,/m/02_286,1.0,1.0
/m/03lgg,/people/person/profession,/m/02dsz,1.0,1.0
/m/041c4,/people/person/profession,/m/02jknp,1.0,1.0
/m/03xb2w,/people/person/places_lived./people/place_lived/location,/m/030qb3t,1.0,1.0
/m/01vqrm,/people/person/spouse_s./people/marriage/type_of_union,/m/04ztj,1.0,1.0
/m/03bnv,/people/person/places_lived./people/place_lived/location,/m/04lh6,1.0,1.0
/m/02_fj,/people/person/profession,/m/02hrh1q,1.0,1.0
/m/04fzk,/people/person/gender,/m/02zsn,1.0,1.0
/m/02jq1,/people/person/languages,/m/02h40lc,1.0,1.0
/m/04d_mtq,/people/person/sibling_s./people/sibling_relationship/sibling,/m/04cr6qv,1.0,1.0
/m/04ztj,/people/marriage_union_type/unions_of_this_type./people/marriage/location_of_ceremony,/m/03rk0,1.0,1.0
/m/01vsksr,/people/person/spouse_s./people/marriage/type_of_union,/m/04ztj,1.0,1.0
/m/02t_st,/people/person/profession,/m/02hrh1q,1.0,1.0
/m/025mb_,/people/person/places_lived./people/place_lived/location,/m/030qb3t,1.0,1.0
/m/03m3nzf,/people/person/nationality,/m/03rk0,1.0,1.0
/m/01v3vp,/people/person/profession,/m/02krf9,1.0,1.0
/m/01wg982,/people/person/spouse_s./people/marriage/type_of_union,/m/04ztj,1.0,1.0
/m/03cl8lb,/people/person/gender,/m/02zsn,1.0,1.0
/m/04n_g,/people/person/place_of_birth,/m/02_286,1.0,1.0
/m/03f0fnk,/people/person/languages,/m/02h40lc,1.0,1.0
/m/0311wg,/people/person/places_lived./people/place_lived/location,/m/02_286,1.0,1.0
/m/03f1zhf,/people/person/languages,/m/03_9r,1.0,1.0
/m/02vyw,/people/person/spouse_s./people/marriage/type_of_union,/m/04ztj,1.0,1.0
/m/04ld94,/people/person/profession,/m/02jknp,1.0,1.0
/m/01vt5c_,/people/person/religion,/m/03j6c,1.0,1.0
/m/03_f0,/people/person/spouse_s./people/marriage/type_of_union,/m/04ztj,1.0,1.0
/m/044f7,/people/person/places_lived./people/place_lived/location,/m/04tgp,1.0,1.0
/m/03jldb,/people/person/profession,/m/03gjzk,1.0,1.0
/m/028k57,/people/person/place_of_birth,/m/03pzf,1.0,1.0
/m/04107,/people/deceased_person/place_of_death,/m/02_286,1.0,1.0
/m/01zp33,/people/person/profession,/m/02hrh1q,1.0,1.0
/m/026sv5l,/people/person/nationality,/m/03rk0,1.0,1.0
/m/02pzck,/people/person/profession,/m/02hrh1q,1.0,1.0
/m/05hrq4,/people/person/profession,/m/02krf9,1.0,1.0
/m/03kts,/people/person/spouse_s./people/marriage/type_of_union,/m/04ztj,1.0,1.0
/m/022_q8,/people/person/spouse_s./people/marriage/type_of_union,/m/04ztj,1.0,1.0
/m/02mxbd,/people/person/gender,/m/02zsn,1.0,1.0
/m/03v40v,/people/person/profession,/m/02hrh1q,1.0,1.0
/m/01w02sy,/people/person/profession,/m/02hrh1q,1.0,1.0
/m/0301yj,/people/person/place_of_birth,/m/02_286,1.0,1.0
/m/02wyc0,/people/person/spouse_s./people/marriage/type_of_union,/m/04ztj,1.0,1.0
/m/035gjq,/people/person/spouse_s./people/marriage/type_of_union,/m/04ztj,1.0,1.0
/m/044mrh,/people/person/profession,/m/02hrh1q,1.0,1.0
/m/03tdlh,/people/person/gender,/m/02zsn,1.0,1.0
/m/03y1mlp,/people/person/profession,/m/026sdt1,1.0,1.0
/m/022_q8,/people/person/profession,/m/02jknp,1.0,1.0
/m/044mfr,/people/person/religion,/m/03_gx,1.0,1.0
/m/033wx9,/people/person/gender,/m/02zsn,1.0,1.0
/m/02qy3py,/people/person/profession,/m/02jknp,1.0,1.0
/m/046lt,/people/person/spouse_s./people/marriage/type_of_union,/m/04ztj,1.0,1.0
/m/04ztj,/people/marriage_union_type/unions_of_this_type./people/marriage/location_of_ceremony,/m/044rv,1.0,1.0
/m/0265z9l,/people/person/languages,/m/055qm,1.0,1.0
/m/02fx3c,/people/person/places_lived./people/place_lived/location,/m/04jpl,1.0,1.0
/m/04n2vgk,/people/person/profession,/m/039v1,1.0,1.0
/m/01vz80y,/people/person/profession,/m/02jknp,1.0,1.0
/m/026gb3v,/people/person/spouse_s./people/marriage/type_of_union,/m/04ztj,1.0,1.0
/m/04w391,/people/person/profession,/m/02jknp,1.0,1.0
/m/029h45,/people/person/spouse_s./people/marriage/type_of_union,/m/04ztj,1.0,1.0
/m/02_33l,/people/person/place_of_birth,/m/04f_d,1.0,1.0
/m/033tf_,/people/ethnicity/people,/m/02mjmr,1.0,1.0
/m/04t2l2,/people/person/profession,/m/03gjzk,1.0,1.0
/m/0517bc,/people/person/gender,/m/02zsn,1.0,1.0
/m/02cj_f,/people/deceased_person/place_of_burial,/m/02j7k,1.0,1.0
/m/05jjl,/people/person/profession,/m/025352,1.0,1.0
/m/01wmxfs,/people/person/profession,/m/02krf9,1.0,1.0
/m/04gycf,/people/person/profession,/m/02hrh1q,1.0,1.0
/m/03l3jy,/people/person/spouse_s./people/marriage/type_of_union,/m/04ztj,1.0,1.0
/m/03bkbh,/people/ethnicity/people,/m/02184q,1.0,1.0
/m/023s8,/people/person/places_lived./people/place_lived/location,/m/05fjf,1.0,1.0
/m/02ts3h,/people/person/profession,/m/02hrh1q,1.0,1.0
/m/03f0fnk,/people/person/spouse_s./people/marriage/type_of_union,/m/04ztj,1.0,1.0
/m/01vrlqd,/people/person/profession,/m/025352,1.0,1.0
/m/029_l,/people/person/nationality,/m/02jx1,1.0,1.0
/m/028qyn,/people/person/profession,/m/02hrh1q,1.0,1.0
/m/04ztj,/people/marriage_union_type/unions_of_this_type./people/marriage/location_of_ceremony,/m/05fly,1.0,1.0
/m/0222qb,/people/ethnicity/people,/m/01twdk,1.0,1.0
/m/01v40wd,/people/person/spouse_s./people/marriage/type_of_union,/m/04ztj,1.0,1.0
/m/040db,/people/deceased_person/place_of_death,/m/03902,1.0,1.0
/m/03q5dr,/people/person/spouse_s./people/marriage/type_of_union,/m/04ztj,1.0,1.0
/m/02g5bf,/people/person/profession,/m/02jknp,1.0,1.0
/m/02jxsq,/people/person/profession,/m/02hrh1q,1.0,1.0
/m/0484q,/people/person/spouse_s./people/marriage/type_of_union,/m/04ztj,1.0,1.0
/m/04s04,/people/person/place_of_birth,/m/02frhbc,1.0,1.0
/m/03hzl42,/people/person/place_of_birth,/m/04jpl,1.0,1.0
/m/05_swj,/people/person/place_of_birth,/m/02_286,1.0,1.0
/m/02q4mt,/people/person/places_lived./people/place_lived/location,/m/02_286,1.0,1.0
/m/023kzp,/people/person/languages,/m/02h40lc,1.0,1.0
/m/04xrx,/people/person/places_lived./people/place_lived/location,/m/02_286,1.0,1.0
/m/0275_pj,/people/person/spouse_s./people/marriage/type_of_union,/m/04ztj,1.0,1.0
/m/01x2tm8,/people/person/nationality,/m/03rk0,1.0,1.0
/m/027lfrs,/people/deceased_person/place_of_death,/m/04vmp,1.0,1.0
/m/01ztgm,/people/person/profession,/m/02hrh1q,1.0,1.0
/m/03fbb6,/people/person/languages,/m/02h40lc,1.0,1.0
/m/027hm_,/people/person/places_lived./people/place_lived/location,/m/05fkf,1.0,1.0
/m/0473q,/people/person/spouse_s./people/marriage/type_of_union,/m/04ztj,1.0,1.0
/m/05b2gsm,/people/person/profession,/m/02pjxr,1.0,1.0
/m/03gyh_z,/people/person/spouse_s./people/marriage/type_of_union,/m/04ztj,1.0,1.0
/m/042d1,/people/person/religion,/m/02rsw,1.0,1.0
/m/04qp06,/people/person/profession,/m/02jknp,1.0,1.0
/m/02633g,/people/person/profession,/m/02jknp,1.0,1.0
/m/02ts3h,/people/person/gender,/m/02zsn,1.0,1.0
/m/02xfrd,/people/person/spouse_s./people/marriage/type_of_union,/m/04ztj,1.0,1.0
/m/02wd48,/people/person/spouse_s./people/marriage/type_of_union,/m/04ztj,1.0,1.0
/m/05kfs,/people/person/profession,/m/02hrh1q,1.0,1.0
/m/04wx2v,/people/person/profession,/m/02hrh1q,1.0,1.0
/m/040rjq,/people/person/places_lived./people/place_lived/location,/m/04jpl,1.0,1.0
/m/04ztj,/people/marriage_union_type/unions_of_this_type./people/marriage/location_of_ceremony,/m/031y2,1.0,1.0
/m/02y9ln,/people/person/spouse_s./people/marriage/type_of_union,/m/04ztj,1.0,1.0
/m/042q3,/people/person/religion,/m/04pk9,1.0,1.0
/m/03yf5g,/people/person/place_of_birth,/m/0346h,1.0,1.0
/m/04ztj,/people/marriage_union_type/unions_of_this_type./people/marriage/location_of_ceremony,/m/05kr_,1.0,1.0
/m/04mx__,/people/person/profession,/m/02hv44_,1.0,1.0
/m/02lf1j,/people/person/spouse_s./people/marriage/type_of_union,/m/04ztj,1.0,1.0
/m/041b4j,/people/person/gender,/m/02zsn,1.0,1.0
/m/03xkps,/people/person/profession,/m/02jknp,1.0,1.0
/m/01vsyg9,/people/person/nationality,/m/02jx1,1.0,1.0
/m/022411,/people/person/spouse_s./people/marriage/type_of_union,/m/04ztj,1.0,1.0
/m/01z0rcq,/people/person/profession,/m/02hrh1q,1.0,1.0
/m/02r0st6,/people/person/spouse_s./people/marriage/type_of_union,/m/04ztj,1.0,1.0
/m/028d4v,/people/person/spouse_s./people/marriage/type_of_union,/m/04ztj,1.0,1.0
/m/059fjj,/people/person/gender,/m/02zsn,1.0,1.0
/m/04n7gc6,/people/person/spouse_s./people/marriage/type_of_union,/m/04ztj,1.0,1.0
/m/05kfs,/people/person/religion,/m/02rsw,1.0,1.0
/m/02cx72,/people/person/spouse_s./people/marriage/type_of_union,/m/04ztj,1.0,1.0
/m/04ztj,/people/marriage_union_type/unions_of_this_type./people/marriage/location_of_ceremony,/m/03902,1.0,1.0
/m/02cvp8,/people/person/spouse_s./people/marriage/type_of_union,/m/04ztj,1.0,1.0
/m/03nkts,/people/person/spouse_s./people/marriage/type_of_union,/m/04ztj,1.0,1.0
/m/027d5g5,/people/person/spouse_s./people/marriage/type_of_union,/m/04ztj,1.0,1.0
/m/02wgln,/people/person/spouse_s./people/marriage/type_of_union,/m/04ztj,1.0,1.0
/m/01v_0b,/people/person/profession,/m/02hv44_,1.0,1.0
/m/04ztj,/people/marriage_union_type/unions_of_this_type./people/marriage/location_of_ceremony,/m/05b4w,1.0,1.0
/m/01vsykc,/people/person/nationality,/m/02jx1,1.0,1.0
/m/055sjw,/people/person/profession,/m/03gjzk,1.0,1.0
/m/04qp06,/people/person/profession,/m/02hrh1q,1.0,1.0
/m/03kbr,/people/ethnicity/people,/m/0276g40,1.0,1.0
/m/02661h,/people/person/spouse_s./people/marriage/type_of_union,/m/04ztj,1.0,1.0
/m/03bnv,/people/person/religion,/m/03j6c,1.0,1.0
/m/02vtnf,/people/person/spouse_s./people/marriage/spouse,/m/02rk45,1.0,1.0
/m/0525b,/people/person/spouse_s./people/marriage/type_of_union,/m/04ztj,1.0,1.0
/m/01vrnsk,/people/person/place_of_birth,/m/04lh6,1.0,1.0
/m/04g3p5,/people/person/profession,/m/02jknp,1.0,1.0
/m/048cl,/people/person/nationality,/m/0345h,1.0,1.0
/m/039g82,/people/person/spouse_s./people/marriage/type_of_union,/m/04ztj,1.0,1.0
/m/02ndbd,/people/person/profession,/m/02jknp,1.0,1.0
/m/02rk45,/people/person/spouse_s./people/marriage/type_of_union,/m/04ztj,1.0,1.0
/m/01v3bn,/people/person/spouse_s./people/marriage/type_of_union,/m/04ztj,1.0,1.0
/m/02jsgf,/people/person/profession,/m/02hrh1q,1.0,1.0
/m/02rf51g,/people/person/spouse_s./people/marriage/type_of_union,/m/04ztj,1.0,1.0
/m/029pnn,/people/person/profession,/m/03gjzk,1.0,1.0
/m/02vqpx8,/people/person/profession,/m/03gjzk,1.0,1.0
/m/025hl8,/people/cause_of_death/people,/m/029b9k,1.0,1.0
/m/0356dp,/people/person/spouse_s./people/marriage/spouse,/m/05cj4r,1.0,1.0
/m/03m3nzf,/people/person/profession,/m/02hrh1q,1.0,1.0
/m/02n9k,/people/person/places_lived./people/place_lived/location,/m/02zp1t,1.0,1.0
/m/027r0_f,/people/person/spouse_s./people/marriage/type_of_union,/m/04ztj,1.0,1.0
/m/01vv126,/people/person/places_lived./people/place_lived/location,/m/04rrd,1.0,1.0
/m/025vw4t,/people/person/profession,/m/03gjzk,1.0,1.0
/m/01wk51,/people/person/profession,/m/02hrh1q,1.0,1.0
/m/02h3tp,/people/deceased_person/place_of_death,/m/030qb3t,1.0,1.0
/m/03gt0c5,/people/person/place_of_birth,/m/022_6,1.0,1.0
/m/047jhq,/people/person/place_of_birth,/m/02c7tb,1.0,1.0
/m/01yf85,/people/person/spouse_s./people/marriage/type_of_union,/m/04ztj,1.0,1.0
/m/04mhbh,/people/person/profession,/m/02hrh1q,1.0,1.0
/m/02ct_k,/people/person/profession,/m/02hrh1q,1.0,1.0
/m/033tf_,/people/ethnicity/people,/m/02yplc,1.0,1.0
/m/0252fh,/people/person/languages,/m/02h40lc,1.0,1.0
/m/01xndd,/people/person/spouse_s./people/marriage/type_of_union,/m/04ztj,1.0,1.0
/m/04cw0n4,/people/person/spouse_s./people/marriage/type_of_union,/m/04ztj,1.0,1.0
/m/04ztj,/people/marriage_union_type/unions_of_this_type./people/marriage/location_of_ceremony,/m/01x96,1.0,1.0
/m/026c1,/people/person/profession,/m/03gjzk,1.0,1.0
/m/01vzxld,/people/person/spouse_s./people/marriage/type_of_union,/m/04ztj,1.0,1.0
/m/01wbz9,/people/person/places_lived./people/place_lived/location,/m/021npd,1.0,1.0
/m/0421st,/people/person/place_of_birth,/m/03l2n,1.0,1.0
/m/05f7snc,/people/person/gender,/m/02zsn,1.0,1.0
/m/0276jmv,/people/person/spouse_s./people/marriage/type_of_union,/m/04ztj,1.0,1.0
/m/02js9p,/people/person/gender,/m/02zsn,1.0,1.0
/m/02g7sp,/people/ethnicity/people,/m/03j24kf,1.0,1.0
/m/01vswwx,/people/person/profession,/m/02hrh1q,1.0,1.0
/m/03lt8g,/people/person/languages,/m/02h40lc,1.0,1.0
/m/04ztj,/people/marriage_union_type/unions_of_this_type./people/marriage/location_of_ceremony,/m/03rt9,1.0,1.0
/m/01w61th,/people/person/places_lived./people/place_lived/location,/m/04sqj,1.0,1.0
/m/01wy5m,/people/person/profession,/m/02hrh1q,1.0,1.0
/m/03j9ml,/people/person/spouse_s./people/marriage/type_of_union,/m/04ztj,1.0,1.0
/m/03c_pqj,/people/person/profession,/m/02hrh1q,1.0,1.0
/m/03wbzp,/people/person/profession,/m/03gjzk,1.0,1.0
/m/02gx2x,/people/ethnicity/geographic_distribution,/m/02bd41,1.0,1.0
/m/043gj,/people/person/profession,/m/02hrh1q,1.0,1.0
/m/03w9bjf,/people/ethnicity/languages_spoken,/m/02h40lc,1.0,1.0
/m/04cdxc,/people/person/spouse_s./people/marriage/type_of_union,/m/04ztj,1.0,1.0
/m/02114t,/people/person/places_lived./people/place_lived/location,/m/02_286,1.0,1.0
/m/01vrlr4,/people/person/spouse_s./people/marriage/type_of_union,/m/04ztj,1.0,1.0
/m/01v5h,/people/person/profession,/m/02hrh1q,1.0,1.0
/m/01y0y6,/people/person/profession,/m/03gjzk,1.0,1.0
/m/04gcd1,/people/person/spouse_s./people/marriage/type_of_union,/m/04ztj,1.0,1.0
/m/025jj7,/people/person/spouse_s./people/marriage/type_of_union,/m/04ztj,1.0,1.0
/m/02jxsq,/people/deceased_person/place_of_death,/m/04vmp,1.0,1.0
/m/01vvybv,/people/person/profession,/m/02hrh1q,1.0,1.0
/m/01vqrm,/people/person/place_of_birth,/m/01w2v,1.0,1.0
/m/0222qb,/people/ethnicity/people,/m/01xwqn,1.0,1.0
/m/042xh,/people/person/places_lived./people/place_lived/location,/m/04jpl,1.0,1.0
/m/02b9g4,/people/person/profession,/m/03gjzk,1.0,1.0
/m/025_nbr,/people/person/places_lived./people/place_lived/location,/m/02_286,1.0,1.0
/m/01vswwx,/people/person/spouse_s./people/marriage/type_of_union,/m/04ztj,1.0,1.0
/m/0292l3,/people/person/languages,/m/03k50,1.0,1.0
/m/02w7gg,/people/ethnicity/people,/m/02g1jh,1.0,1.0
/m/023sng,/people/person/profession,/m/02hrh1q,1.0,1.0
/m/03zz8b,/people/person/gender,/m/02zsn,1.0,1.0
/m/04qt29,/people/person/profession,/m/02hrh1q,1.0,1.0
/m/04ztj,/people/marriage_union_type/unions_of_this_type./people/marriage/location_of_ceremony,/m/030qb3t,1.0,1.0
/m/02f1c,/people/person/profession,/m/02hrh1q,1.0,1.0
/m/02tr7d,/people/person/profession,/m/02hrh1q,1.0,1.0
/m/02t_99,/people/person/profession,/m/02hrh1q,1.0,1.0
/m/049k07,/people/person/profession,/m/02jknp,1.0,1.0
/m/02qvhbb,/people/person/languages,/m/02h40lc,1.0,1.0
/m/01vt5c_,/people/person/gender,/m/02zsn,1.0,1.0
/m/01vdrw,/people/person/spouse_s./people/marriage/type_of_union,/m/04ztj,1.0,1.0
/m/02rrsz,/people/person/places_lived./people/place_lived/location,/m/02_286,1.0,1.0
/m/02t_v1,/people/person/spouse_s./people/marriage/type_of_union,/m/04ztj,1.0,1.0
/m/03f1zhf,/people/person/languages,/m/02h40lc,1.0,1.0
/m/044mvs,/people/person/places_lived./people/place_lived/location,/m/04jpl,1.0,1.0
/m/02y0js,/people/cause_of_death/people,/m/04mby,1.0,1.0
/m/033tf_,/people/ethnicity/people,/m/03x16f,1.0,1.0
/m/0564mx,/people/person/profession,/m/03gjzk,1.0,1.0
/m/03wh95l,/people/person/profession,/m/02hrh1q,1.0,1.0
/m/01x0yrt,/people/person/languages,/m/02h40lc,1.0,1.0
/m/02n1gr,/people/person/spouse_s./people/marriage/spouse,/m/02n1p5,1.0,1.0
/m/03v1jf,/people/person/places_lived./people/place_lived/location,/m/030qb3t,1.0,1.0
/m/02l6dy,/people/person/gender,/m/02zsn,1.0,1.0
/m/01vs_v8,/people/person/languages,/m/02h40lc,1.0,1.0
/m/033tf_,/people/ethnicity/people,/m/027r8p,1.0,1.0
/m/029q_y,/people/person/gender,/m/02zsn,1.0,1.0
/m/041rx,/people/ethnicity/people,/m/030h95,1.0,1.0
/m/03c9pqt,/people/person/place_of_birth,/m/02_286,1.0,1.0
/m/0276g40,/people/person/profession,/m/02hrh1q,1.0,1.0
/m/02xgdv,/people/person/places_lived./people/place_lived/location,/m/055vr,1.0,1.0
/m/04bgy,/people/deceased_person/place_of_death,/m/04jpl,1.0,1.0
/m/03hpr,/people/person/spouse_s./people/marriage/type_of_union,/m/04ztj,1.0,1.0
/m/03qkgyl,/people/person/spouse_s./people/marriage/type_of_union,/m/04ztj,1.0,1.0
/m/041rx,/people/ethnicity/people,/m/05kfs,1.0,1.0
/m/01x4sb,/people/person/places_lived./people/place_lived/location,/m/02jx1,1.0,1.0
/m/03x16f,/people/person/languages,/m/02h40lc,1.0,1.0
/m/01trf3,/people/person/profession,/m/02hrh1q,1.0,1.0
/m/0343h,/people/person/profession,/m/03gjzk,1.0,1.0
/m/02465,/people/person/profession,/m/02hv44_,1.0,1.0
/m/02nfjp,/people/person/profession,/m/02jknp,1.0,1.0
/m/03l26m,/people/person/places_lived./people/place_lived/location,/m/02_286,1.0,1.0
/m/04p3w,/people/cause_of_death/people,/m/03k1vm,1.0,1.0
/m/021bk,/people/person/profession,/m/02jknp,1.0,1.0
/m/031sg0,/people/person/places_lived./people/place_lived/location,/m/052p7,1.0,1.0
/m/01xsc9,/people/person/profession,/m/02hrh1q,1.0,1.0
/m/022fdt,/people/ethnicity/people,/m/01vtj38,1.0,1.0
/m/059xnf,/people/person/profession,/m/02hrh1q,1.0,1.0
/m/05_k56,/people/person/spouse_s./people/marriage/type_of_union,/m/04ztj,1.0,1.0
/m/02b29,/people/person/profession,/m/02hv44_,1.0,1.0
/m/0436f4,/people/person/profession,/m/02hrh1q,1.0,1.0
/m/02t_zq,/people/person/profession,/m/02hrh1q,1.0,1.0
/m/01vw20_,/people/person/languages,/m/02h40lc,1.0,1.0
/m/02pq9yv,/people/person/profession,/m/03gjzk,1.0,1.0
/m/03xpsrx,/people/person/profession,/m/02hrh1q,1.0,1.0
/m/025mb_,/people/person/spouse_s./people/marriage/type_of_union,/m/04ztj,1.0,1.0
/m/05j0wc,/people/person/profession,/m/02hrh1q,1.0,1.0
/m/0372kf,/people/person/religion,/m/051kv,1.0,1.0
/m/031bf1,/people/person/spouse_s./people/marriage/type_of_union,/m/04ztj,1.0,1.0
/m/03kdl,/people/deceased_person/place_of_death,/m/02_286,1.0,1.0
/m/05_zc7,/people/person/places_lived./people/place_lived/location,/m/055vr,1.0,1.0
/m/048q6x,/people/person/spouse_s./people/marriage/type_of_union,/m/04ztj,1.0,1.0
/m/030xr_,/people/person/spouse_s./people/marriage/type_of_union,/m/04ztj,1.0,1.0
/m/01xsc9,/people/person/spouse_s./people/marriage/type_of_union,/m/04ztj,1.0,1.0
/m/02fgp0,/people/deceased_person/place_of_death,/m/02_286,1.0,1.0
/m/02ynfr,/people/profession/specialization_of,/m/04_tv,1.0,1.0
/m/01tsbmv,/people/person/spouse_s./people/marriage/type_of_union,/m/04ztj,1.0,1.0
/m/05f0r8,/people/person/place_of_birth,/m/02_286,1.0,1.0
/m/043gj,/people/person/profession,/m/02jknp,1.0,1.0
/m/01v3vp,/people/person/places_lived./people/place_lived/location,/m/02mf7,1.0,1.0
/m/030tj5,/people/person/spouse_s./people/marriage/type_of_union,/m/04ztj,1.0,1.0
/m/01x9_8,/people/person/gender,/m/02zsn,1.0,1.0
/m/02sch9,/people/ethnicity/people,/m/04cmrt,1.0,1.0
/m/02t1dv,/people/person/nationality,/m/03_3d,1.0,1.0
/m/040nwr,/people/person/languages,/m/03k50,1.0,1.0
/m/03q2t9,/people/person/spouse_s./people/marriage/type_of_union,/m/04ztj,1.0,1.0
/m/01wwvc5,/people/person/spouse_s./people/marriage/type_of_union,/m/04ztj,1.0,1.0
/m/04r7p,/people/person/profession,/m/02jknp,1.0,1.0
/m/03h2p5,/people/person/place_of_birth,/m/02_286,1.0,1.0
/m/01xcr4,/people/person/gender,/m/02zsn,1.0,1.0
/m/02xs0q,/people/person/profession,/m/025352,1.0,1.0
/m/024jwt,/people/person/spouse_s./people/marriage/type_of_union,/m/04ztj,1.0,1.0
/m/03f0r5w,/people/person/profession,/m/02jknp,1.0,1.0
/m/036gdw,/people/person/gender,/m/02zsn,1.0,1.0
/m/01zfmm,/people/person/spouse_s./people/marriage/type_of_union,/m/04ztj,1.0,1.0
/m/01vsy7t,/people/person/profession,/m/02hrh1q,1.0,1.0
/m/02rmfm,/people/person/spouse_s./people/marriage/type_of_union,/m/04ztj,1.0,1.0
/m/02c0mv,/people/person/profession,/m/03gjzk,1.0,1.0
/m/041rx,/people/ethnicity/people,/m/02lgfh,1.0,1.0
/m/05kfs,/people/person/profession,/m/02jknp,1.0,1.0
/m/01vrlqd,/people/deceased_person/place_of_death,/m/02_286,1.0,1.0
/m/02sch9,/people/ethnicity/people,/m/021j72,1.0,1.0
/m/045n3p,/people/person/languages,/m/02hxcvy,1.0,1.0
/m/04205z,/people/person/places_lived./people/place_lived/location,/m/04jpl,1.0,1.0
/m/02nwxc,/people/person/spouse_s./people/marriage/type_of_union,/m/04ztj,1.0,1.0
/m/03n6r,/people/deceased_person/place_of_death,/m/030qb3t,1.0,1.0
/m/03kcyd,/people/person/spouse_s./people/marriage/type_of_union,/m/04ztj,1.0,1.0
/m/01zt10,/people/person/spouse_s./people/marriage/type_of_union,/m/04ztj,1.0,1.0
/m/033tf_,/people/ethnicity/people,/m/04cr6qv,1.0,1.0
/m/0443xn,/people/person/profession,/m/02hrh1q,1.0,1.0
/m/04bcb1,/people/person/profession,/m/02hrh1q,1.0,1.0
/m/02h3tp,/people/person/profession,/m/02hrh1q,1.0,1.0
/m/03m6_z,/people/person/languages,/m/02h40lc,1.0,1.0
/m/01vzxmq,/people/person/profession,/m/02hrh1q,1.0,1.0
/m/04ztj,/people/marriage_union_type/unions_of_this_type./people/marriage/location_of_ceremony,/m/01w2v,1.0,1.0
/m/059x0w,/people/person/employment_history./business/employment_tenure/company,/m/059x3p,1.0,1.0
/m/01vy_v8,/people/person/spouse_s./people/marriage/type_of_union,/m/04ztj,1.0,1.0
/m/0210f1,/people/person/gender,/m/02zsn,1.0,1.0
/m/01vs8ng,/people/person/profession,/m/02hrh1q,1.0,1.0
/m/02sh8y,/people/person/profession,/m/02hrh1q,1.0,1.0
/m/02g8h,/people/person/nationality,/m/03rt9,1.0,1.0
/m/03p9hl,/people/person/spouse_s./people/marriage/type_of_union,/m/04ztj,1.0,1.0
/m/040z9,/people/person/places_lived./people/place_lived/location,/m/030qb3t,1.0,1.0
/m/035kl6,/people/person/spouse_s./people/marriage/type_of_union,/m/04ztj,1.0,1.0
/m/022dp5,/people/ethnicity/people,/m/01tvz5j,1.0,1.0
/m/045cq,/people/person/places_lived./people/place_lived/location,/m/02_286,1.0,1.0
/m/02tv80,/people/person/profession,/m/02hrh1q,1.0,1.0
/m/01wbg84,/people/person/profession,/m/02hrh1q,1.0,1.0
/m/03h2d4,/people/person/places_lived./people/place_lived/location,/m/02h6_6p,1.0,1.0
/m/02r0st6,/people/person/profession,/m/02jknp,1.0,1.0
/m/03f77,/people/person/spouse_s./people/marriage/type_of_union,/m/04ztj,1.0,1.0
/m/036c_0,/people/person/spouse_s./people/marriage/type_of_union,/m/04ztj,1.0,1.0
/m/051cc,/people/person/spouse_s./people/marriage/type_of_union,/m/04ztj,1.0,1.0
/m/02ck1,/people/deceased_person/place_of_death,/m/04swd,1.0,1.0
/m/02ldv0,/people/person/profession,/m/02jknp,1.0,1.0
/m/01wgx4,/people/person/profession,/m/02hrh1q,1.0,1.0
/m/0448r,/people/person/languages,/m/04h9h,1.0,1.0
/m/025vl4m,/people/person/spouse_s./people/marriage/type_of_union,/m/04ztj,1.0,1.0
/m/0285xqh,/people/person/profession,/m/02hrh1q,1.0,1.0
/m/01yf85,/people/person/profession,/m/02hrh1q,1.0,1.0
/m/021sv1,/people/person/spouse_s./people/marriage/type_of_union,/m/04ztj,1.0,1.0
/m/02w7gg,/people/ethnicity/people,/m/02_j7t,1.0,1.0
/m/03q45x,/people/person/profession,/m/02hrh1q,1.0,1.0
/m/03ft8,/people/person/spouse_s./people/marriage/location_of_ceremony,/m/03_3d,1.0,1.0
/m/04wp3s,/people/person/languages,/m/02h40lc,1.0,1.0
/m/041rx,/people/ethnicity/people,/m/04kj2v,1.0,1.0
/m/049fgvm,/people/person/profession,/m/03gjzk,1.0,1.0
/m/01wg6y,/people/person/profession,/m/028kk_,1.0,1.0
/m/047jhq,/people/person/religion,/m/03j6c,1.0,1.0
/m/049gc,/people/deceased_person/place_of_death,/m/02_286,1.0,1.0
/m/032w8h,/people/person/spouse_s./people/marriage/location_of_ceremony,/m/02_286,1.0,1.0
/m/01vn35l,/people/person/nationality,/m/02jx1,1.0,1.0
/m/03_wj_,/people/person/gender,/m/02zsn,1.0,1.0
/m/05gnf9,/people/person/profession,/m/02hrh1q,1.0,1.0
/m/01v5h,/people/person/spouse_s./people/marriage/type_of_union,/m/04ztj,1.0,1.0
/m/03295l,/people/ethnicity/people,/m/031zkw,1.0,1.0
/m/0227vl,/people/person/gender,/m/02zsn,1.0,1.0
/m/045hz5,/people/person/languages,/m/02h40lc,1.0,1.0
/m/03knl,/people/person/spouse_s./people/marriage/type_of_union,/m/04ztj,1.0,1.0
/m/04wqr,/people/person/profession,/m/02hrh1q,1.0,1.0
/m/033tf_,/people/ethnicity/people,/m/04gc65,1.0,1.0
/m/02hsgn,/people/person/profession,/m/02krf9,1.0,1.0
/m/0326tc,/people/person/profession,/m/039v1,1.0,1.0
/m/0315q3,/people/person/spouse_s./people/marriage/type_of_union,/m/04ztj,1.0,1.0
/m/02tqkf,/people/person/languages,/m/02h40lc,1.0,1.0
/m/02qw2xb,/people/person/gender,/m/02zsn,1.0,1.0
/m/02465,/people/person/profession,/m/02hrh1q,1.0,1.0
/m/057176,/people/person/profession,/m/02hrh1q,1.0,1.0
/m/04rs03,/people/person/profession,/m/02hrh1q,1.0,1.0
/m/03d63lb,/people/person/nationality,/m/03rk0,1.0,1.0
/m/04ztj,/people/marriage_union_type/unions_of_this_type./people/marriage/location_of_ceremony,/m/049d1,1.0,1.0
/m/03z_g7,/people/person/profession,/m/02jknp,1.0,1.0
/m/01vrlr4,/people/person/profession,/m/025352,1.0,1.0
/m/02qgqt,/people/person/profession,/m/021wpb,1.0,1.0
/m/01vb6z,/people/person/profession,/m/02jknp,1.0,1.0
/m/025b5y,/people/person/languages,/m/02h40lc,1.0,1.0
/m/03_vx9,/people/person/gender,/m/02zsn,1.0,1.0
/m/03t852,/people/person/languages,/m/02h40lc,1.0,1.0
/m/0261x8t,/people/person/sibling_s./people/sibling_relationship/sibling,/m/026_dq6,1.0,1.0
/m/02_j7t,/people/person/spouse_s./people/marriage/type_of_union,/m/04ztj,1.0,1.0
/m/059t6d,/people/person/profession,/m/02hrh1q,1.0,1.0
/m/02wmbg,/people/person/profession,/m/02hrh1q,1.0,1.0
/m/03s9v,/people/person/nationality,/m/02jx1,1.0,1.0
/m/05cv8,/people/person/spouse_s./people/marriage/type_of_union,/m/04ztj,1.0,1.0
/m/04205z,/people/person/nationality,/m/02jx1,1.0,1.0
/m/02w7gg,/people/ethnicity/people,/m/044lyq,1.0,1.0
/m/02xv8m,/people/person/profession,/m/02hrh1q,1.0,1.0
/m/04xjp,/people/person/profession,/m/02hv44_,1.0,1.0
/m/041b4j,/people/person/profession,/m/02hrh1q,1.0,1.0
/m/047c9l,/people/person/gender,/m/02zsn,1.0,1.0
/m/0488g9,/people/deceased_person/place_of_death,/m/030qb3t,1.0,1.0
/m/03vgp7,/people/person/spouse_s./people/marriage/type_of_union,/m/04ztj,1.0,1.0
/m/042z_g,/people/person/profession,/m/02hrh1q,1.0,1.0
/m/025ldg,/people/person/profession,/m/02hrh1q,1.0,1.0
/m/0372p,/people/person/profession,/m/04gc2,1.0,1.0
/m/0432mrk,/people/ethnicity/people,/m/01wbgdv,1.0,1.0
/m/020_4z,/people/person/spouse_s./people/marriage/type_of_union,/m/04ztj,1.0,1.0
/m/04vlh5,/people/person/profession,/m/02jknp,1.0,1.0
/m/02dh86,/people/person/profession,/m/03gjzk,1.0,1.0
/m/04y0hj,/people/person/gender,/m/02zsn,1.0,1.0
/m/02r0st6,/people/person/profession,/m/02krf9,1.0,1.0
/m/032wdd,/people/person/gender,/m/02zsn,1.0,1.0
/m/031zkw,/people/person/profession,/m/02krf9,1.0,1.0
/m/026xt5c,/people/person/spouse_s./people/marriage/type_of_union,/m/04ztj,1.0,1.0
/m/040rjq,/people/person/profession,/m/02jknp,1.0,1.0
/m/04t969,/people/person/profession,/m/02krf9,1.0,1.0
/m/02b29,/people/person/spouse_s./people/marriage/type_of_union,/m/04ztj,1.0,1.0
/m/02xgdv,/people/person/profession,/m/02hrh1q,1.0,1.0
/m/01w02sy,/people/person/places_lived./people/place_lived/location,/m/02cft,1.0,1.0
/m/03_vx9,/people/person/profession,/m/02hrh1q,1.0,1.0
/m/02ql_ms,/people/person/nationality,/m/03rk0,1.0,1.0
/m/01vvycq,/people/person/profession,/m/02hrh1q,1.0,1.0
/m/032s66,/people/cause_of_death/people,/m/0484q,1.0,1.0
/m/04ztj,/people/marriage_union_type/unions_of_this_type./people/marriage/location_of_ceremony,/m/03l2n,1.0,1.0
/m/045n3p,/people/deceased_person/place_of_death,/m/04vmp,1.0,1.0
/m/03wd5tk,/people/person/sibling_s./people/sibling_relationship/sibling,/m/03wdsbz,1.0,1.0
/m/048q6x,/people/person/profession,/m/02hrh1q,1.0,1.0
/m/033tf_,/people/ethnicity/people,/m/04bcb1,1.0,1.0
/m/034q3l,/people/person/spouse_s./people/marriage/type_of_union,/m/04ztj,1.0,1.0
/m/03h304l,/people/person/spouse_s./people/marriage/type_of_union,/m/04ztj,1.0,1.0
/m/01wk7b7,/people/person/profession,/m/02hrh1q,1.0,1.0
/m/01zkxv,/people/person/places_lived./people/place_lived/location,/m/02m77,1.0,1.0
/m/02lf0c,/people/person/places_lived./people/place_lived/location,/m/03pzf,1.0,1.0
/m/02114t,/people/person/profession,/m/02hrh1q,1.0,1.0
/m/01x72k,/people/person/places_lived./people/place_lived/location,/m/030qb3t,1.0,1.0
/m/01wc7p,/people/person/profession,/m/02hrh1q,1.0,1.0
/m/0347db,/people/person/profession,/m/02jknp,1.0,1.0
/m/025hzx,/people/person/profession,/m/03gjzk,1.0,1.0
/m/02k4gv,/people/person/spouse_s./people/marriage/type_of_union,/m/04ztj,1.0,1.0
/m/03d9wk,/people/person/gender,/m/02zsn,1.0,1.0
/m/03j0br4,/people/person/profession,/m/02hrh1q,1.0,1.0
/m/02_340,/people/person/profession,/m/02jknp,1.0,1.0
/m/02mqc4,/people/person/spouse_s./people/marriage/type_of_union,/m/04ztj,1.0,1.0
/m/04ztj,/people/marriage_union_type/unions_of_this_type./people/marriage/location_of_ceremony,/m/01xyy,1.0,1.0
/m/023kzp,/people/person/religion,/m/04pk9,1.0,1.0
/m/02n9k,/people/person/spouse_s./people/marriage/spouse,/m/02yy8,1.0,1.0
/m/01w5jwb,/people/person/spouse_s./people/marriage/type_of_union,/m/04ztj,1.0,1.0
/m/02ctzb,/people/ethnicity/people,/m/02hsgn,1.0,1.0
/m/04t2l2,/people/person/places_lived./people/place_lived/location,/m/02xry,1.0,1.0
/m/03mdw3c,/people/person/profession,/m/02pjxr,1.0,1.0
/m/02404v,/people/person/profession,/m/02hrh1q,1.0,1.0
/m/02zrv7,/people/person/profession,/m/03gjzk,1.0,1.0
/m/04fkg4,/people/person/nationality,/m/03rk0,1.0,1.0
/m/040wdl,/people/person/religion,/m/03j6c,1.0,1.0
/m/02bc74,/people/person/places_lived./people/place_lived/location,/m/059rby,1.0,1.0
/m/041wm,/people/person/spouse_s./people/marriage/type_of_union,/m/04ztj,1.0,1.0
/m/02t_st,/people/person/places_lived./people/place_lived/location,/m/035qy,1.0,1.0
/m/03jqw5,/people/person/profession,/m/02jknp,1.0,1.0
/m/0410cp,/people/person/profession,/m/02hrh1q,1.0,1.0
/m/03q3x5,/people/person/spouse_s./people/marriage/type_of_union,/m/04ztj,1.0,1.0
/m/03d9v8,/people/person/languages,/m/02h40lc,1.0,1.0
/m/0265z9l,/people/person/places_lived./people/place_lived/location,/m/055vr,1.0,1.0
/m/0265z9l,/people/person/spouse_s./people/marriage/type_of_union,/m/04ztj,1.0,1.0
/m/02t__3,/people/person/profession,/m/02hrh1q,1.0,1.0
/m/01z7_f,/people/person/places_lived./people/place_lived/location,/m/02_286,1.0,1.0
/m/03k545,/people/person/spouse_s./people/marriage/type_of_union,/m/04ztj,1.0,1.0
/m/03h2d4,/people/person/profession,/m/02hrh1q,1.0,1.0
/m/02f2p7,/people/person/spouse_s./people/marriage/type_of_union,/m/04ztj,1.0,1.0
/m/03s9v,/people/person/places_lived./people/place_lived/location,/m/02jx1,1.0,1.0
/m/03hmr_,/people/person/places_lived./people/place_lived/location,/m/05kkh,1.0,1.0
/m/046zh,/people/person/sibling_s./people/sibling_relationship/sibling,/m/023nlj,1.0,1.0
/m/024jwt,/people/person/profession,/m/02jknp,1.0,1.0
/m/02t__3,/people/person/places_lived./people/place_lived/location,/m/030qb3t,1.0,1.0
/m/022qw7,/people/person/places_lived./people/place_lived/location,/m/027l4q,1.0,1.0
/m/03_2td,/people/person/profession,/m/02hrh1q,1.0,1.0
/m/02lfwp,/people/person/nationality,/m/02jx1,1.0,1.0
/m/0488g9,/people/person/profession,/m/03gjzk,1.0,1.0
/m/030h95,/people/person/places_lived./people/place_lived/location,/m/02_286,1.0,1.0
/m/02jyhv,/people/person/profession,/m/02hrh1q,1.0,1.0
/m/01xcfy,/people/person/gender,/m/02zsn,1.0,1.0
/m/03975z,/people/person/profession,/m/02hrh1q,1.0,1.0
/m/0415mzy,/people/person/nationality,/m/04wgh,1.0,1.0
/m/021yw7,/people/person/profession,/m/03gjzk,1.0,1.0
/m/04x1_w,/people/person/languages,/m/02h40lc,1.0,1.0
/m/0478__m,/people/person/employment_history./business/employment_tenure/company,/m/01trtc,1.0,1.0
/m/03h2d4,/people/person/languages,/m/02h40lc,1.0,1.0
/m/04264n,/people/person/spouse_s./people/marriage/type_of_union,/m/04ztj,1.0,1.0
/m/027_sn,/people/person/place_of_birth,/m/02_286,1.0,1.0
/m/0226cw,/people/person/profession,/m/04gc2,1.0,1.0
/m/033tf_,/people/ethnicity/people,/m/03rl84,1.0,1.0
/m/0341n5,/people/person/places_lived./people/place_lived/location,/m/030qb3t,1.0,1.0
/m/03b78r,/people/person/profession,/m/03gjzk,1.0,1.0
/m/02y0yt,/people/person/profession,/m/02hrh1q,1.0,1.0
/m/03g62,/people/person/spouse_s./people/marriage/type_of_union,/m/04ztj,1.0,1.0
/m/02bwc7,/people/person/profession,/m/02krf9,1.0,1.0
/m/02ts3h,/people/person/spouse_s./people/marriage/type_of_union,/m/04ztj,1.0,1.0
/m/03bkbh,/people/ethnicity/people,/m/04bdxl,1.0,1.0
/m/035sc2,/people/person/profession,/m/03gjzk,1.0,1.0
/m/0443xn,/people/person/place_of_birth,/m/02frhbc,1.0,1.0
/m/04rfq,/people/person/spouse_s./people/marriage/type_of_union,/m/04ztj,1.0,1.0
/m/048z7l,/people/ethnicity/languages_spoken,/m/032f6,1.0,1.0
/m/02lj6p,/people/person/spouse_s./people/marriage/type_of_union,/m/04ztj,1.0,1.0
/m/04smkr,/people/person/languages,/m/02h40lc,1.0,1.0
/m/0465_,/people/person/places_lived./people/place_lived/location,/m/02jx1,1.0,1.0
/m/01yh3y,/people/person/profession,/m/02hrh1q,1.0,1.0
/m/0306ds,/people/person/profession,/m/02hrh1q,1.0,1.0
/m/05g3ss,/people/person/spouse_s./people/marriage/type_of_union,/m/04ztj,1.0,1.0
/m/035gjq,/people/person/profession,/m/02hrh1q,1.0,1.0
/m/03j149k,/people/person/places_lived./people/place_lived/location,/m/02_286,1.0,1.0
/m/01z9_x,/people/person/spouse_s./people/marriage/type_of_union,/m/04ztj,1.0,1.0
/m/02mv9b,/people/person/spouse_s./people/marriage/type_of_union,/m/04ztj,1.0,1.0
/m/02dbn2,/people/person/profession,/m/02hrh1q,1.0,1.0
/m/02bkdn,/people/person/profession,/m/02hrh1q,1.0,1.0
/m/03cn92,/people/person/gender,/m/02zsn,1.0,1.0
/m/01wphh2,/people/person/gender,/m/02zsn,1.0,1.0
/m/02cpb7,/people/person/gender,/m/02zsn,1.0,1.0
/m/02pzck,/people/person/profession,/m/03gjzk,1.0,1.0
/m/02cg2v,/people/person/spouse_s./people/marriage/type_of_union,/m/04ztj,1.0,1.0
/m/02ctyy,/people/person/profession,/m/02hrh1q,1.0,1.0
/m/01vh096,/people/person/places_lived./people/place_lived/location,/m/03_xj,1.0,1.0
/m/044pqn,/people/person/profession,/m/02hrh1q,1.0,1.0
/m/041rx,/people/ethnicity/people,/m/01v5h,1.0,1.0
/m/023s8,/people/person/places_lived./people/place_lived/location,/m/059rby,1.0,1.0
/m/02d42t,/people/person/languages,/m/02h40lc,1.0,1.0
/m/04fhxp,/people/person/spouse_s./people/marriage/type_of_union,/m/04ztj,1.0,1.0
/m/02rf1y,/people/person/profession,/m/02hrh1q,1.0,1.0
/m/021npv,/people/person/profession,/m/02hrh1q,1.0,1.0
/m/01wv9p,/people/person/place_of_birth,/m/02_286,1.0,1.0
/m/02mt4k,/people/person/place_of_birth,/m/02_286,1.0,1.0
/m/02x2t07,/people/person/profession,/m/02pjxr,1.0,1.0
/m/03_80b,/people/person/nationality,/m/03rk0,1.0,1.0
/m/02y49,/people/person/profession,/m/02hrh1q,1.0,1.0
/m/03ys2f,/people/person/profession,/m/02jknp,1.0,1.0
/m/03xb2w,/people/person/profession,/m/02hrh1q,1.0,1.0
/m/059_gf,/people/person/profession,/m/02hrh1q,1.0,1.0
/m/02bkdn,/people/person/gender,/m/02zsn,1.0,1.0
/m/03q43g,/people/person/profession,/m/02hrh1q,1.0,1.0
/m/02c7lt,/people/person/profession,/m/02jknp,1.0,1.0
/m/01vzxld,/people/person/profession,/m/02hrh1q,1.0,1.0
/m/032w8h,/people/person/languages,/m/02h40lc,1.0,1.0
/m/041rx,/people/ethnicity/people,/m/026fd,1.0,1.0
/m/0259r0,/people/person/languages,/m/02h40lc,1.0,1.0
/m/03h_fqv,/people/person/spouse_s./people/marriage/type_of_union,/m/04ztj,1.0,1.0
/m/04l3_z,/people/person/profession,/m/02jknp,1.0,1.0
/m/050llt,/people/person/gender,/m/02zsn,1.0,1.0
/m/044gyq,/people/person/spouse_s./people/marriage/type_of_union,/m/04ztj,1.0,1.0
/m/02qgyv,/people/person/profession,/m/02hrh1q,1.0,1.0
/m/03fg0r,/people/person/profession,/m/02krf9,1.0,1.0
/m/02j8nx,/people/person/nationality,/m/02jx1,1.0,1.0
/m/0521rl1,/people/person/profession,/m/02hrh1q,1.0,1.0
/m/043cl9,/people/person/profession,/m/03gjzk,1.0,1.0
/m/01vsl3_,/people/person/spouse_s./people/marriage/location_of_ceremony,/m/035hm,1.0,1.0
/m/04l_pt,/people/ethnicity/languages_spoken,/m/03115z,1.0,1.0
/m/04cw0j,/people/person/place_of_birth,/m/02_286,1.0,1.0
/m/025vldk,/people/person/spouse_s./people/marriage/type_of_union,/m/04ztj,1.0,1.0
/m/01w02sy,/people/person/profession,/m/025352,1.0,1.0
/m/02s6sh,/people/person/profession,/m/04f2zj,1.0,1.0
/m/04z542,/people/person/profession,/m/02hrh1q,1.0,1.0
/m/02q4mt,/people/person/profession,/m/03gjzk,1.0,1.0
/m/049sb,/people/person/profession,/m/02y5kn,1.0,1.0
/m/03d29b,/people/person/nationality,/m/03_3d,1.0,1.0
/m/02pzc4,/people/person/profession,/m/029bkp,1.0,1.0
/m/02h48,/people/deceased_person/place_of_death,/m/030qb3t,1.0,1.0
/m/02w7gg,/people/ethnicity/people,/m/0473q,1.0,1.0
/m/04ztj,/people/marriage_union_type/unions_of_this_type./people/marriage/location_of_ceremony,/m/02dtg,1.0,1.0
/m/03y82t6,/people/person/places_lived./people/place_lived/location,/m/030qb3t,1.0,1.0
/m/04h68j,/people/person/place_of_birth,/m/03h64,1.0,1.0
/m/020_95,/people/person/profession,/m/02hrh1q,1.0,1.0
/m/01w02sy,/people/person/places_lived./people/place_lived/location,/m/030qb3t,1.0,1.0
/m/05jm7,/people/person/spouse_s./people/marriage/type_of_union,/m/04ztj,1.0,1.0
/m/02_l96,/people/person/spouse_s./people/marriage/type_of_union,/m/04ztj,1.0,1.0
/m/059gkk,/people/person/spouse_s./people/marriage/type_of_union,/m/04ztj,1.0,1.0
/m/030vmc,/people/person/profession,/m/02krf9,1.0,1.0
/m/03f4w4,/people/person/place_of_birth,/m/04jpl,1.0,1.0
/m/01vsl3_,/people/person/languages,/m/02h40lc,1.0,1.0
/m/05j12n,/people/person/nationality,/m/03rk0,1.0,1.0
/m/02qnbs,/people/person/place_of_birth,/m/02_286,1.0,1.0
/m/045gzq,/people/person/profession,/m/02hrh1q,1.0,1.0
/m/04xrx,/people/person/spouse_s./people/marriage/type_of_union,/m/04ztj,1.0,1.0
/m/058vp,/people/person/religion,/m/03_gx,1.0,1.0
/m/02ldv0,/people/person/spouse_s./people/marriage/type_of_union,/m/04ztj,1.0,1.0
/m/04gc65,/people/person/profession,/m/02hrh1q,1.0,1.0
/m/02whj,/people/person/profession,/m/039v1,1.0,1.0
/m/02j9lm,/people/person/spouse_s./people/marriage/type_of_union,/m/04ztj,1.0,1.0
/m/041rx,/people/ethnicity/people,/m/02nygk,1.0,1.0
/m/02tk74,/people/person/profession,/m/02hrh1q,1.0,1.0
/m/04yj5z,/people/person/languages,/m/02h40lc,1.0,1.0
/m/0227vl,/people/person/profession,/m/02hrh1q,1.0,1.0
/m/052h3,/people/person/religion,/m/03_gx,1.0,1.0
/m/04353,/people/person/profession,/m/03gjzk,1.0,1.0
/m/0227tr,/people/person/places_lived./people/place_lived/location,/m/059j2,1.0,1.0
/m/031zkw,/people/person/languages,/m/02h40lc,1.0,1.0
/m/0259r0,/people/person/profession,/m/02hrh1q,1.0,1.0
/m/03jxw,/people/person/place_of_birth,/m/02_286,1.0,1.0
/m/042q3,/people/person/nationality,/m/03b79,1.0,1.0
/m/02k6hp,/people/cause_of_death/people,/m/02wr6r,1.0,1.0
/m/01xg_w,/people/person/places_lived./people/place_lived/location,/m/0281rp,1.0,1.0
/m/04pqqb,/people/person/spouse_s./people/marriage/type_of_union,/m/04ztj,1.0,1.0
/m/03f1zhf,/people/person/languages,/m/02ztjwg,1.0,1.0
/m/028d4v,/people/person/profession,/m/02hrh1q,1.0,1.0
/m/045hz5,/people/person/profession,/m/02hrh1q,1.0,1.0
/m/03tdlh,/people/person/place_of_birth,/m/02_286,1.0,1.0
/m/02js9p,/people/person/places_lived./people/place_lived/location,/m/030qb3t,1.0,1.0
/m/02knxx,/people/cause_of_death/people,/m/02nygk,1.0,1.0
/m/03ts0c,/people/ethnicity/people,/m/01vh096,1.0,1.0
/m/01vh08,/people/person/places_lived./people/place_lived/location,/m/02hrh0_,1.0,1.0
/m/02dbp7,/people/person/profession,/m/03gjzk,1.0,1.0
/m/03cvv4,/people/person/languages,/m/02h40lc,1.0,1.0
/m/03jxw,/people/person/places_lived./people/place_lived/location,/m/02_286,1.0,1.0
/m/02w7gg,/people/ethnicity/people,/m/0479b,1.0,1.0
/m/042f1,/people/person/religion,/m/051kv,1.0,1.0
/m/04y9dk,/people/person/nationality,/m/02jx1,1.0,1.0
/m/02r6c_,/people/person/spouse_s./people/marriage/type_of_union,/m/04ztj,1.0,1.0
/m/02fx3c,/people/person/spouse_s./people/marriage/type_of_union,/m/04ztj,1.0,1.0
/m/02p8v8,/people/person/spouse_s./people/marriage/type_of_union,/m/04ztj,1.0,1.0
/m/04ztj,/people/marriage_union_type/unions_of_this_type./people/marriage/location_of_ceremony,/m/04kcn,1.0,1.0
/m/02lfwp,/people/person/spouse_s./people/marriage/type_of_union,/m/04ztj,1.0,1.0
/m/030hcs,/people/person/spouse_s./people/marriage/spouse,/m/030hbp,1.0,1.0
/m/042l3v,/people/person/spouse_s./people/marriage/type_of_union,/m/04ztj,1.0,1.0
/m/044qx,/people/person/profession,/m/02hrh1q,1.0,1.0
/m/01wd9lv,/people/person/profession,/m/03gjzk,1.0,1.0
/m/02rxbmt,/people/person/place_of_birth,/m/056_y,1.0,1.0
/m/02rzmzk,/people/person/spouse_s./people/marriage/type_of_union,/m/04ztj,1.0,1.0
/m/0288crq,/people/person/profession,/m/02hrh1q,1.0,1.0
/m/02l6dy,/people/person/places_lived./people/place_lived/location,/m/030qb3t,1.0,1.0
/m/03ftmg,/people/person/nationality,/m/02jx1,1.0,1.0
/m/043cl9,/people/person/place_of_birth,/m/029kpy,1.0,1.0
/m/04yyhw,/people/person/spouse_s./people/marriage/type_of_union,/m/04ztj,1.0,1.0
/m/02pk6x,/people/person/languages,/m/02h40lc,1.0,1.0
/m/03b0q4,/people/person/nationality,/m/02jx1,1.0,1.0
/m/035kl6,/people/person/place_of_birth,/m/02dtg,1.0,1.0
/m/02t_tp,/people/person/profession,/m/02hrh1q,1.0,1.0
/m/05_2h8,/people/person/spouse_s./people/marriage/type_of_union,/m/04ztj,1.0,1.0
/m/02_fj,/people/person/profession,/m/02jknp,1.0,1.0
/m/027n4zv,/people/person/places_lived./people/place_lived/location,/m/04ykg,1.0,1.0
/m/02ctzb,/people/ethnicity/people,/m/02yy8,1.0,1.0
/m/03vrnh,/people/person/spouse_s./people/marriage/type_of_union,/m/04ztj,1.0,1.0
/m/030vmc,/people/person/spouse_s./people/marriage/type_of_union,/m/04ztj,1.0,1.0
/m/03v3xp,/people/person/profession,/m/02hrh1q,1.0,1.0
/m/03c602,/people/person/places_lived./people/place_lived/location,/m/056_y,1.0,1.0
/m/03rx9,/people/person/profession,/m/03jgz,1.0,1.0
/m/034bgm,/people/person/spouse_s./people/marriage/type_of_union,/m/04ztj,1.0,1.0
/m/01wgcvn,/people/person/profession,/m/02hrh1q,1.0,1.0
/m/02645b,/people/deceased_person/place_of_death,/m/02_286,1.0,1.0
/m/030wkp,/people/person/profession,/m/02hrh1q,1.0,1.0
/m/01vh3r,/people/person/profession,/m/02hrh1q,1.0,1.0
/m/02ktrs,/people/person/profession,/m/01xr66,1.0,1.0
/m/02dlfh,/people/person/profession,/m/02hrh1q,1.0,1.0
/m/04f7c55,/people/person/languages,/m/02h40lc,1.0,1.0
/m/02bh9,/people/person/profession,/m/02hrh1q,1.0,1.0
/m/057hz,/people/person/spouse_s./people/marriage/location_of_ceremony,/m/02_286,1.0,1.0
/m/01wj9y9,/people/person/religion,/m/03_gx,1.0,1.0
/m/03nk3t,/people/person/profession,/m/02hrh1q,1.0,1.0
/m/033tf_,/people/ethnicity/people,/m/04xhwn,1.0,1.0
/m/03rx9,/people/person/profession,/m/02hrh1q,1.0,1.0
/m/057xn_m,/people/person/gender,/m/02zsn,1.0,1.0
/m/02y0js,/people/cause_of_death/people,/m/029cpw,1.0,1.0
/m/02_2v2,/people/person/profession,/m/03gjzk,1.0,1.0
/m/02d9k,/people/person/profession,/m/02hrh1q,1.0,1.0
/m/041rx,/people/ethnicity/people,/m/02z3zp,1.0,1.0
/m/04ztj,/people/marriage_union_type/unions_of_this_type./people/marriage/location_of_ceremony,/m/04cjn,1.0,1.0
/m/01x1cn2,/people/person/gender,/m/02zsn,1.0,1.0
/m/034g2b,/people/person/profession,/m/02hrh1q,1.0,1.0
/m/04258w,/people/person/spouse_s./people/marriage/type_of_union,/m/04ztj,1.0,1.0
/m/030dx5,/people/person/profession,/m/02hrh1q,1.0,1.0
/m/01vy_v8,/people/person/profession,/m/02jknp,1.0,1.0
/m/05jm7,/people/person/profession,/m/02jknp,1.0,1.0
/m/025b5y,/people/person/places_lived./people/place_lived/location,/m/02cl1,1.0,1.0
/m/04wf_b,/people/person/spouse_s./people/marriage/type_of_union,/m/04ztj,1.0,1.0
/m/048s0r,/people/person/spouse_s./people/marriage/type_of_union,/m/04ztj,1.0,1.0
/m/0285c,/people/person/spouse_s./people/marriage/location_of_ceremony,/m/030qb3t,1.0,1.0
/m/02ctzb,/people/ethnicity/people,/m/032t2z,1.0,1.0
/m/05728w1,/people/person/spouse_s./people/marriage/type_of_union,/m/04ztj,1.0,1.0
/m/02pkpfs,/people/person/profession,/m/02hrh1q,1.0,1.0
/m/02hg53,/people/deceased_person/place_of_death,/m/030qb3t,1.0,1.0
/m/0294fd,/people/person/gender,/m/02zsn,1.0,1.0
/m/01w5gg6,/people/person/nationality,/m/02jx1,1.0,1.0
/m/02784z,/people/person/religion,/m/03_gx,1.0,1.0
/m/02k21g,/people/person/profession,/m/02hrh1q,1.0,1.0
/m/02qjj7,/people/person/profession,/m/02jknp,1.0,1.0
/m/050023,/people/person/spouse_s./people/marriage/type_of_union,/m/04ztj,1.0,1.0
/m/04ztj,/people/marriage_union_type/unions_of_this_type./people/marriage/location_of_ceremony,/m/056_y,1.0,1.0
/m/03q95r,/people/person/places_lived./people/place_lived/location,/m/04ykg,1.0,1.0
/m/01zg98,/people/person/spouse_s./people/marriage/type_of_union,/m/04ztj,1.0,1.0
/m/03d_w3h,/people/person/spouse_s./people/marriage/type_of_union,/m/04ztj,1.0,1.0
/m/02lf70,/people/person/profession,/m/03gjzk,1.0,1.0
/m/04myfb7,/people/person/profession,/m/02hrh1q,1.0,1.0
/m/02q5xsx,/people/person/profession,/m/02krf9,1.0,1.0
/m/02r38,/people/person/spouse_s./people/marriage/type_of_union,/m/04ztj,1.0,1.0
/m/0285xqh,/people/person/spouse_s./people/marriage/type_of_union,/m/04ztj,1.0,1.0
/m/03f02ct,/people/person/profession,/m/02hrh1q,1.0,1.0
/m/054k_8,/people/person/nationality,/m/03h64,1.0,1.0
/m/02mz_6,/people/person/profession,/m/02jknp,1.0,1.0
/m/036gdw,/people/person/profession,/m/02hrh1q,1.0,1.0
/m/05hdf,/people/person/spouse_s./people/marriage/type_of_union,/m/04ztj,1.0,1.0
/m/02f2p7,/people/person/gender,/m/02zsn,1.0,1.0
/m/047jhq,/people/person/languages,/m/03k50,1.0,1.0
/m/01vvlyt,/people/person/gender,/m/02zsn,1.0,1.0
/m/032qgs,/people/person/spouse_s./people/marriage/type_of_union,/m/04ztj,1.0,1.0
/m/03f1zhf,/people/person/profession,/m/03gjzk,1.0,1.0
/m/02fbpz,/people/person/nationality,/m/03rk0,1.0,1.0
/m/029_3,/people/person/places_lived./people/place_lived/location,/m/030qb3t,1.0,1.0
/m/02vmzp,/people/person/sibling_s./people/sibling_relationship/sibling,/m/021j72,1.0,1.0
/m/032qgs,/people/person/profession,/m/039v1,1.0,1.0
/m/03swmf,/people/person/profession,/m/02jknp,1.0,1.0
/m/01w58n3,/people/person/religion,/m/02vxy_,1.0,1.0
/m/02wgln,/people/person/profession,/m/03gjzk,1.0,1.0
/m/02pbp9,/people/person/profession,/m/03gjzk,1.0,1.0
/m/01vwbts,/people/person/nationality,/m/02jx1,1.0,1.0
/m/03q1vd,/people/person/spouse_s./people/marriage/type_of_union,/m/04ztj,1.0,1.0
/m/041jlr,/people/person/profession,/m/02jknp,1.0,1.0
/m/03gkn5,/people/person/languages,/m/02h40lc,1.0,1.0
/m/02q5xsx,/people/deceased_person/place_of_death,/m/030qb3t,1.0,1.0
/m/04nw9,/people/person/profession,/m/03gjzk,1.0,1.0
/m/02r34n,/people/person/places_lived./people/place_lived/location,/m/02_286,1.0,1.0
/m/02ctyy,/people/person/gender,/m/02zsn,1.0,1.0
/m/04b19t,/people/person/profession,/m/02jknp,1.0,1.0
/m/03vrp,/people/person/spouse_s./people/marriage/type_of_union,/m/04ztj,1.0,1.0
/m/03lq43,/people/person/spouse_s./people/marriage/type_of_union,/m/04ztj,1.0,1.0
/m/04ztj,/people/marriage_union_type/unions_of_this_type./people/marriage/location_of_ceremony,/m/04qdj,1.0,1.0
/m/03ds83,/people/person/spouse_s./people/marriage/type_of_union,/m/04ztj,1.0,1.0
/m/02t_vx,/people/person/spouse_s./people/marriage/type_of_union,/m/04ztj,1.0,1.0
/m/02d45s,/people/person/profession,/m/02hrh1q,1.0,1.0
/m/01ypsj,/people/person/gender,/m/02zsn,1.0,1.0
/m/044ntk,/people/person/profession,/m/02jknp,1.0,1.0
/m/024dgj,/people/person/spouse_s./people/marriage/type_of_union,/m/04ztj,1.0,1.0
/m/02hy5d,/people/person/profession,/m/04gc2,1.0,1.0
/m/02cx90,/people/person/profession,/m/029bkp,1.0,1.0
/m/033m23,/people/person/gender,/m/02zsn,1.0,1.0
/m/04s9n,/people/person/spouse_s./people/marriage/type_of_union,/m/04ztj,1.0,1.0
/m/028pzq,/people/person/languages,/m/02h40lc,1.0,1.0
/m/03fwln,/people/person/languages,/m/03k50,1.0,1.0
/m/04twmk,/people/person/profession,/m/02hrh1q,1.0,1.0
/m/03pmty,/people/person/spouse_s./people/marriage/type_of_union,/m/04ztj,1.0,1.0
/m/03dbds,/people/person/place_of_birth,/m/03l2n,1.0,1.0
/m/01wttr1,/people/person/languages,/m/03k50,1.0,1.0
/m/059m45,/people/person/profession,/m/02hrh1q,1.0,1.0
/m/02byfd,/people/person/place_of_birth,/m/030qb3t,1.0,1.0
/m/02j490,/people/person/places_lived./people/place_lived/location,/m/027l4q,1.0,1.0
/m/01vswx5,/people/person/spouse_s./people/marriage/type_of_union,/m/04ztj,1.0,1.0
/m/02y8bn,/people/person/spouse_s./people/marriage/type_of_union,/m/04ztj,1.0,1.0
/m/02_0d2,/people/person/places_lived./people/place_lived/location,/m/05fkf,1.0,1.0
/m/04328m,/people/person/gender,/m/02zsn,1.0,1.0
/m/037w7r,/people/person/profession,/m/02hrh1q,1.0,1.0
/m/01vw26l,/people/person/spouse_s./people/marriage/type_of_union,/m/04ztj,1.0,1.0
/m/02w7gg,/people/ethnicity/people,/m/03y_46,1.0,1.0
/m/029q_y,/people/person/spouse_s./people/marriage/type_of_union,/m/04ztj,1.0,1.0
/m/033rq,/people/person/profession,/m/02jknp,1.0,1.0
/m/045g4l,/people/person/sibling_s./people/sibling_relationship/sibling,/m/02cvp8,1.0,1.0
/m/03yrkt,/people/person/profession,/m/02hrh1q,1.0,1.0
/m/04gcd1,/people/person/places_lived./people/place_lived/location,/m/050l8,1.0,1.0
/m/03yf3z,/people/person/spouse_s./people/marriage/type_of_union,/m/04ztj,1.0,1.0
/m/04ztj,/people/marriage_union_type/unions_of_this_type./people/marriage/location_of_ceremony,/m/03czqs,1.0,1.0
/m/0428bc,/people/person/spouse_s./people/marriage/type_of_union,/m/04ztj,1.0,1.0
/m/03yrkt,/people/person/gender,/m/02zsn,1.0,1.0
/m/02mqc4,/people/person/place_of_birth,/m/02_286,1.0,1.0
/m/0239zv,/people/person/religion,/m/03j6c,1.0,1.0
/m/035sc2,/people/person/profession,/m/02jknp,1.0,1.0
/m/04411,/people/deceased_person/place_of_death,/m/02_286,1.0,1.0
/m/02hh8j,/people/person/profession,/m/02hrh1q,1.0,1.0
/m/03_0p,/people/person/spouse_s./people/marriage/type_of_union,/m/04ztj,1.0,1.0
/m/026rm_y,/people/person/spouse_s./people/marriage/type_of_union,/m/04ztj,1.0,1.0
/m/039n1,/people/person/nationality,/m/0345h,1.0,1.0
/m/02nygk,/people/person/spouse_s./people/marriage/type_of_union,/m/04ztj,1.0,1.0
/m/02rybfn,/people/person/spouse_s./people/marriage/type_of_union,/m/04ztj,1.0,1.0
/m/03m6t5,/people/person/place_of_birth,/m/05ksh,1.0,1.0
/m/02xgdv,/people/person/nationality,/m/03rk0,1.0,1.0
/m/04gtq43,/people/person/gender,/m/02zsn,1.0,1.0
/m/02v60l,/people/person/sibling_s./people/sibling_relationship/sibling,/m/01wk51,1.0,1.0
/m/033jkj,/people/person/languages,/m/02h40lc,1.0,1.0
/m/03cglm,/people/person/places_lived./people/place_lived/location,/m/05kkh,1.0,1.0
/m/01w02sy,/people/person/languages,/m/02h40lc,1.0,1.0
/m/02qsjt,/people/person/profession,/m/039v1,1.0,1.0
/m/01vs8ng,/people/person/nationality,/m/03_3d,1.0,1.0
/m/04328m,/people/person/profession,/m/02hrh1q,1.0,1.0
/m/04wvhz,/people/person/profession,/m/03gjzk,1.0,1.0
/m/01xdf5,/people/person/profession,/m/03gjzk,1.0,1.0
/m/04bs3j,/people/person/profession,/m/02hrh1q,1.0,1.0
/m/03kdl,/people/person/spouse_s./people/marriage/type_of_union,/m/04ztj,1.0,1.0
/m/01xzb6,/people/person/places_lived./people/place_lived/location,/m/030qb3t,1.0,1.0
/m/01vvpjj,/people/person/profession,/m/02hrh1q,1.0,1.0
/m/03wpmd,/people/person/profession,/m/026sdt1,1.0,1.0
/m/02wr2r,/people/person/profession,/m/03gjzk,1.0,1.0
/m/04ztj,/people/marriage_union_type/unions_of_this_type./people/marriage/location_of_ceremony,/m/02z0j,1.0,1.0
/m/024zq,/people/person/profession,/m/029bkp,1.0,1.0
/m/033tln,/people/person/spouse_s./people/marriage/spouse,/m/02f8lw,1.0,1.0
/m/030x48,/people/person/profession,/m/02hrh1q,1.0,1.0
/m/04pg29,/people/person/profession,/m/02jknp,1.0,1.0
/m/03f4w4,/people/person/profession,/m/02hrh1q,1.0,1.0
/m/044_7j,/people/person/profession,/m/02hrh1q,1.0,1.0
/m/0579tg2,/people/deceased_person/place_of_death,/m/030qb3t,1.0,1.0
/m/025tdwc,/people/person/profession,/m/02t8yb,1.0,1.0
/m/02t1dv,/people/person/gender,/m/02zsn,1.0,1.0
/m/027hm_,/people/person/spouse_s./people/marriage/type_of_union,/m/04ztj,1.0,1.0
/m/01vtg4q,/people/person/spouse_s./people/marriage/type_of_union,/m/04ztj,1.0,1.0
/m/02vr7,/people/person/nationality,/m/02jx1,1.0,1.0
/m/04sry,/people/person/profession,/m/02krf9,1.0,1.0
/m/02pqgt8,/people/person/places_lived./people/place_lived/location,/m/04jpl,1.0,1.0
/m/02gyl0,/people/person/places_lived./people/place_lived/location,/m/030qb3t,1.0,1.0
/m/03gt0c5,/people/person/spouse_s./people/marriage/type_of_union,/m/04ztj,1.0,1.0
/m/04bdqk,/people/person/profession,/m/02hrh1q,1.0,1.0
/m/032md,/people/person/profession,/m/02jknp,1.0,1.0
/m/01vsyg9,/people/person/places_lived./people/place_lived/location,/m/04jpl,1.0,1.0
/m/04mvp8,/people/ethnicity/people,/m/046rfv,1.0,1.0
/m/04cl1,/people/person/profession,/m/02jknp,1.0,1.0
/m/02ctzb,/people/ethnicity/people,/m/02l3_5,1.0,1.0
/m/02zjd,/people/person/spouse_s./people/marriage/type_of_union,/m/04ztj,1.0,1.0
/m/041rx,/people/ethnicity/people,/m/03d1y3,1.0,1.0
/m/02f2dn,/people/person/gender,/m/02zsn,1.0,1.0
/m/033hqf,/people/person/places_lived./people/place_lived/location,/m/02_286,1.0,1.0
/m/024swd,/people/deceased_person/place_of_death,/m/02_286,1.0,1.0
/m/04ztj,/people/marriage_union_type/unions_of_this_type./people/marriage/location_of_ceremony,/m/04lh6,1.0,1.0
/m/059fjj,/people/person/place_of_birth,/m/02_286,1.0,1.0
/m/02wb6yq,/people/person/profession,/m/02hrh1q,1.0,1.0
/m/02w7gg,/people/ethnicity/people,/m/03v3xp,1.0,1.0
/m/04rs03,/people/person/nationality,/m/03rk0,1.0,1.0
/m/025p38,/people/person/places_lived./people/place_lived/location,/m/03p85,1.0,1.0
/m/02qx5h,/people/person/religion,/m/03_gx,1.0,1.0
/m/02kmx6,/people/person/gender,/m/02zsn,1.0,1.0
/m/02zq43,/people/person/places_lived./people/place_lived/location,/m/04jpl,1.0,1.0
/m/0292l3,/people/person/places_lived./people/place_lived/location,/m/03p85,1.0,1.0
/m/041rx,/people/ethnicity/people,/m/01wvxw1,1.0,1.0
/m/020_95,/people/person/places_lived./people/place_lived/location,/m/02_286,1.0,1.0
/m/02qfhb,/people/person/profession,/m/02hrh1q,1.0,1.0
/m/030_3z,/people/person/employment_history./business/employment_tenure/company,/m/030_1_,1.0,1.0
/m/05km8z,/people/person/place_of_birth,/m/04jpl,1.0,1.0
/m/044mfr,/people/person/place_of_birth,/m/030qb3t,1.0,1.0
/m/03cn92,/people/person/spouse_s./people/marriage/type_of_union,/m/04ztj,1.0,1.0
/m/034zc0,/people/person/profession,/m/021wpb,1.0,1.0
/m/058z1hb,/people/person/place_of_birth,/m/02_286,1.0,1.0
/m/02r5w9,/people/person/profession,/m/02jknp,1.0,1.0
/m/03v1jf,/people/person/places_lived./people/place_lived/location,/m/02_286,1.0,1.0
/m/01w0yrc,/people/person/profession,/m/02hrh1q,1.0,1.0
/m/0459z,/people/person/nationality,/m/0345h,1.0,1.0
/m/0272kv,/people/person/nationality,/m/03rjj,1.0,1.0
/m/046mxj,/people/person/profession,/m/03gjzk,1.0,1.0
/m/0410cp,/people/person/spouse_s./people/marriage/type_of_union,/m/04ztj,1.0,1.0
/m/033tf_,/people/ethnicity/people,/m/038nv6,1.0,1.0
/m/05l0j5,/people/person/gender,/m/02zsn,1.0,1.0
/m/03bdm4,/people/person/places_lived./people/place_lived/location,/m/04jpl,1.0,1.0
/m/04m_zp,/people/person/profession,/m/02hrh1q,1.0,1.0
/m/02v2jy,/people/person/profession,/m/03gjzk,1.0,1.0
/m/023nlj,/people/person/places_lived./people/place_lived/location,/m/0281s1,1.0,1.0
/m/02qx1m2,/people/deceased_person/place_of_death,/m/030qb3t,1.0,1.0
/m/04ztj,/people/marriage_union_type/unions_of_this_type./people/marriage/location_of_ceremony,/m/021npd,1.0,1.0
/m/02pq9yv,/people/person/place_of_birth,/m/02jx1,1.0,1.0
/m/01vh096,/people/person/places_lived./people/place_lived/location,/m/0366c,1.0,1.0
/m/027vps,/people/person/profession,/m/02jknp,1.0,1.0
/m/01yg9y,/people/person/spouse_s./people/marriage/type_of_union,/m/04ztj,1.0,1.0
/m/025y9fn,/people/person/profession,/m/02jknp,1.0,1.0
/m/02qjj7,/people/person/profession,/m/03gjzk,1.0,1.0
/m/05jrj4,/people/person/nationality,/m/03rk0,1.0,1.0
/m/02ply6j,/people/person/profession,/m/02hrh1q,1.0,1.0
/m/025mb_,/people/person/profession,/m/02hrh1q,1.0,1.0
/m/04p3w,/people/cause_of_death/people,/m/02cvp8,1.0,1.0
/m/01vvyd8,/people/person/languages,/m/02h40lc,1.0,1.0
/m/054fvj,/people/person/place_of_birth,/m/029cr,1.0,1.0
/m/02nygk,/people/deceased_person/place_of_death,/m/030qb3t,1.0,1.0
/m/03y2kr,/people/person/places_lived./people/place_lived/location,/m/03s0w,1.0,1.0
/m/04ztj,/people/marriage_union_type/unions_of_this_type./people/marriage/location_of_ceremony,/m/02fzs,1.0,1.0
/m/04rg6,/people/person/profession,/m/02hrh1q,1.0,1.0
/m/01vv126,/people/person/profession,/m/03_vpw,1.0,1.0
/m/041rx,/people/ethnicity/people,/m/04pqqb,1.0,1.0
/m/021j72,/people/person/languages,/m/03k50,1.0,1.0
/m/02w7gg,/people/ethnicity/people,/m/02184q,1.0,1.0
/m/03dq9,/people/person/profession,/m/02hrh1q,1.0,1.0
/m/03z509,/people/person/places_lived./people/place_lived/location,/m/02_286,1.0,1.0
/m/01z7s_,/people/person/spouse_s./people/marriage/type_of_union,/m/04ztj,1.0,1.0
/m/026ps1,/people/person/languages,/m/02h40lc,1.0,1.0
/m/044prt,/people/person/profession,/m/02hrh1q,1.0,1.0
/m/02ctzb,/people/ethnicity/people,/m/05f0r8,1.0,1.0
/m/03h610,/people/person/place_of_birth,/m/02_286,1.0,1.0
/m/05d1dy,/people/person/profession,/m/02hrh1q,1.0,1.0
/m/043d4,/people/person/spouse_s./people/marriage/type_of_union,/m/04ztj,1.0,1.0
/m/030dr,/people/person/spouse_s./people/marriage/type_of_union,/m/04ztj,1.0,1.0
/m/04s04,/people/person/spouse_s./people/marriage/type_of_union,/m/04ztj,1.0,1.0
/m/039x1k,/people/person/spouse_s./people/marriage/type_of_union,/m/04ztj,1.0,1.0
/m/03jjzf,/people/person/languages,/m/02h40lc,1.0,1.0
/m/01w58n3,/people/person/gender,/m/02zsn,1.0,1.0
/m/02r251z,/people/person/spouse_s./people/marriage/type_of_union,/m/04ztj,1.0,1.0
/m/01zt10,/people/person/gender,/m/02zsn,1.0,1.0
/m/0356dp,/people/person/spouse_s./people/marriage/type_of_union,/m/04ztj,1.0,1.0
/m/04s04,/people/person/places_lived./people/place_lived/location,/m/02frhbc,1.0,1.0
/m/04myfb7,/people/person/gender,/m/02zsn,1.0,1.0
/m/03f02ct,/people/person/nationality,/m/03rk0,1.0,1.0
/m/01yd8v,/people/person/languages,/m/02h40lc,1.0,1.0
/m/02xnjd,/people/person/profession,/m/03gjzk,1.0,1.0
/m/02lnhv,/people/person/gender,/m/02zsn,1.0,1.0
/m/02lfl4,/people/person/profession,/m/02hrh1q,1.0,1.0
/m/01wx756,/people/person/place_of_birth,/m/02_286,1.0,1.0
/m/01twdk,/people/person/spouse_s./people/marriage/type_of_union,/m/04ztj,1.0,1.0
/m/0222qb,/people/ethnicity/people,/m/03fbb6,1.0,1.0
/m/02ch1w,/people/person/gender,/m/02zsn,1.0,1.0
/m/02n1p5,/people/person/spouse_s./people/marriage/type_of_union,/m/04ztj,1.0,1.0
/m/01yb09,/people/person/profession,/m/02hrh1q,1.0,1.0
/m/01yd8v,/people/person/places_lived./people/place_lived/location,/m/030qb3t,1.0,1.0
/m/02g0mx,/people/person/place_of_birth,/m/030qb3t,1.0,1.0
/m/04gfy7,/people/ethnicity/languages_spoken,/m/055qm,1.0,1.0
/m/02mt4k,/people/person/spouse_s./people/marriage/type_of_union,/m/04ztj,1.0,1.0
/m/025st2z,/people/person/spouse_s./people/marriage/type_of_union,/m/04ztj,1.0,1.0
/m/01x72k,/people/person/spouse_s./people/marriage/spouse,/m/04vmqg,1.0,1.0
/m/03cn92,/people/person/profession,/m/02jknp,1.0,1.0
/m/03kwtb,/people/person/spouse_s./people/marriage/type_of_union,/m/04ztj,1.0,1.0
/m/03_wvl,/people/person/profession,/m/02hrh1q,1.0,1.0
/m/02t_st,/people/person/profession,/m/03gjzk,1.0,1.0
/m/027bs_2,/people/person/spouse_s./people/marriage/type_of_union,/m/04ztj,1.0,1.0
/m/0407f,/people/person/spouse_s./people/marriage/type_of_union,/m/04ztj,1.0,1.0
/m/02ts3h,/people/person/languages,/m/02h40lc,1.0,1.0
/m/01z5tr,/people/person/gender,/m/02zsn,1.0,1.0
/m/0292l3,/people/person/nationality,/m/03rk0,1.0,1.0
/m/02ck7w,/people/person/profession,/m/02hrh1q,1.0,1.0
/m/04ztj,/people/marriage_union_type/unions_of_this_type./people/marriage/location_of_ceremony,/m/022_6,1.0,1.0
/m/022qw7,/people/person/profession,/m/02hrh1q,1.0,1.0
/m/02w4fkq,/people/person/gender,/m/02zsn,1.0,1.0
/m/03zrp,/people/person/place_of_birth,/m/02_286,1.0,1.0
/m/026lyl4,/people/person/profession,/m/026sdt1,1.0,1.0
/m/048z7l,/people/ethnicity/people,/m/01vrt_c,1.0,1.0
/m/01wqmm8,/people/person/profession,/m/02hrh1q,1.0,1.0
/m/048z7l,/people/ethnicity/people,/m/035wq7,1.0,1.0
/m/053ksp,/people/person/profession,/m/02hv44_,1.0,1.0
/m/01ycck,/people/person/spouse_s./people/marriage/type_of_union,/m/04ztj,1.0,1.0
/m/041_y,/people/person/spouse_s./people/marriage/type_of_union,/m/04ztj,1.0,1.0
/m/03h_9lg,/people/person/profession,/m/03gjzk,1.0,1.0
/m/01v9l67,/people/person/spouse_s./people/marriage/type_of_union,/m/04ztj,1.0,1.0
/m/030wkp,/people/person/places_lived./people/place_lived/location,/m/030qb3t,1.0,1.0
/m/02rhfsc,/people/person/profession,/m/02jknp,1.0,1.0
/m/02g8h,/people/person/places_lived./people/place_lived/location,/m/02_286,1.0,1.0
/m/02t_zq,/people/person/spouse_s./people/marriage/type_of_union,/m/04ztj,1.0,1.0
/m/041h0,/people/person/spouse_s./people/marriage/type_of_union,/m/04ztj,1.0,1.0
/m/02t901,/people/person/profession,/m/02krf9,1.0,1.0
/m/051wwp,/people/person/profession,/m/02jknp,1.0,1.0
/m/03wpmd,/people/person/languages,/m/02h40lc,1.0,1.0
/m/01zh29,/people/person/places_lived./people/place_lived/location,/m/04vmp,1.0,1.0
/m/041rx,/people/ethnicity/people,/m/04xbr4,1.0,1.0
/m/01vvyc_,/people/person/employment_history./business/employment_tenure/company,/m/01trtc,1.0,1.0
/m/05gc0h,/people/person/profession,/m/02jknp,1.0,1.0
/m/03bkbh,/people/ethnicity/languages_spoken,/m/03x42,1.0,1.0
/m/0261g5l,/people/person/profession,/m/03gjzk,1.0,1.0
/m/03h8_g,/people/person/profession,/m/02hrh1q,1.0,1.0
/m/04ztj,/people/marriage_union_type/unions_of_this_type./people/marriage/location_of_ceremony,/m/01yj2,1.0,1.0
/m/03q43g,/people/person/spouse_s./people/marriage/spouse,/m/02rrsz,1.0,1.0
/m/02dh86,/people/person/profession,/m/02hrh1q,1.0,1.0
/m/01vs14j,/people/person/nationality,/m/03rt9,1.0,1.0
/m/03nb5v,/people/person/places_lived./people/place_lived/location,/m/05fjf,1.0,1.0
/m/01ycfv,/people/person/spouse_s./people/marriage/type_of_union,/m/04ztj,1.0,1.0
/m/036gdw,/people/person/languages,/m/02h40lc,1.0,1.0
/m/01y8d4,/people/person/spouse_s./people/marriage/type_of_union,/m/04ztj,1.0,1.0
/m/01vtj38,/people/person/gender,/m/02zsn,1.0,1.0
/m/02vyw,/people/person/place_of_birth,/m/02dtg,1.0,1.0
/m/04j0s3,/people/person/nationality,/m/03rk0,1.0,1.0
/m/02lfwp,/people/person/profession,/m/02krf9,1.0,1.0
/m/026spg,/people/person/spouse_s./people/marriage/type_of_union,/m/04ztj,1.0,1.0
/m/03gyh_z,/people/deceased_person/place_of_death,/m/030qb3t,1.0,1.0
/m/0335fp,/people/person/profession,/m/02hrh1q,1.0,1.0
/m/03ts0c,/people/ethnicity/people,/m/058vp,1.0,1.0
/m/01wj9y9,/people/person/profession,/m/02hrh1q,1.0,1.0
/m/02624g,/people/person/profession,/m/02hrh1q,1.0,1.0
/m/0383f,/people/person/spouse_s./people/marriage/type_of_union,/m/04ztj,1.0,1.0
/m/02bj6k,/people/person/profession,/m/02jknp,1.0,1.0
/m/0285c,/people/person/spouse_s./people/marriage/type_of_union,/m/04ztj,1.0,1.0
/m/02y0js,/people/cause_of_death/people,/m/01v9724,1.0,1.0
/m/050_qx,/people/person/spouse_s./people/marriage/type_of_union,/m/04ztj,1.0,1.0
/m/0222qb,/people/ethnicity/people,/m/034ks,1.0,1.0
/m/030vmc,/people/person/profession,/m/03gjzk,1.0,1.0
/m/0459z,/people/person/place_of_birth,/m/03hrz,1.0,1.0
/m/03v0vd,/people/person/profession,/m/03gjzk,1.0,1.0
/m/025b5y,/people/person/gender,/m/02zsn,1.0,1.0
/m/04ztj,/people/marriage_union_type/unions_of_this_type./people/marriage/location_of_ceremony,/m/027rn,1.0,1.0
/m/033tf_,/people/ethnicity/people,/m/01vwllw,1.0,1.0
/m/041rx,/people/ethnicity/people,/m/02d9k,1.0,1.0
/m/03hzl42,/people/person/spouse_s./people/marriage/type_of_union,/m/04ztj,1.0,1.0
/m/04ztj,/people/marriage_union_type/unions_of_this_type./people/marriage/location_of_ceremony,/m/02frhbc,1.0,1.0
/m/02v0ff,/people/person/profession,/m/03gjzk,1.0,1.0
/m/021b_,/people/person/religion,/m/03_gx,1.0,1.0
/m/03fbb6,/people/person/spouse_s./people/marriage/type_of_union,/m/04ztj,1.0,1.0
/m/03f1d47,/people/person/gender,/m/02zsn,1.0,1.0
/m/03csqj4,/people/person/profession,/m/02pjxr,1.0,1.0
/m/021_rm,/people/person/profession,/m/02hrh1q,1.0,1.0
/m/040db,/people/person/spouse_s./people/marriage/type_of_union,/m/04ztj,1.0,1.0
/m/04mvp8,/people/ethnicity/people,/m/049m19,1.0,1.0
/m/024yxd,/people/deceased_person/place_of_death,/m/030qb3t,1.0,1.0
/m/01vt9p3,/people/person/profession,/m/02hrh1q,1.0,1.0
/m/04mg6l,/people/person/places_lived./people/place_lived/location,/m/02_286,1.0,1.0
/m/04rs03,/people/person/profession,/m/02jknp,1.0,1.0
/m/03qmx_f,/people/person/profession,/m/02krf9,1.0,1.0
/m/04y0yc,/people/person/place_of_birth,/m/04vmp,1.0,1.0
/m/0347xz,/people/person/profession,/m/02hrh1q,1.0,1.0
/m/02j4sk,/people/person/profession,/m/02hrh1q,1.0,1.0
/m/03fw4y,/people/person/places_lived./people/place_lived/location,/m/02cb1j,1.0,1.0
/m/03dctt,/people/person/nationality,/m/03rk0,1.0,1.0
/m/03n93,/people/person/spouse_s./people/marriage/type_of_union,/m/04ztj,1.0,1.0
/m/02k21g,/people/person/spouse_s./people/marriage/spouse,/m/026670,1.0,1.0
/m/01vsgrn,/people/person/spouse_s./people/marriage/type_of_union,/m/04ztj,1.0,1.0
/m/03q43g,/people/person/spouse_s./people/marriage/spouse,/m/03q45x,1.0,1.0
/m/01tpl1p,/people/person/places_lived./people/place_lived/location,/m/030qb3t,1.0,1.0
/m/02tq2r,/people/person/nationality,/m/03rk0,1.0,1.0
/m/04y79_n,/people/person/profession,/m/02hv44_,1.0,1.0
/m/03x400,/people/person/spouse_s./people/marriage/type_of_union,/m/04ztj,1.0,1.0
/m/02qlg7s,/people/person/profession,/m/02tx6q,1.0,1.0
/m/047jhq,/people/person/spouse_s./people/marriage/type_of_union,/m/04ztj,1.0,1.0
/m/02tq2r,/people/person/place_of_birth,/m/029kpy,1.0,1.0
/m/04gnbv1,/people/person/spouse_s./people/marriage/spouse,/m/04glr5h,1.0,1.0
/m/04dz_y7,/people/person/profession,/m/02hrh1q,1.0,1.0
/m/04twmk,/people/person/places_lived./people/place_lived/location,/m/04ly1,1.0,1.0
/m/02__7n,/people/person/spouse_s./people/marriage/type_of_union,/m/04ztj,1.0,1.0
/m/01x4r3,/people/person/profession,/m/02hv44_,1.0,1.0
/m/04bgy,/people/person/nationality,/m/02jx1,1.0,1.0
/m/03kcyd,/people/person/gender,/m/02zsn,1.0,1.0
/m/04v7kt,/people/person/profession,/m/02hrh1q,1.0,1.0
/m/030hcs,/people/person/places_lived./people/place_lived/location,/m/059rby,1.0,1.0
/m/038bht,/people/person/spouse_s./people/marriage/type_of_union,/m/04ztj,1.0,1.0
/m/04y0hj,/people/person/profession,/m/02t8yb,1.0,1.0
/m/02mv9b,/people/person/profession,/m/021wpb,1.0,1.0
/m/03cd1q,/people/person/spouse_s./people/marriage/type_of_union,/m/04ztj,1.0,1.0
/m/041rx,/people/ethnicity/languages_spoken,/m/03hkp,1.0,1.0
/m/03xpf_7,/people/person/place_of_birth,/m/02dtg,1.0,1.0
/m/02r6c_,/people/person/profession,/m/02jknp,1.0,1.0
/m/03m8lq,/people/person/place_of_birth,/m/02_286,1.0,1.0
/m/02zl4d,/people/person/profession,/m/02hrh1q,1.0,1.0
/m/04rvy8,/people/person/place_of_birth,/m/04jpl,1.0,1.0
/m/0404wqb,/people/person/profession,/m/02hrh1q,1.0,1.0
/m/028qyn,/people/person/spouse_s./people/marriage/type_of_union,/m/04ztj,1.0,1.0
/m/02ctzb,/people/ethnicity/people,/m/054fvj,1.0,1.0
/m/021mlp,/people/person/place_of_birth,/m/03dm7,1.0,1.0
/m/04s9n,/people/person/place_of_birth,/m/058wp,1.0,1.0
/m/0337vz,/people/person/profession,/m/02hrh1q,1.0,1.0
/m/04flrx,/people/person/place_of_birth,/m/02kx3,1.0,1.0
/m/02lmk,/people/person/spouse_s./people/marriage/type_of_union,/m/04ztj,1.0,1.0
/m/03kdl,/people/person/places_lived./people/place_lived/location,/m/03s0w,1.0,1.0
/m/024jwt,/people/person/profession,/m/02krf9,1.0,1.0
/m/034ls,/people/person/places_lived./people/place_lived/location,/m/050ks,1.0,1.0
/m/0509bl,/people/person/profession,/m/02hrh1q,1.0,1.0
/m/04xfb,/people/person/religion,/m/03j6c,1.0,1.0
/m/057dxsg,/people/deceased_person/place_of_death,/m/0284jb,1.0,1.0
/m/0436f4,/people/person/spouse_s./people/marriage/type_of_union,/m/04ztj,1.0,1.0
/m/041rx,/people/ethnicity/people,/m/03swmf,1.0,1.0
/m/02ctzb,/people/ethnicity/people,/m/04t2l2,1.0,1.0
/m/027km64,/people/person/spouse_s./people/marriage/type_of_union,/m/04ztj,1.0,1.0
/m/01wxdn3,/people/person/profession,/m/02hrh1q,1.0,1.0
/m/03d_w3h,/people/person/spouse_s./people/marriage/location_of_ceremony,/m/03gh4,1.0,1.0
/m/02wmbg,/people/person/nationality,/m/03rk0,1.0,1.0
/m/053ksp,/people/person/profession,/m/02hrh1q,1.0,1.0
/m/0253b6,/people/person/places_lived./people/place_lived/location,/m/02hrh0_,1.0,1.0
/m/0454s1,/people/person/profession,/m/02jknp,1.0,1.0
/m/02p5hf,/people/person/places_lived./people/place_lived/location,/m/02_286,1.0,1.0
/m/02znwv,/people/person/profession,/m/02hrh1q,1.0,1.0
/m/04qz6n,/people/person/spouse_s./people/marriage/type_of_union,/m/04ztj,1.0,1.0
/m/01z0rcq,/people/person/gender,/m/02zsn,1.0,1.0
/m/02c_wc,/people/person/nationality,/m/03rk0,1.0,1.0
/m/03yk8z,/people/person/spouse_s./people/marriage/type_of_union,/m/04ztj,1.0,1.0
/m/026ck,/people/person/profession,/m/02hv44_,1.0,1.0
/m/03ryks,/people/person/spouse_s./people/marriage/type_of_union,/m/04ztj,1.0,1.0
/m/025t9b,/people/person/nationality,/m/02jx1,1.0,1.0
/m/01vvyd8,/people/person/profession,/m/03gjzk,1.0,1.0
/m/03np3w,/people/person/profession,/m/02hrh1q,1.0,1.0
/m/01x66d,/people/person/nationality,/m/035qy,1.0,1.0
/m/033071,/people/person/places_lived./people/place_lived/location,/m/02_286,1.0,1.0
/m/04j_gs,/people/person/spouse_s./people/marriage/type_of_union,/m/04ztj,1.0,1.0
/m/046_v,/people/person/place_of_birth,/m/02_286,1.0,1.0
/m/022411,/people/person/gender,/m/02zsn,1.0,1.0
/m/041mt,/people/person/spouse_s./people/marriage/type_of_union,/m/04ztj,1.0,1.0
/m/01wy61y,/people/person/gender,/m/02zsn,1.0,1.0
/m/01xwqn,/people/person/places_lived./people/place_lived/location,/m/03pcgf,1.0,1.0
/m/01yg9y,/people/person/profession,/m/03gjzk,1.0,1.0
/m/02q3bb,/people/person/profession,/m/02hrh1q,1.0,1.0
/m/02my3z,/people/person/spouse_s./people/marriage/type_of_union,/m/04ztj,1.0,1.0
/m/02y0js,/people/cause_of_death/people,/m/03_f0,1.0,1.0
/m/041_y,/people/person/places_lived./people/place_lived/location,/m/059f4,1.0,1.0
/m/04mhxx,/people/person/place_of_birth,/m/030qb3t,1.0,1.0
/m/04mby,/people/person/nationality,/m/0345h,1.0,1.0
/m/04cmrt,/people/person/gender,/m/02zsn,1.0,1.0
/m/035kl6,/people/person/profession,/m/02hrh1q,1.0,1.0
/m/01x4sb,/people/person/gender,/m/02zsn,1.0,1.0
/m/01wx756,/people/person/profession,/m/039v1,1.0,1.0
/m/041rx,/people/ethnicity/people,/m/029m83,1.0,1.0
/m/038b_x,/people/person/nationality,/m/03rk0,1.0,1.0
/m/0479b,/people/person/profession,/m/02hrh1q,1.0,1.0
/m/01xndd,/people/person/profession,/m/02krf9,1.0,1.0
/m/01x2tm8,/people/person/languages,/m/02h40lc,1.0,1.0
/m/04dz_y7,/people/person/profession,/m/02jknp,1.0,1.0
/m/01vw87c,/people/person/spouse_s./people/marriage/type_of_union,/m/04ztj,1.0,1.0
/m/02y_2y,/people/person/places_lived./people/place_lived/location,/m/030qb3t,1.0,1.0
/m/04ch23,/people/person/nationality,/m/03rk0,1.0,1.0
/m/023qfd,/people/person/spouse_s./people/marriage/type_of_union,/m/04ztj,1.0,1.0
/m/029h45,/people/person/gender,/m/02zsn,1.0,1.0
/m/058ncz,/people/person/nationality,/m/03rjj,1.0,1.0
/m/02r_d4,/people/person/profession,/m/02hrh1q,1.0,1.0
/m/025rpb0,/people/ethnicity/people,/m/029k55,1.0,1.0
/m/058w5,/people/person/nationality,/m/03rjj,1.0,1.0
/m/02_2v2,/people/person/gender,/m/02zsn,1.0,1.0
/m/02lt8,/people/person/places_lived./people/place_lived/location,/m/02_286,1.0,1.0
/m/02jtjz,/people/person/places_lived./people/place_lived/location,/m/02_286,1.0,1.0
/m/043hg,/people/person/profession,/m/02hrh1q,1.0,1.0
/m/03lvyj,/people/person/spouse_s./people/marriage/type_of_union,/m/04ztj,1.0,1.0
/m/03975z,/people/person/places_lived./people/place_lived/location,/m/04jpl,1.0,1.0
/m/02m92h,/people/person/spouse_s./people/marriage/type_of_union,/m/04ztj,1.0,1.0
/m/02wycg2,/people/person/profession,/m/03gjzk,1.0,1.0
/m/042kbj,/people/person/profession,/m/02hrh1q,1.0,1.0
/m/03chx58,/people/person/profession,/m/02hrh1q,1.0,1.0
/m/02465,/people/person/place_of_birth,/m/04lh6,1.0,1.0
/m/040t74,/people/person/gender,/m/02zsn,1.0,1.0
/m/01vzxmq,/people/person/place_of_birth,/m/02cft,1.0,1.0
/m/050zr4,/people/person/spouse_s./people/marriage/type_of_union,/m/04ztj,1.0,1.0
/m/02h9_l,/people/person/gender,/m/02zsn,1.0,1.0
/m/01zz8t,/people/person/gender,/m/02zsn,1.0,1.0
/m/030g9z,/people/person/spouse_s./people/marriage/type_of_union,/m/04ztj,1.0,1.0
/m/02624g,/people/person/spouse_s./people/marriage/type_of_union,/m/04ztj,1.0,1.0
/m/02w5q6,/people/person/profession,/m/03gjzk,1.0,1.0
/m/03hfxx,/people/person/profession,/m/02jknp,1.0,1.0
/m/059t6d,/people/person/spouse_s./people/marriage/type_of_union,/m/04ztj,1.0,1.0
/m/02vyw,/people/person/profession,/m/02jknp,1.0,1.0
/m/03mg35,/people/person/spouse_s./people/marriage/type_of_union,/m/04ztj,1.0,1.0
/m/03wy70,/people/person/places_lived./people/place_lived/location,/m/05kkh,1.0,1.0
/m/01vyv9,/people/person/profession,/m/02hrh1q,1.0,1.0
/m/054fvj,/people/person/places_lived./people/place_lived/location,/m/029cr,1.0,1.0
/m/04h68j,/people/person/profession,/m/02krf9,1.0,1.0
/m/045c66,/people/person/places_lived./people/place_lived/location,/m/02cft,1.0,1.0
/m/02lf0c,/people/person/profession,/m/03gjzk,1.0,1.0
/m/03ys2f,/people/person/spouse_s./people/marriage/type_of_union,/m/04ztj,1.0,1.0
/m/055c8,/people/person/profession,/m/03gjzk,1.0,1.0
/m/01v0fn1,/people/person/places_lived./people/place_lived/location,/m/04jpl,1.0,1.0
/m/0207wx,/people/deceased_person/place_of_death,/m/02_286,1.0,1.0
/m/025bwc,/people/profession/specialization_of,/m/04_tv,1.0,1.0
/m/02g9z1,/people/person/places_lived./people/place_lived/location,/m/030qb3t,1.0,1.0
/m/04g865,/people/person/places_lived./people/place_lived/location,/m/02_286,1.0,1.0
/m/021lby,/people/person/spouse_s./people/marriage/type_of_union,/m/04ztj,1.0,1.0
/m/041rx,/people/ethnicity/people,/m/047hpm,1.0,1.0
/m/04ztj,/people/marriage_union_type/unions_of_this_type./people/marriage/location_of_ceremony,/m/04lc0h,1.0,1.0
/m/03kxdw,/people/person/profession,/m/02krf9,1.0,1.0
/m/02clgg,/people/person/place_of_birth,/m/02_286,1.0,1.0
/m/02l6dy,/people/person/languages,/m/02h40lc,1.0,1.0
/m/02p65p,/people/person/profession,/m/02hrh1q,1.0,1.0
/m/02pv_d,/people/person/profession,/m/03gjzk,1.0,1.0
/m/02vy5j,/people/person/profession,/m/02hrh1q,1.0,1.0
/m/02fcs2,/people/person/profession,/m/02jknp,1.0,1.0
/m/02bwc7,/people/person/places_lived./people/place_lived/location,/m/04jpl,1.0,1.0
/m/01vsyg9,/people/person/profession,/m/039v1,1.0,1.0
/m/03m6_z,/people/person/profession,/m/04gf49c,1.0,1.0
/m/036qs_,/people/person/profession,/m/02krf9,1.0,1.0
/m/03d1y3,/people/person/spouse_s./people/marriage/type_of_union,/m/04ztj,1.0,1.0
/m/030155,/people/person/spouse_s./people/marriage/type_of_union,/m/04ztj,1.0,1.0
/m/0320jz,/people/person/profession,/m/02hrh1q,1.0,1.0
/m/0338g8,/people/person/profession,/m/02krf9,1.0,1.0
/m/02_pft,/people/person/spouse_s./people/marriage/type_of_union,/m/04ztj,1.0,1.0
/m/02_01w,/people/person/languages,/m/02h40lc,1.0,1.0
/m/02s_qz,/people/person/profession,/m/02hrh1q,1.0,1.0
/m/026rm_y,/people/person/nationality,/m/0345h,1.0,1.0
/m/04wqr,/people/person/religion,/m/03_gx,1.0,1.0
/m/02lhm2,/people/person/profession,/m/03gjzk,1.0,1.0
/m/01w5jwb,/people/person/profession,/m/02hrh1q,1.0,1.0
/m/03q95r,/people/person/spouse_s./people/marriage/type_of_union,/m/04ztj,1.0,1.0
/m/051z6mv,/people/person/nationality,/m/03gj2,1.0,1.0
/m/04jlgp,/people/person/spouse_s./people/marriage/type_of_union,/m/04ztj,1.0,1.0
/m/03j9ml,/people/person/place_of_birth,/m/030qb3t,1.0,1.0
/m/01w03jv,/people/person/profession,/m/02hrh1q,1.0,1.0
/m/05_2h8,/people/deceased_person/place_of_death,/m/030qb3t,1.0,1.0
/m/04zkj5,/people/person/languages,/m/02h40lc,1.0,1.0
/m/01vvpjj,/people/person/places_lived./people/place_lived/location,/m/01xd9,1.0,1.0
/m/041rx,/people/ethnicity/people,/m/02784z,1.0,1.0
/m/0534v,/people/person/nationality,/m/03_3d,1.0,1.0
/m/01vvyfh,/people/person/nationality,/m/02jx1,1.0,1.0
/m/05drq5,/people/person/profession,/m/02jknp,1.0,1.0
/m/059j1m,/people/person/profession,/m/02hrh1q,1.0,1.0
/m/02c7lt,/people/person/spouse_s./people/marriage/type_of_union,/m/04ztj,1.0,1.0
/m/02pjvc,/people/person/profession,/m/02hrh1q,1.0,1.0
/m/02ctyy,/people/person/place_of_birth,/m/04vmp,1.0,1.0
/m/04ztj,/people/marriage_union_type/unions_of_this_type./people/marriage/location_of_ceremony,/m/05fkf,1.0,1.0
/m/048z7l,/people/ethnicity/people,/m/052hl,1.0,1.0
/m/02dbp7,/people/person/profession,/m/02hrh1q,1.0,1.0
/m/04f7c55,/people/person/sibling_s./people/sibling_relationship/sibling,/m/04cr6qv,1.0,1.0
/m/04cf09,/people/person/spouse_s./people/marriage/type_of_union,/m/04ztj,1.0,1.0
/m/01v40wd,/people/person/languages,/m/02h40lc,1.0,1.0
/m/02hfp_,/people/person/nationality,/m/02jx1,1.0,1.0
/m/044ntk,/people/person/places_lived./people/place_lived/location,/m/02_286,1.0,1.0
/m/0205dx,/people/person/profession,/m/03gjzk,1.0,1.0
/m/03f2_rc,/people/person/profession,/m/02jknp,1.0,1.0
/m/04vcdj,/people/person/spouse_s./people/marriage/type_of_union,/m/04ztj,1.0,1.0
/m/027ht3n,/people/person/nationality,/m/02jx1,1.0,1.0
/m/0525b,/people/person/gender,/m/02zsn,1.0,1.0
/m/041rx,/people/ethnicity/people,/m/01vlj1g,1.0,1.0
/m/028knk,/people/person/spouse_s./people/marriage/type_of_union,/m/04ztj,1.0,1.0
/m/0309lm,/people/person/places_lived./people/place_lived/location,/m/02xry,1.0,1.0
/m/030tj5,/people/person/profession,/m/02jknp,1.0,1.0
/m/024bbl,/people/person/profession,/m/02hrh1q,1.0,1.0
/m/02bwjv,/people/person/profession,/m/02hrh1q,1.0,1.0
/m/01z_g6,/people/person/places_lived./people/place_lived/location,/m/059rby,1.0,1.0
/m/01xv77,/people/person/profession,/m/02jknp,1.0,1.0
/m/0288fyj,/people/person/place_of_birth,/m/0345_,1.0,1.0
/m/04lp8k,/people/person/places_lived./people/place_lived/location,/m/030qb3t,1.0,1.0
/m/03d6wsd,/people/person/profession,/m/02hrh1q,1.0,1.0
/m/04ztj,/people/marriage_union_type/unions_of_this_type./people/marriage/location_of_ceremony,/m/02yc5b,1.0,1.0
/m/02wk_43,/people/person/profession,/m/03gjzk,1.0,1.0
/m/01wv9p,/people/person/spouse_s./people/marriage/spouse,/m/043zg,1.0,1.0
/m/03xx3m,/people/deceased_person/place_of_death,/m/02_286,1.0,1.0
/m/01x_d8,/people/person/gender,/m/02zsn,1.0,1.0
/m/03w4sh,/people/person/profession,/m/02hrh1q,1.0,1.0
/m/01whg97,/people/person/languages,/m/02h40lc,1.0,1.0
/m/02wb6d,/people/deceased_person/place_of_death,/m/030qb3t,1.0,1.0
/m/04fhxp,/people/person/profession,/m/02hrh1q,1.0,1.0
/m/02_p8v,/people/person/place_of_birth,/m/049d1,1.0,1.0
/m/02q4mt,/people/person/profession,/m/02jknp,1.0,1.0
/m/0226cw,/people/person/spouse_s./people/marriage/type_of_union,/m/04ztj,1.0,1.0
/m/0372kf,/people/person/profession,/m/02hv44_,1.0,1.0
/m/01w5gg6,/people/person/nationality,/m/01znc_,1.0,1.0
/m/01wj9y9,/people/person/places_lived./people/place_lived/location,/m/02_286,1.0,1.0
/m/03w9bjf,/people/ethnicity/people,/m/02ply6j,1.0,1.0
/m/01zg98,/people/person/profession,/m/02hrh1q,1.0,1.0
/m/01wjrn,/people/person/places_lived./people/place_lived/location,/m/02_286,1.0,1.0
/m/04cmrt,/people/person/profession,/m/02hrh1q,1.0,1.0
/m/03fnyk,/people/person/spouse_s./people/marriage/type_of_union,/m/04ztj,1.0,1.0
/m/031sg0,/people/person/gender,/m/02zsn,1.0,1.0
/m/033tf_,/people/ethnicity/people,/m/02qgqt,1.0,1.0
/m/03bnv,/people/deceased_person/place_of_death,/m/030qb3t,1.0,1.0
/m/02m3sd,/people/person/profession,/m/02jknp,1.0,1.0
/m/0343h,/people/person/profession,/m/02jknp,1.0,1.0
/m/027hq5f,/people/person/profession,/m/021wpb,1.0,1.0
/m/043cl9,/people/person/spouse_s./people/marriage/spouse,/m/03qkgyl,1.0,1.0
/m/021vwt,/people/person/spouse_s./people/marriage/type_of_union,/m/04ztj,1.0,1.0
/m/02s58t,/people/person/languages,/m/02h40lc,1.0,1.0
/m/03xnq9_,/people/person/languages,/m/02h40lc,1.0,1.0
/m/0315q3,/people/person/profession,/m/03gjzk,1.0,1.0
/m/036qs_,/people/person/profession,/m/02hrh1q,1.0,1.0
/m/01y8d4,/people/person/religion,/m/03_gx,1.0,1.0
/m/058frd,/people/person/profession,/m/03gjzk,1.0,1.0
/m/02rhfsc,/people/person/profession,/m/02krf9,1.0,1.0
/m/02lxj_,/people/person/spouse_s./people/marriage/type_of_union,/m/04ztj,1.0,1.0
/m/03ldxq,/people/person/place_of_birth,/m/034tl,1.0,1.0
/m/01vw26l,/people/person/places_lived./people/place_lived/location,/m/030qb3t,1.0,1.0
/m/04y0hj,/people/person/nationality,/m/03rk0,1.0,1.0
/m/04n7njg,/people/person/profession,/m/03gjzk,1.0,1.0
/m/04j_gs,/people/person/places_lived./people/place_lived/location,/m/02_286,1.0,1.0
/m/05fnl9,/people/person/profession,/m/03gjzk,1.0,1.0
/m/04dbw3,/people/ethnicity/people,/m/03_x5t,1.0,1.0
/m/04rfq,/people/person/gender,/m/02zsn,1.0,1.0
/m/02f9wb,/people/person/profession,/m/03gjzk,1.0,1.0
/m/02g0rb,/people/person/spouse_s./people/marriage/spouse,/m/0436kgz,1.0,1.0
/m/033tf_,/people/ethnicity/people,/m/0432b,1.0,1.0
/m/024n3z,/people/person/profession,/m/02hrh1q,1.0,1.0
/m/050llt,/people/person/profession,/m/02hrh1q,1.0,1.0
/m/032xhg,/people/person/religion,/m/03_gx,1.0,1.0
/m/056rgc,/people/person/profession,/m/02jknp,1.0,1.0
/m/032t2z,/people/person/nationality,/m/02jx1,1.0,1.0
/m/01w20rx,/people/person/spouse_s./people/marriage/type_of_union,/m/04ztj,1.0,1.0
/m/01xwv7,/people/person/spouse_s./people/marriage/type_of_union,/m/04ztj,1.0,1.0
/m/02g0mx,/people/person/gender,/m/02zsn,1.0,1.0
/m/04ztj,/people/marriage_union_type/unions_of_this_type./people/marriage/location_of_ceremony,/m/0345h,1.0,1.0
/m/02wb6yq,/people/person/gender,/m/02zsn,1.0,1.0
/m/02f_k_,/people/person/spouse_s./people/marriage/type_of_union,/m/04ztj,1.0,1.0
/m/01vhb0,/people/person/gender,/m/02zsn,1.0,1.0
/m/046zh,/people/person/religion,/m/03j6c,1.0,1.0
/m/05cljf,/people/person/languages,/m/02h40lc,1.0,1.0
/m/041rx,/people/ethnicity/people,/m/030dx5,1.0,1.0
/m/01tt43d,/people/person/nationality,/m/03rjj,1.0,1.0
/m/059t6d,/people/person/places_lived./people/place_lived/location,/m/02cft,1.0,1.0
/m/01x1cn2,/people/person/spouse_s./people/marriage/type_of_union,/m/04ztj,1.0,1.0
/m/01vvlyt,/people/person/place_of_birth,/m/02cl1,1.0,1.0
/m/059xvg,/people/person/nationality,/m/02jx1,1.0,1.0
/m/03ywyk,/people/person/profession,/m/03gjzk,1.0,1.0
/m/041rx,/people/ethnicity/people,/m/021bk,1.0,1.0
/m/0282x,/people/person/nationality,/m/02jx1,1.0,1.0
/m/021yzs,/people/person/profession,/m/02jknp,1.0,1.0
/m/03hy3g,/people/person/nationality,/m/03rt9,1.0,1.0
/m/020l9r,/people/person/profession,/m/03gjzk,1.0,1.0
/m/03h2d4,/people/person/nationality,/m/02jx1,1.0,1.0
/m/03d29b,/people/person/gender,/m/02zsn,1.0,1.0
/m/03cbtlj,/people/person/profession,/m/03gjzk,1.0,1.0
/m/026_dq6,/people/person/sibling_s./people/sibling_relationship/sibling,/m/0261x8t,1.0,1.0
/m/020ffd,/people/person/profession,/m/03gjzk,1.0,1.0
/m/02vr7,/people/person/profession,/m/02hrh1q,1.0,1.0
/m/04gvt5,/people/person/gender,/m/02zsn,1.0,1.0
/m/02m30v,/people/person/spouse_s./people/marriage/location_of_ceremony,/m/04jpl,1.0,1.0
/m/01vswwx,/people/person/nationality,/m/03rt9,1.0,1.0
/m/03xn3s2,/people/person/gender,/m/02zsn,1.0,1.0
/m/03mp9s,/people/person/spouse_s./people/marriage/spouse,/m/0237fw,1.0,1.0
/m/01xhh5,/people/ethnicity/people,/m/044mrh,1.0,1.0
/m/034ks,/people/person/nationality,/m/03rjj,1.0,1.0
/m/04ztj,/people/marriage_union_type/unions_of_this_type./people/marriage/location_of_ceremony,/m/04w58,1.0,1.0
/m/02bfmn,/people/person/places_lived./people/place_lived/location,/m/01vsl,1.0,1.0
/m/027cxsm,/people/person/profession,/m/03gjzk,1.0,1.0
/m/01vswx5,/people/person/places_lived./people/place_lived/location,/m/01xd9,1.0,1.0
/m/0309jm,/people/person/profession,/m/02hrh1q,1.0,1.0
/m/02wcx8c,/people/person/profession,/m/02hrh1q,1.0,1.0
/m/03jldb,/people/person/spouse_s./people/marriage/type_of_union,/m/04ztj,1.0,1.0
/m/03qd_,/people/person/profession,/m/02jknp,1.0,1.0
/m/03z_g7,/people/person/profession,/m/02hrh1q,1.0,1.0
/m/03f7jfh,/people/person/profession,/m/02hrh1q,1.0,1.0
/m/03knl,/people/person/profession,/m/02hrh1q,1.0,1.0
/m/02p68d,/people/person/profession,/m/02hrh1q,1.0,1.0
/m/03bkbh,/people/ethnicity/people,/m/05dbf,1.0,1.0
/m/048z7l,/people/ethnicity/people,/m/027l0b,1.0,1.0
/m/0378zn,/people/person/profession,/m/02hrh1q,1.0,1.0
/m/021r6w,/people/deceased_person/place_of_death,/m/0281y0,1.0,1.0
/m/02mc79,/people/person/profession,/m/03gjzk,1.0,1.0
/m/0356dp,/people/person/sibling_s./people/sibling_relationship/sibling,/m/024dw0,1.0,1.0
/m/02tc5y,/people/person/profession,/m/02hrh1q,1.0,1.0
/m/03vrnh,/people/person/places_lived./people/place_lived/location,/m/04vmp,1.0,1.0
/m/0253b6,/people/person/place_of_birth,/m/02hrh0_,1.0,1.0
/m/04yyhw,/people/person/place_of_birth,/m/02dtg,1.0,1.0
/m/053xw6,/people/person/profession,/m/02hrh1q,1.0,1.0
/m/02465,/people/person/places_lived./people/place_lived/location,/m/04lh6,1.0,1.0
/m/03bpn6,/people/person/place_of_birth,/m/02_286,1.0,1.0
/m/048z7l,/people/ethnicity/people,/m/01z5tr,1.0,1.0
/m/023s8,/people/person/places_lived./people/place_lived/location,/m/03s0w,1.0,1.0
/m/01v3s2_,/people/person/spouse_s./people/marriage/type_of_union,/m/04ztj,1.0,1.0
/m/01wqmm8,/people/person/languages,/m/02h40lc,1.0,1.0
/m/02qw2xb,/people/person/places_lived./people/place_lived/location,/m/02_286,1.0,1.0
/m/026w_gk,/people/person/spouse_s./people/marriage/type_of_union,/m/04ztj,1.0,1.0
/m/02x02kb,/people/person/languages,/m/03k50,1.0,1.0
/m/02mjf2,/people/person/profession,/m/02hrh1q,1.0,1.0
/m/044f7,/people/person/profession,/m/03gjzk,1.0,1.0
/m/01wy61y,/people/person/spouse_s./people/marriage/type_of_union,/m/04ztj,1.0,1.0
/m/02y0js,/people/cause_of_death/people,/m/0379s,1.0,1.0
/m/02qx69,/people/person/profession,/m/02hrh1q,1.0,1.0
/m/03vrv9,/people/person/spouse_s./people/marriage/type_of_union,/m/04ztj,1.0,1.0
/m/04q5zw,/people/person/spouse_s./people/marriage/type_of_union,/m/04ztj,1.0,1.0
/m/045cq,/people/person/spouse_s./people/marriage/type_of_union,/m/04ztj,1.0,1.0
/m/029ghl,/people/person/spouse_s./people/marriage/type_of_union,/m/04ztj,1.0,1.0
/m/03fwln,/people/person/profession,/m/02hrh1q,1.0,1.0
/m/04g_wd,/people/person/profession,/m/025352,1.0,1.0
/m/03fvqg,/people/deceased_person/place_of_death,/m/027l4q,1.0,1.0
/m/05jm7,/people/person/nationality,/m/02jx1,1.0,1.0
/m/03v40v,/people/person/profession,/m/02jknp,1.0,1.0
/m/049m19,/people/person/places_lived./people/place_lived/location,/m/04vmp,1.0,1.0
/m/03ysmg,/people/person/profession,/m/03gjzk,1.0,1.0
/m/02g0rb,/people/person/places_lived./people/place_lived/location,/m/02_286,1.0,1.0
/m/01z_g6,/people/person/profession,/m/03gjzk,1.0,1.0
/m/04ztj,/people/marriage_union_type/unions_of_this_type./people/marriage/location_of_ceremony,/m/02xry,1.0,1.0
/m/02knxx,/people/cause_of_death/people,/m/0488g9,1.0,1.0
/m/02rmfm,/people/person/gender,/m/02zsn,1.0,1.0
/m/03d9v8,/people/person/profession,/m/02hrh1q,1.0,1.0
/m/025jj7,/people/person/profession,/m/02hrh1q,1.0,1.0
/m/0337vz,/people/person/spouse_s./people/marriage/type_of_union,/m/04ztj,1.0,1.0
/m/03d1y3,/people/deceased_person/place_of_death,/m/030qb3t,1.0,1.0
/m/02g7sp,/people/ethnicity/people,/m/01vsl3_,1.0,1.0
/m/03c6vl,/people/person/profession,/m/02krf9,1.0,1.0
/m/023kzp,/people/person/places_lived./people/place_lived/location,/m/04rrd,1.0,1.0
/m/01ty7ll,/people/person/spouse_s./people/marriage/type_of_union,/m/04ztj,1.0,1.0
/m/01whg97,/people/person/spouse_s./people/marriage/type_of_union,/m/04ztj,1.0,1.0
/m/04264n,/people/person/profession,/m/02hrh1q,1.0,1.0
/m/044pqn,/people/person/profession,/m/02jknp,1.0,1.0
/m/02p7_k,/people/person/profession,/m/02hrh1q,1.0,1.0
/m/01xzb6,/people/person/spouse_s./people/marriage/type_of_union,/m/04ztj,1.0,1.0
/m/02v92l,/people/person/profession,/m/02hrh1q,1.0,1.0
/m/04mvp8,/people/ethnicity/people,/m/02qy3py,1.0,1.0
/m/025t9b,/people/person/place_of_birth,/m/04lh6,1.0,1.0
/m/0523v5y,/people/person/spouse_s./people/marriage/type_of_union,/m/04ztj,1.0,1.0
/m/0250f,/people/person/profession,/m/03gjzk,1.0,1.0
/m/03rl84,/people/person/profession,/m/02hrh1q,1.0,1.0
/m/01yk13,/people/person/spouse_s./people/marriage/type_of_union,/m/04ztj,1.0,1.0
/m/02ld6x,/people/person/profession,/m/02hrh1q,1.0,1.0
/m/032zg9,/people/person/spouse_s./people/marriage/type_of_union,/m/04ztj,1.0,1.0
/m/01w923,/people/person/profession,/m/039v1,1.0,1.0
/m/0479b,/people/person/nationality,/m/04hqz,1.0,1.0
/m/0227vl,/people/person/nationality,/m/0345h,1.0,1.0
/m/03h_fqv,/people/person/profession,/m/02hrh1q,1.0,1.0
/m/01xndd,/people/person/profession,/m/03gjzk,1.0,1.0
/m/0292l3,/people/person/profession,/m/02hrh1q,1.0,1.0
/m/0391jz,/people/person/profession,/m/02hrh1q,1.0,1.0
/m/025hzx,/people/person/profession,/m/02jknp,1.0,1.0
/m/0456xp,/people/person/places_lived./people/place_lived/location,/m/02_286,1.0,1.0
/m/02rchht,/people/person/profession,/m/03gjzk,1.0,1.0
/m/029pnn,/people/person/spouse_s./people/marriage/type_of_union,/m/04ztj,1.0,1.0
/m/02b25y,/people/person/profession,/m/04gc2,1.0,1.0
/m/028p0,/people/person/nationality,/m/03rjj,1.0,1.0
/m/03bggl,/people/person/profession,/m/02hrh1q,1.0,1.0
/m/033tf_,/people/ethnicity/people,/m/04x1_w,1.0,1.0
/m/04yqlk,/people/person/spouse_s./people/marriage/type_of_union,/m/04ztj,1.0,1.0
/m/02qflgv,/people/person/gender,/m/02zsn,1.0,1.0
/m/02hfp_,/people/person/profession,/m/02jknp,1.0,1.0
/m/03bkbh,/people/ethnicity/people,/m/050zr4,1.0,1.0
/m/01vsps,/people/person/profession,/m/02hrh1q,1.0,1.0
/m/03tf_h,/people/person/spouse_s./people/marriage/type_of_union,/m/04ztj,1.0,1.0
/m/059m45,/people/person/spouse_s./people/marriage/type_of_union,/m/04ztj,1.0,1.0
/m/037jz,/people/person/nationality,/m/02jx1,1.0,1.0
/m/05k2s_,/people/person/profession,/m/02hrh1q,1.0,1.0
/m/03ktjq,/people/person/spouse_s./people/marriage/type_of_union,/m/04ztj,1.0,1.0
/m/02ck1,/people/person/employment_history./business/employment_tenure/company,/m/02_gzx,1.0,1.0
/m/02qnk5c,/people/person/profession,/m/02hrh1q,1.0,1.0
/m/03v1w7,/people/person/place_of_birth,/m/030qb3t,1.0,1.0
/m/0488g9,/people/person/profession,/m/02jknp,1.0,1.0
/m/01zg98,/people/person/places_lived./people/place_lived/location,/m/030qb3t,1.0,1.0
/m/02g87m,/people/person/spouse_s./people/marriage/type_of_union,/m/04ztj,1.0,1.0
/m/04qp06,/people/person/nationality,/m/03rk0,1.0,1.0
/m/041rx,/people/ethnicity/people,/m/02v60l,1.0,1.0
/m/04gmp_z,/people/person/spouse_s./people/marriage/type_of_union,/m/04ztj,1.0,1.0
/m/03n0pv,/people/person/sibling_s./people/sibling_relationship/sibling,/m/03n0q5,1.0,1.0
/m/0382m4,/people/person/profession,/m/03gjzk,1.0,1.0
/m/03d9wk,/people/person/nationality,/m/02jx1,1.0,1.0
/m/04z_x4v,/people/person/profession,/m/02pjxr,1.0,1.0
/m/033p3_,/people/person/profession,/m/02hrh1q,1.0,1.0
/m/05j12n,/people/person/profession,/m/02hrh1q,1.0,1.0
/m/03h4mp,/people/person/spouse_s./people/marriage/type_of_union,/m/04ztj,1.0,1.0
/m/04n_g,/people/person/places_lived./people/place_lived/location,/m/02_286,1.0,1.0
/m/01vw26l,/people/person/languages,/m/02h40lc,1.0,1.0
/m/044mvs,/people/person/places_lived./people/place_lived/location,/m/059rby,1.0,1.0
/m/01y0y6,/people/person/spouse_s./people/marriage/type_of_union,/m/04ztj,1.0,1.0
/m/02k6rq,/people/person/nationality,/m/02jx1,1.0,1.0
/m/02mqc4,/people/person/places_lived./people/place_lived/location,/m/02_286,1.0,1.0
/m/03vpf_,/people/person/spouse_s./people/marriage/type_of_union,/m/04ztj,1.0,1.0
/m/041rx,/people/ethnicity/people,/m/01xndd,1.0,1.0
/m/01ydzx,/people/person/profession,/m/039v1,1.0,1.0
/m/02xv8m,/people/person/languages,/m/02h40lc,1.0,1.0
/m/01wk7ql,/people/person/languages,/m/02h40lc,1.0,1.0
/m/03j24kf,/people/person/spouse_s./people/marriage/location_of_ceremony,/m/04jpl,1.0,1.0
/m/04ztj,/people/marriage_union_type/unions_of_this_type./people/marriage/location_of_ceremony,/m/029cr,1.0,1.0
/m/047c9l,/people/person/profession,/m/02hrh1q,1.0,1.0
/m/01wk3c,/people/person/spouse_s./people/marriage/type_of_union,/m/04ztj,1.0,1.0
/m/02bh9,/people/person/spouse_s./people/marriage/spouse,/m/01yd8v,1.0,1.0
/m/027pdrh,/people/person/gender,/m/02zsn,1.0,1.0
/m/0342vg,/people/person/place_of_birth,/m/03h64,1.0,1.0
/m/03772,/people/person/spouse_s./people/marriage/type_of_union,/m/04ztj,1.0,1.0
/m/02mhfy,/people/person/spouse_s./people/marriage/type_of_union,/m/04ztj,1.0,1.0
/m/025ldg,/people/person/profession,/m/039v1,1.0,1.0
/m/03f47xl,/people/person/employment_history./business/employment_tenure/company,/m/01w3v,1.0,1.0
/m/02m501,/people/person/spouse_s./people/marriage/type_of_union,/m/04ztj,1.0,1.0
/m/02h3tp,/people/person/places_lived./people/place_lived/location,/m/030qb3t,1.0,1.0
/m/03j9ml,/people/person/profession,/m/02hrh1q,1.0,1.0
/m/02mv9b,/people/person/profession,/m/02hrh1q,1.0,1.0
/m/01trhmt,/people/person/profession,/m/02hrh1q,1.0,1.0
/m/04954,/people/person/spouse_s./people/marriage/type_of_union,/m/04ztj,1.0,1.0
/m/027r8p,/people/person/gender,/m/02zsn,1.0,1.0
/m/02wyc0,/people/person/place_of_birth,/m/04vmp,1.0,1.0
/m/01w1kyf,/people/person/gender,/m/02zsn,1.0,1.0
/m/01wyzyl,/people/person/spouse_s./people/marriage/type_of_union,/m/04ztj,1.0,1.0
/m/038rzr,/people/person/places_lived./people/place_lived/location,/m/052p7,1.0,1.0
/m/044kwr,/people/person/profession,/m/025sppp,1.0,1.0
/m/01vsqvs,/people/person/place_of_birth,/m/01v8c,1.0,1.0
/m/029q_y,/people/person/profession,/m/02hrh1q,1.0,1.0
/m/01vrnsk,/people/person/spouse_s./people/marriage/type_of_union,/m/04ztj,1.0,1.0
/m/02y7sr,/people/person/spouse_s./people/marriage/type_of_union,/m/04ztj,1.0,1.0
/m/02j8nx,/people/person/profession,/m/03gjzk,1.0,1.0
/m/03bkbh,/people/ethnicity/people,/m/03mstc,1.0,1.0
/m/01wmjkb,/people/person/places_lived./people/place_lived/location,/m/030qb3t,1.0,1.0
/m/03_wj_,/people/person/profession,/m/02hrh1q,1.0,1.0
/m/01tspc6,/people/person/languages,/m/02h40lc,1.0,1.0
/m/025h4z,/people/person/spouse_s./people/marriage/type_of_union,/m/04ztj,1.0,1.0
/m/01x2tm8,/people/person/languages,/m/03k50,1.0,1.0
/m/02_n5d,/people/person/gender,/m/02zsn,1.0,1.0
/m/03_2y,/people/person/religion,/m/04pk9,1.0,1.0
/m/026rm_y,/people/person/places_lived./people/place_lived/location,/m/04jpl,1.0,1.0
/m/01vzx45,/people/person/profession,/m/02hrh1q,1.0,1.0
/m/0428bc,/people/person/profession,/m/02hrh1q,1.0,1.0
/m/01ts_3,/people/person/profession,/m/03gjzk,1.0,1.0
/m/033tf_,/people/ethnicity/people,/m/02qjj7,1.0,1.0
/m/041c4,/people/person/languages,/m/02h40lc,1.0,1.0
/m/033tln,/people/person/spouse_s./people/marriage/spouse,/m/01yd8v,1.0,1.0
/m/03359d,/people/person/places_lived./people/place_lived/location,/m/03_3d,1.0,1.0
/m/02vsw1,/people/ethnicity/languages_spoken,/m/02bv9,1.0,1.0
/m/0241wg,/people/person/profession,/m/02hrh1q,1.0,1.0
/m/04p3w,/people/cause_of_death/people,/m/01v3bn,1.0,1.0
/m/034bgm,/people/person/place_of_birth,/m/02_286,1.0,1.0
/m/02665kn,/people/person/profession,/m/02hrh1q,1.0,1.0
/m/02lf1j,/people/person/profession,/m/03gjzk,1.0,1.0
/m/04cf09,/people/person/places_lived./people/place_lived/location,/m/02_286,1.0,1.0
/m/03n0q5,/people/person/spouse_s./people/marriage/type_of_union,/m/04ztj,1.0,1.0
/m/01wlt3k,/people/person/places_lived./people/place_lived/location,/m/043yj,1.0,1.0
/m/031y07,/people/person/profession,/m/02hrh1q,1.0,1.0
/m/0382m4,/people/person/places_lived./people/place_lived/location,/m/05fkf,1.0,1.0
/m/03061d,/people/person/profession,/m/02hrh1q,1.0,1.0
/m/049gc,/people/person/profession,/m/02hrh1q,1.0,1.0
/m/04rsd2,/people/person/spouse_s./people/marriage/type_of_union,/m/04ztj,1.0,1.0
/m/040dv,/people/person/nationality,/m/02jx1,1.0,1.0
/m/0443y3,/people/person/profession,/m/02hrh1q,1.0,1.0
/m/024my5,/people/person/place_of_birth,/m/02_286,1.0,1.0
/m/02rbdlq,/people/ethnicity/people,/m/03s2dj,1.0,1.0
/m/03hfxx,/people/person/profession,/m/02hrh1q,1.0,1.0
/m/03dn9v,/people/person/place_of_birth,/m/052p7,1.0,1.0
/m/01w58n3,/people/person/spouse_s./people/marriage/type_of_union,/m/04ztj,1.0,1.0
/m/05bht9,/people/person/profession,/m/02jknp,1.0,1.0
/m/01zlh5,/people/person/profession,/m/03gjzk,1.0,1.0
/m/03w4sh,/people/person/place_of_birth,/m/02s838,1.0,1.0
/m/01wttr1,/people/person/places_lived./people/place_lived/location,/m/04vmp,1.0,1.0
/m/03wh95l,/people/person/profession,/m/02jknp,1.0,1.0
/m/03flwk,/people/person/places_lived./people/place_lived/location,/m/01x73,1.0,1.0
/m/0415svh,/people/person/profession,/m/03gjzk,1.0,1.0
/m/02tk74,/people/person/gender,/m/02zsn,1.0,1.0
/m/051ysmf,/people/person/place_of_birth,/m/03s0w,1.0,1.0
/m/041rx,/people/ethnicity/people,/m/02p2zq,1.0,1.0
/m/027r0_f,/people/person/profession,/m/03jgz,1.0,1.0
/m/04ztj,/people/marriage_union_type/unions_of_this_type./people/marriage/location_of_ceremony,/m/050ks,1.0,1.0
/m/02x20c9,/people/person/profession,/m/03gjzk,1.0,1.0
/m/027j79k,/people/person/places_lived./people/place_lived/location,/m/01x73,1.0,1.0
/m/03hltjb,/people/person/place_of_birth,/m/04jpl,1.0,1.0
/m/02pt6k_,/people/person/gender,/m/02zsn,1.0,1.0
/m/04zwtdy,/people/person/nationality,/m/04hqz,1.0,1.0
/m/02w7gg,/people/ethnicity/people,/m/04yt7,1.0,1.0
/m/01vvy,/people/person/spouse_s./people/marriage/type_of_union,/m/04ztj,1.0,1.0
/m/03d0ns,/people/person/profession,/m/02jknp,1.0,1.0
/m/02g0rb,/people/person/place_of_birth,/m/02_286,1.0,1.0
/m/0456xp,/people/person/place_of_birth,/m/02_286,1.0,1.0
/m/0520r2x,/people/person/profession,/m/026sdt1,1.0,1.0
/m/03c6v3,/people/person/place_of_birth,/m/02hrh0_,1.0,1.0
/m/01vdrw,/people/person/gender,/m/02zsn,1.0,1.0
/m/02qnhk1,/people/person/nationality,/m/03rk0,1.0,1.0
/m/03kts,/people/person/profession,/m/025352,1.0,1.0
/m/04vmqg,/people/person/spouse_s./people/marriage/type_of_union,/m/04ztj,1.0,1.0
/m/01vv6_6,/people/person/spouse_s./people/marriage/location_of_ceremony,/m/03gh4,1.0,1.0
/m/04sry,/people/person/profession,/m/02hrh1q,1.0,1.0
/m/044lyq,/people/person/place_of_birth,/m/04jpl,1.0,1.0
/m/0418ft,/people/person/profession,/m/02hrh1q,1.0,1.0
/m/034qt_,/people/person/spouse_s./people/marriage/type_of_union,/m/04ztj,1.0,1.0
/m/02pbp9,/people/person/spouse_s./people/marriage/type_of_union,/m/04ztj,1.0,1.0
/m/02xbw2,/people/person/gender,/m/02zsn,1.0,1.0
/m/02y0js,/people/cause_of_death/people,/m/03bdm4,1.0,1.0
/m/01wmgrf,/people/person/place_of_birth,/m/043yj,1.0,1.0
/m/02pk6x,/people/person/places_lived./people/place_lived/location,/m/02_286,1.0,1.0
/m/01vs_v8,/people/person/profession,/m/02jknp,1.0,1.0
/m/02_340,/people/person/profession,/m/02hrh1q,1.0,1.0
/m/02_p5w,/people/person/spouse_s./people/marriage/type_of_union,/m/04ztj,1.0,1.0
/m/01w02sy,/people/person/places_lived./people/place_lived/location,/m/03_3d,1.0,1.0
/m/01w7nww,/people/person/profession,/m/02dsz,1.0,1.0
/m/03f4w4,/people/person/sibling_s./people/sibling_relationship/sibling,/m/02tk74,1.0,1.0
/m/02zq43,/people/person/profession,/m/02hrh1q,1.0,1.0
/m/0336mc,/people/person/profession,/m/02hrh1q,1.0,1.0
/m/041rx,/people/ethnicity/people,/m/03f1zhf,1.0,1.0
/m/04205z,/people/person/gender,/m/02zsn,1.0,1.0
/m/026yqrr,/people/person/profession,/m/02dsz,1.0,1.0
/m/03xds,/people/person/places_lived./people/place_lived/location,/m/0393g,1.0,1.0
/m/02dztn,/people/person/profession,/m/02hrh1q,1.0,1.0
/m/034bs,/people/person/languages,/m/02h40lc,1.0,1.0
/m/047g6,/people/person/religion,/m/03_gx,1.0,1.0
/m/01vlj1g,/people/person/profession,/m/02hrh1q,1.0,1.0
/m/0473q,/people/person/profession,/m/04f2zj,1.0,1.0
/m/027dtv3,/people/person/profession,/m/02hrh1q,1.0,1.0
/m/0378zn,/people/person/languages,/m/02h40lc,1.0,1.0
/m/01w58n3,/people/person/profession,/m/02hrh1q,1.0,1.0
/m/05kh_,/people/person/place_of_birth,/m/02h98sm,1.0,1.0
/m/025mb_,/people/person/profession,/m/03gjzk,1.0,1.0
/m/059gkk,/people/person/profession,/m/02hrh1q,1.0,1.0
/m/057xn_m,/people/person/profession,/m/025352,1.0,1.0
/m/02mpb,/people/deceased_person/place_of_death,/m/0281y0,1.0,1.0
/m/03mp9s,/people/person/gender,/m/02zsn,1.0,1.0
/m/01wbg84,/people/person/profession,/m/02krf9,1.0,1.0
/m/02f93t,/people/person/spouse_s./people/marriage/type_of_union,/m/04ztj,1.0,1.0
/m/04jspq,/people/person/spouse_s./people/marriage/type_of_union,/m/04ztj,1.0,1.0
/m/0320jz,/people/person/places_lived./people/place_lived/location,/m/03v0t,1.0,1.0
/m/04dyqk,/people/person/profession,/m/02hrh1q,1.0,1.0
/m/01vs4f3,/people/person/nationality,/m/02jx1,1.0,1.0
/m/01w8n89,/people/person/profession,/m/039v1,1.0,1.0
/m/041rx,/people/ethnicity/people,/m/046_v,1.0,1.0
/m/05cj4r,/people/person/spouse_s./people/marriage/spouse,/m/0356dp,1.0,1.0
/m/04zqmj,/people/person/place_of_birth,/m/02frhbc,1.0,1.0
/m/04ztj,/people/marriage_union_type/unions_of_this_type./people/marriage/location_of_ceremony,/m/03_3d,1.0,1.0
/m/02n1p5,/people/person/spouse_s./people/marriage/spouse,/m/02n1gr,1.0,1.0
/m/025hzx,/people/person/places_lived./people/place_lived/location,/m/02_286,1.0,1.0
/m/03xnq9_,/people/person/place_of_birth,/m/030qb3t,1.0,1.0
/m/04qr6d,/people/person/profession,/m/02t8yb,1.0,1.0
/m/02ply6j,/people/person/languages,/m/02h40lc,1.0,1.0
/m/028pzq,/people/person/profession,/m/02jknp,1.0,1.0
/m/02cj_f,/people/person/profession,/m/02hrh1q,1.0,1.0
/m/056wb,/people/person/profession,/m/03gjzk,1.0,1.0
/m/059j4x,/people/person/profession,/m/03gjzk,1.0,1.0
/m/0412f5y,/people/person/profession,/m/02tx6q,1.0,1.0
/m/02kxbx3,/people/person/profession,/m/02jknp,1.0,1.0
/m/023mdt,/people/person/spouse_s./people/marriage/spouse,/m/03x400,1.0,1.0
/m/02h761,/people/person/religion,/m/03_gx,1.0,1.0
/m/050llt,/people/person/spouse_s./people/marriage/type_of_union,/m/04ztj,1.0,1.0
/m/02r3cn,/people/person/spouse_s./people/marriage/spouse,/m/022q32,1.0,1.0
/m/04j_gs,/people/person/profession,/m/02hrh1q,1.0,1.0
/m/02g3w,/people/person/spouse_s./people/marriage/type_of_union,/m/04ztj,1.0,1.0
/m/047hpm,/people/person/places_lived./people/place_lived/location,/m/030qb3t,1.0,1.0
/m/02x20c9,/people/person/spouse_s./people/marriage/type_of_union,/m/04ztj,1.0,1.0
/m/01vvpjj,/people/person/nationality,/m/03rt9,1.0,1.0
/m/032l1,/people/person/religion,/m/02rxj,1.0,1.0
/m/03m8lq,/people/person/profession,/m/02hrh1q,1.0,1.0
/m/04w1j9,/people/person/spouse_s./people/marriage/type_of_union,/m/04ztj,1.0,1.0
/m/02ctzb,/people/ethnicity/people,/m/02b9g4,1.0,1.0
/m/029k55,/people/person/profession,/m/02hrh1q,1.0,1.0
/m/04y8r,/people/person/profession,/m/03gjzk,1.0,1.0
/m/059gkk,/people/person/places_lived./people/place_lived/location,/m/05k7sb,1.0,1.0
/m/041rhq,/people/person/profession,/m/02hrh1q,1.0,1.0
/m/01w3lzq,/people/person/gender,/m/02zsn,1.0,1.0
/m/02fz3w,/people/person/place_of_birth,/m/01z56h,1.0,1.0
/m/04v7k2,/people/person/profession,/m/02hrh1q,1.0,1.0
/m/03mstc,/people/person/places_lived./people/place_lived/location,/m/05fjy,1.0,1.0
/m/04fkg4,/people/person/profession,/m/02jknp,1.0,1.0
/m/01wj92r,/people/person/religion,/m/04pk9,1.0,1.0
/m/01trf3,/people/person/profession,/m/03gjzk,1.0,1.0
/m/02_wxh,/people/person/religion,/m/03_gx,1.0,1.0
/m/01vvyc_,/people/person/profession,/m/02hrh1q,1.0,1.0
/m/041rx,/people/ethnicity/people,/m/01y665,1.0,1.0
/m/03wd5tk,/people/person/spouse_s./people/marriage/type_of_union,/m/04ztj,1.0,1.0
/m/02tk74,/people/person/place_of_birth,/m/04jpl,1.0,1.0
/m/048z7l,/people/ethnicity/people,/m/05jjl,1.0,1.0
/m/02rxbmt,/people/person/profession,/m/03gjzk,1.0,1.0
/m/03f19q4,/people/person/profession,/m/02hrh1q,1.0,1.0
/m/03z509,/people/person/gender,/m/02zsn,1.0,1.0
/m/03tf_h,/people/person/nationality,/m/02jx1,1.0,1.0
/m/02w7gg,/people/ethnicity/people,/m/022_q8,1.0,1.0
/m/04ztj,/people/marriage_union_type/unions_of_this_type./people/marriage/location_of_ceremony,/m/035bpp,1.0,1.0
/m/02238b,/people/person/spouse_s./people/marriage/type_of_union,/m/04ztj,1.0,1.0
/m/04r7jc,/people/person/profession,/m/025352,1.0,1.0
/m/01vlj1g,/people/person/spouse_s./people/marriage/type_of_union,/m/04ztj,1.0,1.0
/m/032xhg,/people/person/profession,/m/03gjzk,1.0,1.0
/m/040wdl,/people/person/profession,/m/02hrh1q,1.0,1.0
/m/01wcp_g,/people/person/profession,/m/04f2zj,1.0,1.0
/m/0424m,/people/person/religion,/m/02rsw,1.0,1.0
/m/027jq2,/people/person/profession,/m/02hrh1q,1.0,1.0
/m/044zvm,/people/person/spouse_s./people/marriage/type_of_union,/m/04ztj,1.0,1.0
/m/04g4n,/people/person/gender,/m/02zsn,1.0,1.0
/m/041rx,/people/ethnicity/people,/m/02cqbx,1.0,1.0
/m/03_80b,/people/person/place_of_birth,/m/04vmp,1.0,1.0
/m/04qr6d,/people/person/profession,/m/028kk_,1.0,1.0
/m/01x_d8,/people/person/profession,/m/02hrh1q,1.0,1.0
/m/01vvpjj,/people/person/languages,/m/02h40lc,1.0,1.0
/m/01yzhn,/people/person/profession,/m/02hrh1q,1.0,1.0
/m/03xx9l,/people/person/place_of_birth,/m/02dtg,1.0,1.0
/m/03zrp,/people/person/profession,/m/025352,1.0,1.0
/m/02wxvtv,/people/person/profession,/m/02hrh1q,1.0,1.0
/m/02x0bdb,/people/person/profession,/m/02hrh1q,1.0,1.0
/m/02cx72,/people/person/profession,/m/025352,1.0,1.0
/m/01vsy7t,/people/person/spouse_s./people/marriage/location_of_ceremony,/m/04jpl,1.0,1.0
/m/04k15,/people/person/profession,/m/025352,1.0,1.0
/m/03flwk,/people/person/spouse_s./people/marriage/type_of_union,/m/04ztj,1.0,1.0
/m/041rx,/people/ethnicity/people,/m/03xp8d5,1.0,1.0
/m/040696,/people/person/profession,/m/02hrh1q,1.0,1.0
/m/02tkzn,/people/person/profession,/m/02hrh1q,1.0,1.0
/m/03pp73,/people/person/place_of_birth,/m/02dtg,1.0,1.0
/m/03f22dp,/people/person/profession,/m/02hrh1q,1.0,1.0
/m/033db3,/people/person/spouse_s./people/marriage/type_of_union,/m/04ztj,1.0,1.0
/m/04vt98,/people/person/nationality,/m/02jx1,1.0,1.0
/m/03m2fg,/people/person/spouse_s./people/marriage/location_of_ceremony,/m/02_286,1.0,1.0
/m/027cxsm,/people/person/spouse_s./people/marriage/type_of_union,/m/04ztj,1.0,1.0
/m/01wxyx1,/people/person/nationality,/m/03rt9,1.0,1.0
/m/041rx,/people/ethnicity/people,/m/04jvt,1.0,1.0
/m/03ftmg,/people/person/spouse_s./people/marriage/location_of_ceremony,/m/03h64,1.0,1.0
/m/02p5hf,/people/person/places_lived./people/place_lived/location,/m/05k7sb,1.0,1.0
/m/02_n5d,/people/person/places_lived./people/place_lived/location,/m/030qb3t,1.0,1.0
/m/01yk13,/people/person/languages,/m/02h40lc,1.0,1.0
/m/031zkw,/people/person/profession,/m/02jknp,1.0,1.0
/m/02vkvcz,/people/deceased_person/place_of_death,/m/04jpl,1.0,1.0
/m/02qdymm,/people/person/spouse_s./people/marriage/type_of_union,/m/04ztj,1.0,1.0
/m/01x209s,/people/person/profession,/m/02hrh1q,1.0,1.0
/m/02js6_,/people/person/profession,/m/02hrh1q,1.0,1.0
/m/044zvm,/people/person/profession,/m/02hrh1q,1.0,1.0
/m/0521d_3,/people/person/spouse_s./people/marriage/type_of_union,/m/04ztj,1.0,1.0
/m/026_w57,/people/person/spouse_s./people/marriage/type_of_union,/m/04ztj,1.0,1.0
/m/02gvwz,/people/person/profession,/m/02hrh1q,1.0,1.0
/m/01wttr1,/people/person/gender,/m/02zsn,1.0,1.0
/m/041c4,/people/person/employment_history./business/employment_tenure/company,/m/01w3v,1.0,1.0
/m/02lg9w,/people/person/place_of_birth,/m/02_286,1.0,1.0
/m/0343h,/people/person/employment_history./business/employment_tenure/company,/m/04kqk,1.0,1.0
/m/01wrcxr,/people/person/gender,/m/02zsn,1.0,1.0
/m/01xyt7,/people/person/employment_history./business/employment_tenure/company,/m/05g3b,1.0,1.0
/m/01wbg84,/people/person/spouse_s./people/marriage/type_of_union,/m/04ztj,1.0,1.0
/m/04mby,/people/person/spouse_s./people/marriage/type_of_union,/m/04ztj,1.0,1.0
/m/02238b,/people/person/spouse_s./people/marriage/spouse,/m/04bs3j,1.0,1.0
/m/0428bc,/people/person/place_of_birth,/m/02_286,1.0,1.0
/m/04cw0j,/people/person/languages,/m/02h40lc,1.0,1.0
/m/040wdl,/people/person/places_lived./people/place_lived/location,/m/055vr,1.0,1.0
/m/039crh,/people/person/profession,/m/02hrh1q,1.0,1.0
/m/03kbb8,/people/person/places_lived./people/place_lived/location,/m/030qb3t,1.0,1.0
/m/03fghg,/people/person/nationality,/m/03_3d,1.0,1.0
/m/040dv,/people/person/gender,/m/02zsn,1.0,1.0
/m/03xmy1,/people/person/profession,/m/02hrh1q,1.0,1.0
/m/03q91d,/people/person/spouse_s./people/marriage/type_of_union,/m/04ztj,1.0,1.0
/m/04yqlk,/people/person/profession,/m/02hrh1q,1.0,1.0
/m/01w1kyf,/people/person/spouse_s./people/marriage/type_of_union,/m/04ztj,1.0,1.0
/m/02kz_,/people/person/employment_history./business/employment_tenure/company,/m/03y7ml,1.0,1.0
/m/04wg38,/people/person/profession,/m/02jknp,1.0,1.0
/m/02j4sk,/people/person/places_lived./people/place_lived/location,/m/04ykg,1.0,1.0
/m/02xgdv,/people/person/spouse_s./people/marriage/type_of_union,/m/04ztj,1.0,1.0
/m/05hdf,/people/person/nationality,/m/0345h,1.0,1.0
/m/034np8,/people/person/profession,/m/03gjzk,1.0,1.0
/m/02s2ft,/people/person/profession,/m/02hrh1q,1.0,1.0
/m/04954,/people/person/profession,/m/02hrh1q,1.0,1.0
/m/02fx3c,/people/person/profession,/m/02hrh1q,1.0,1.0
/m/02fbpz,/people/person/profession,/m/02hrh1q,1.0,1.0
/m/028hc2,/people/person/profession,/m/02hrh1q,1.0,1.0
/m/025b3k,/people/person/places_lived./people/place_lived/location,/m/04rrx,1.0,1.0
/m/02kmx6,/people/person/profession,/m/03gjzk,1.0,1.0
/m/030dx5,/people/person/spouse_s./people/marriage/type_of_union,/m/04ztj,1.0,1.0
/m/04ztj,/people/marriage_union_type/unions_of_this_type./people/marriage/location_of_ceremony,/m/03kfl,1.0,1.0
/m/049468,/people/person/profession,/m/02hrh1q,1.0,1.0
/m/059gkk,/people/person/places_lived./people/place_lived/location,/m/05fjf,1.0,1.0
/m/035gjq,/people/person/nationality,/m/02jx1,1.0,1.0
/m/03dpqd,/people/person/nationality,/m/02jx1,1.0,1.0
/m/03hbzj,/people/person/place_of_birth,/m/02_286,1.0,1.0
/m/01yd8v,/people/person/spouse_s./people/marriage/spouse,/m/033tln,1.0,1.0
/m/05fyss,/people/person/place_of_birth,/m/02s838,1.0,1.0
/m/03cprft,/people/person/place_of_birth,/m/04vmp,1.0,1.0
/m/03xb2w,/people/person/spouse_s./people/marriage/type_of_union,/m/04ztj,1.0,1.0
/m/034ks,/people/person/profession,/m/04s2z,1.0,1.0
/m/02t_8z,/people/person/places_lived./people/place_lived/location,/m/04rrd,1.0,1.0
/m/0203v,/people/person/place_of_birth,/m/02_286,1.0,1.0
/m/04hw4b,/people/person/spouse_s./people/marriage/type_of_union,/m/04ztj,1.0,1.0
/m/02v3yy,/people/person/places_lived./people/place_lived/location,/m/02_286,1.0,1.0
/m/04l19_,/people/person/profession,/m/03gjzk,1.0,1.0
/m/02w7gg,/people/ethnicity/people,/m/032_jg,1.0,1.0
/m/03l3ln,/people/person/places_lived./people/place_lived/location,/m/030qb3t,1.0,1.0
/m/01tw31,/people/deceased_person/place_of_death,/m/04jpl,1.0,1.0
/m/054c1,/people/person/profession,/m/01xr66,1.0,1.0
/m/0227vl,/people/person/profession,/m/03gkb0,1.0,1.0
/m/02knnd,/people/person/spouse_s./people/marriage/type_of_union,/m/04ztj,1.0,1.0
/m/02yj7w,/people/person/profession,/m/02hrh1q,1.0,1.0
/m/043cl9,/people/person/spouse_s./people/marriage/type_of_union,/m/04ztj,1.0,1.0
/m/041rx,/people/ethnicity/people,/m/01vrx35,1.0,1.0
/m/04bdpf,/people/person/profession,/m/02hrh1q,1.0,1.0
/m/02t_99,/people/person/places_lived./people/place_lived/location,/m/030qb3t,1.0,1.0
/m/05cqhl,/people/person/spouse_s./people/marriage/type_of_union,/m/04ztj,1.0,1.0
/m/02knxx,/people/cause_of_death/people,/m/03qhyn8,1.0,1.0
/m/04hqbbz,/people/person/places_lived./people/place_lived/location,/m/023vwt,1.0,1.0
/m/034np8,/people/person/profession,/m/02hrh1q,1.0,1.0
/m/01yhvv,/people/person/profession,/m/02hrh1q,1.0,1.0
/m/01vrx3g,/people/person/profession,/m/02hrh1q,1.0,1.0
/m/043cl9,/people/person/profession,/m/02hrh1q,1.0,1.0
/m/0336mc,/people/person/nationality,/m/0345h,1.0,1.0
/m/03yk8z,/people/person/gender,/m/02zsn,1.0,1.0
/m/049l7,/people/person/spouse_s./people/marriage/type_of_union,/m/04ztj,1.0,1.0
/m/02qvhbb,/people/person/spouse_s./people/marriage/type_of_union,/m/04ztj,1.0,1.0
/m/03wpmd,/people/person/religion,/m/03j6c,1.0,1.0
/m/02778pf,/people/person/profession,/m/03gjzk,1.0,1.0
/m/04rs03,/people/person/spouse_s./people/marriage/type_of_union,/m/04ztj,1.0,1.0
/m/02bn75,/people/person/spouse_s./people/marriage/type_of_union,/m/04ztj,1.0,1.0
/m/04hw4b,/people/person/profession,/m/03gjzk,1.0,1.0
/m/02k6hp,/people/cause_of_death/people,/m/04z0g,1.0,1.0
/m/04j_gs,/people/person/profession,/m/02krf9,1.0,1.0
/m/0239zv,/people/person/sibling_s./people/sibling_relationship/sibling,/m/02g5bf,1.0,1.0
/m/01wk51,/people/person/spouse_s./people/marriage/type_of_union,/m/04ztj,1.0,1.0
/m/030_3z,/people/person/profession,/m/03gjzk,1.0,1.0
/m/020_95,/people/person/gender,/m/02zsn,1.0,1.0
/m/0278x6s,/people/person/profession,/m/02hrh1q,1.0,1.0
/m/01vsy7t,/people/person/nationality,/m/02jx1,1.0,1.0
/m/02fgm7,/people/person/profession,/m/02hrh1q,1.0,1.0
/m/01vsyg9,/people/person/spouse_s./people/marriage/type_of_union,/m/04ztj,1.0,1.0
/m/01vwyqp,/people/person/gender,/m/02zsn,1.0,1.0
/m/02g87m,/people/person/profession,/m/03gjzk,1.0,1.0
/m/02v2jy,/people/deceased_person/place_of_death,/m/030qb3t,1.0,1.0
/m/048z7l,/people/ethnicity/people,/m/01wk51,1.0,1.0
/m/0336mc,/people/person/spouse_s./people/marriage/spouse,/m/03_6y,1.0,1.0
/m/040wdl,/people/person/nationality,/m/03rk0,1.0,1.0
/m/01ydzx,/people/person/profession,/m/025352,1.0,1.0
/m/02f2dn,/people/person/places_lived./people/place_lived/location,/m/04jpl,1.0,1.0
/m/02rrsz,/people/person/places_lived./people/place_lived/location,/m/030qb3t,1.0,1.0
/m/04411,/people/person/employment_history./business/employment_tenure/company,/m/03p7gb,1.0,1.0
/m/03f1zhf,/people/person/places_lived./people/place_lived/location,/m/02_286,1.0,1.0
/m/01xcqc,/people/person/profession,/m/02jknp,1.0,1.0
/m/01vrncs,/people/person/places_lived./people/place_lived/location,/m/02_286,1.0,1.0
/m/03lpd0,/people/deceased_person/place_of_death,/m/030qb3t,1.0,1.0
/m/04mvp8,/people/ethnicity/geographic_distribution,/m/0345h,1.0,1.0
/m/033p3_,/people/person/spouse_s./people/marriage/type_of_union,/m/04ztj,1.0,1.0
/m/01xsc9,/people/person/places_lived./people/place_lived/location,/m/04jpl,1.0,1.0
/m/044mfr,/people/person/profession,/m/02hrh1q,1.0,1.0
/m/058s44,/people/person/profession,/m/02hrh1q,1.0,1.0
/m/02sb1w,/people/person/spouse_s./people/marriage/type_of_union,/m/04ztj,1.0,1.0
/m/02h3tp,/people/person/spouse_s./people/marriage/type_of_union,/m/04ztj,1.0,1.0
/m/033071,/people/person/profession,/m/02hrh1q,1.0,1.0
/m/03gyh_z,/people/person/place_of_birth,/m/030qb3t,1.0,1.0
/m/04lp8k,/people/person/languages,/m/02h40lc,1.0,1.0
/m/05d1dy,/people/person/spouse_s./people/marriage/type_of_union,/m/04ztj,1.0,1.0
/m/02mxw0,/people/person/languages,/m/02h40lc,1.0,1.0
/m/02gnlz,/people/person/place_of_birth,/m/04ych,1.0,1.0
/m/0410cp,/people/person/gender,/m/02zsn,1.0,1.0
/m/030_3z,/people/person/profession,/m/02jknp,1.0,1.0
/m/02qgyv,/people/person/spouse_s./people/marriage/type_of_union,/m/04ztj,1.0,1.0
/m/01vvyvk,/people/person/gender,/m/02zsn,1.0,1.0
/m/02n1p5,/people/person/gender,/m/02zsn,1.0,1.0
/m/01zfmm,/people/person/profession,/m/02jknp,1.0,1.0
/m/058nh2,/people/person/profession,/m/02jknp,1.0,1.0
/m/03h40_7,/people/person/languages,/m/02h40lc,1.0,1.0
/m/02f6s3,/people/person/spouse_s./people/marriage/type_of_union,/m/04ztj,1.0,1.0
/m/04nw9,/people/deceased_person/place_of_death,/m/030qb3t,1.0,1.0
/m/03jht,/people/person/spouse_s./people/marriage/type_of_union,/m/04ztj,1.0,1.0
/m/0222qb,/people/ethnicity/languages_spoken,/m/04h9h,1.0,1.0
/m/044kwr,/people/person/spouse_s./people/marriage/type_of_union,/m/04ztj,1.0,1.0
/m/02xp18,/people/person/profession,/m/02krf9,1.0,1.0
/m/01zh29,/people/person/spouse_s./people/marriage/type_of_union,/m/04ztj,1.0,1.0
/m/03_l8m,/people/person/spouse_s./people/marriage/type_of_union,/m/04ztj,1.0,1.0
/m/020hh3,/people/person/spouse_s./people/marriage/type_of_union,/m/04ztj,1.0,1.0
/m/0457w0,/people/person/spouse_s./people/marriage/type_of_union,/m/04ztj,1.0,1.0
/m/02tf1y,/people/person/sibling_s./people/sibling_relationship/sibling,/m/030g9z,1.0,1.0
/m/01wgcvn,/people/person/gender,/m/02zsn,1.0,1.0
/m/01w724,/people/person/profession,/m/029bkp,1.0,1.0
/m/01vw20h,/people/person/spouse_s./people/marriage/location_of_ceremony,/m/02_286,1.0,1.0
/m/046rfv,/people/person/languages,/m/03k50,1.0,1.0
/m/02mjf2,/people/person/spouse_s./people/marriage/type_of_union,/m/04ztj,1.0,1.0
/m/02qgqt,/people/person/profession,/m/02hrh1q,1.0,1.0
/m/02773nt,/people/person/spouse_s./people/marriage/type_of_union,/m/04ztj,1.0,1.0
/m/032wdd,/people/person/places_lived./people/place_lived/location,/m/05fjf,1.0,1.0
/m/02fn5r,/people/person/spouse_s./people/marriage/type_of_union,/m/04ztj,1.0,1.0
/m/02633g,/people/person/place_of_birth,/m/02z0j,1.0,1.0
/m/053xw6,/people/person/spouse_s./people/marriage/type_of_union,/m/04ztj,1.0,1.0
/m/02qfhb,/people/person/spouse_s./people/marriage/type_of_union,/m/04ztj,1.0,1.0
/m/01xcqc,/people/person/spouse_s./people/marriage/type_of_union,/m/04ztj,1.0,1.0
/m/03gt0c5,/people/person/nationality,/m/02jx1,1.0,1.0
/m/05d7rk,/people/person/profession,/m/02hrh1q,1.0,1.0
/m/01xndd,/people/person/place_of_birth,/m/02_286,1.0,1.0
/m/01w3v,/people/person/religion,/m/03_gx,1.0,1.0
/m/01vvyfh,/people/person/profession,/m/02jknp,1.0,1.0
/m/03lt8g,/people/person/spouse_s./people/marriage/type_of_union,/m/04ztj,1.0,1.0
/m/02wmbg,/people/person/spouse_s./people/marriage/type_of_union,/m/04ztj,1.0,1.0
/m/02hy9p,/people/person/spouse_s./people/marriage/type_of_union,/m/04ztj,1.0,1.0
/m/021j72,/people/person/religion,/m/03j6c,1.0,1.0
/m/03wpmd,/people/person/nationality,/m/03rk0,1.0,1.0
/m/058j2,/people/person/gender,/m/02zsn,1.0,1.0
/m/041rx,/people/ethnicity/people,/m/01xcr4,1.0,1.0
/m/0448r,/people/person/place_of_birth,/m/04jpl,1.0,1.0
/m/02mxbd,/people/person/profession,/m/026sdt1,1.0,1.0
/m/02v406,/people/person/languages,/m/02h40lc,1.0,1.0
/m/03fnyk,/people/person/profession,/m/02hrh1q,1.0,1.0
/m/02tc5y,/people/person/places_lived./people/place_lived/location,/m/04jpl,1.0,1.0
/m/02_j7t,/people/person/spouse_s./people/marriage/location_of_ceremony,/m/04jpl,1.0,1.0
/m/01vsy95,/people/person/profession,/m/039v1,1.0,1.0
/m/02rghbp,/people/person/gender,/m/02zsn,1.0,1.0
/m/01wgfp6,/people/person/spouse_s./people/marriage/type_of_union,/m/04ztj,1.0,1.0
/m/043zg,/people/person/gender,/m/02zsn,1.0,1.0
/m/01wwvt2,/people/person/spouse_s./people/marriage/type_of_union,/m/04ztj,1.0,1.0
/m/03d0ns,/people/person/spouse_s./people/marriage/spouse,/m/022_lg,1.0,1.0
/m/0438pz,/people/person/spouse_s./people/marriage/type_of_union,/m/04ztj,1.0,1.0
/m/03k48_,/people/person/profession,/m/02hrh1q,1.0,1.0
/m/03qjlz,/people/person/places_lived./people/place_lived/location,/m/02_286,1.0,1.0
/m/0405l,/people/person/profession,/m/02hrh1q,1.0,1.0
/m/01wsl7c,/people/person/place_of_birth,/m/02m77,1.0,1.0
/m/032w8h,/people/person/profession,/m/02hrh1q,1.0,1.0
/m/04ztj,/people/marriage_union_type/unions_of_this_type./people/marriage/location_of_ceremony,/m/02c98m,1.0,1.0
/m/05dxl5,/people/person/gender,/m/02zsn,1.0,1.0
/m/025p38,/people/person/languages,/m/03k50,1.0,1.0
/m/0499lc,/people/person/places_lived./people/place_lived/location,/m/02_286,1.0,1.0
/m/01wjrn,/people/person/profession,/m/02hrh1q,1.0,1.0
/m/024yxd,/people/person/places_lived./people/place_lived/location,/m/02_286,1.0,1.0
/m/03f1zhf,/people/person/profession,/m/039v1,1.0,1.0
/m/04107,/people/person/spouse_s./people/marriage/type_of_union,/m/04ztj,1.0,1.0
/m/01x72k,/people/person/spouse_s./people/marriage/type_of_union,/m/04ztj,1.0,1.0
/m/02hg53,/people/person/spouse_s./people/marriage/type_of_union,/m/04ztj,1.0,1.0
/m/031c2r,/people/person/place_of_birth,/m/02dtg,1.0,1.0
/m/05h7tk,/people/person/place_of_birth,/m/02_286,1.0,1.0
/m/038rzr,/people/person/place_of_birth,/m/01vc3y,1.0,1.0
/m/035rnz,/people/person/spouse_s./people/marriage/location_of_ceremony,/m/030qb3t,1.0,1.0
/m/02jsgf,/people/person/spouse_s./people/marriage/type_of_union,/m/04ztj,1.0,1.0
/m/03h_9lg,/people/person/profession,/m/02hrh1q,1.0,1.0
/m/033tf_,/people/ethnicity/people,/m/01xdf5,1.0,1.0
/m/026670,/people/person/spouse_s./people/marriage/spouse,/m/02k21g,1.0,1.0
/m/01vh18t,/people/person/profession,/m/02hv44_,1.0,1.0
/m/030b93,/people/person/gender,/m/02zsn,1.0,1.0
/m/03c9pqt,/people/person/employment_history./business/employment_tenure/company,/m/024rgt,1.0,1.0
/m/02qwg,/people/person/nationality,/m/02jx1,1.0,1.0
/m/03gm48,/people/person/profession,/m/02hrh1q,1.0,1.0
/m/03j149k,/people/person/places_lived./people/place_lived/location,/m/02zp1t,1.0,1.0
/m/0478__m,/people/person/languages,/m/02h40lc,1.0,1.0
/m/02n9k,/people/person/spouse_s./people/marriage/type_of_union,/m/04ztj,1.0,1.0
/m/02lfp4,/people/person/spouse_s./people/marriage/type_of_union,/m/04ztj,1.0,1.0
/m/040z9,/people/person/spouse_s./people/marriage/type_of_union,/m/04ztj,1.0,1.0
/m/01x72k,/people/person/nationality,/m/02jx1,1.0,1.0
/m/03t8v3,/people/person/spouse_s./people/marriage/type_of_union,/m/04ztj,1.0,1.0
/m/02mqc4,/people/person/gender,/m/02zsn,1.0,1.0
/m/01xsbh,/people/person/profession,/m/02hrh1q,1.0,1.0
/m/02756j,/people/person/spouse_s./people/marriage/spouse,/m/05g3ss,1.0,1.0
/m/01ty4,/people/person/spouse_s./people/marriage/type_of_union,/m/04ztj,1.0,1.0
/m/03cs_xw,/people/person/profession,/m/03gjzk,1.0,1.0
/m/02w7gg,/people/ethnicity/people,/m/01vs4ff,1.0,1.0
/m/04mhl,/people/person/place_of_birth,/m/030qb3t,1.0,1.0
/m/05bpg3,/people/person/profession,/m/02hrh1q,1.0,1.0
/m/02w7gg,/people/ethnicity/people,/m/04qvl7,1.0,1.0
/m/04411,/people/person/spouse_s./people/marriage/type_of_union,/m/04ztj,1.0,1.0
/m/02__7n,/people/person/gender,/m/02zsn,1.0,1.0
/m/034bgm,/people/person/profession,/m/02jknp,1.0,1.0
/m/0277c3,/people/person/profession,/m/02hrh1q,1.0,1.0
/m/042l3v,/people/deceased_person/place_of_death,/m/02_286,1.0,1.0
/m/0432cd,/people/person/places_lived./people/place_lived/location,/m/04n3l,1.0,1.0
/m/0443c,/people/person/places_lived./people/place_lived/location,/m/02_286,1.0,1.0
/m/01v3s2_,/people/person/profession,/m/02hrh1q,1.0,1.0
/m/03qkgyl,/people/person/profession,/m/03gjzk,1.0,1.0
/m/0347db,/people/person/profession,/m/02hrh1q,1.0,1.0
/m/02w7gg,/people/ethnicity/people,/m/0525b,1.0,1.0
/m/02tf1y,/people/person/languages,/m/02h40lc,1.0,1.0
/m/0424m,/people/person/spouse_s./people/marriage/type_of_union,/m/04ztj,1.0,1.0
/m/01vvydl,/people/person/profession,/m/02dsz,1.0,1.0
/m/03f4xvm,/people/person/spouse_s./people/marriage/type_of_union,/m/04ztj,1.0,1.0
/m/050llt,/people/person/nationality,/m/03rk0,1.0,1.0
/m/01v80y,/people/person/profession,/m/02jknp,1.0,1.0
/m/02xs5v,/people/person/place_of_birth,/m/02fvv,1.0,1.0
/m/01tspc6,/people/person/spouse_s./people/marriage/type_of_union,/m/04ztj,1.0,1.0
/m/01vrlr4,/people/person/profession,/m/02hrh1q,1.0,1.0
/m/037q1z,/people/person/spouse_s./people/marriage/type_of_union,/m/04ztj,1.0,1.0
/m/03j24kf,/people/person/profession,/m/04f2zj,1.0,1.0
/m/027f7dj,/people/person/gender,/m/02zsn,1.0,1.0
/m/044ptm,/people/person/nationality,/m/03rk0,1.0,1.0
/m/04mx__,/people/person/spouse_s./people/marriage/type_of_union,/m/04ztj,1.0,1.0
/m/02mjmr,/people/person/places_lived./people/place_lived/location,/m/044rv,1.0,1.0
/m/0222qb,/people/ethnicity/people,/m/0272kv,1.0,1.0
/m/01vtqml,/people/person/profession,/m/025352,1.0,1.0
/m/04p3w,/people/cause_of_death/people,/m/03bnv,1.0,1.0
/m/03fnyk,/people/person/profession,/m/02hv44_,1.0,1.0
/m/024jwt,/people/person/profession,/m/03gjzk,1.0,1.0
/m/01vsn38,/people/person/profession,/m/03gjzk,1.0,1.0
/m/041b4j,/people/person/places_lived./people/place_lived/location,/m/02_286,1.0,1.0
/m/01zt10,/people/person/profession,/m/02hrh1q,1.0,1.0
/m/02kxwk,/people/person/gender,/m/02zsn,1.0,1.0
/m/03crmd,/people/person/gender,/m/02zsn,1.0,1.0
/m/032v0v,/people/person/nationality,/m/0345h,1.0,1.0
/m/02633g,/people/person/languages,/m/02h40lc,1.0,1.0
/m/02zfdp,/people/person/place_of_birth,/m/01w2dq,1.0,1.0
/m/033tf_,/people/ethnicity/people,/m/0227vl,1.0,1.0
/m/02m3sd,/people/person/spouse_s./people/marriage/type_of_union,/m/04ztj,1.0,1.0
/m/041rx,/people/ethnicity/people,/m/052h3,1.0,1.0
/m/03m8lq,/people/person/spouse_s./people/marriage/location_of_ceremony,/m/02_286,1.0,1.0
/m/02bf2s,/people/person/profession,/m/02hrh1q,1.0,1.0
/m/02w7gg,/people/ethnicity/people,/m/02lq10,1.0,1.0
/m/03rgvr,/people/person/place_of_birth,/m/0214m4,1.0,1.0
/m/025hzx,/people/person/employment_history./business/employment_tenure/company,/m/025hwq,1.0,1.0
/m/02fn5,/people/person/languages,/m/02h40lc,1.0,1.0
/m/03_wpf,/people/person/places_lived./people/place_lived/location,/m/02hrh0_,1.0,1.0
/m/03kcyd,/people/person/profession,/m/02hrh1q,1.0,1.0
/m/02zft0,/people/person/profession,/m/02hrh1q,1.0,1.0
/m/02t_vx,/people/person/profession,/m/02hrh1q,1.0,1.0
/m/05_pkf,/people/person/languages,/m/02h40lc,1.0,1.0
/m/02hblj,/people/person/profession,/m/02hrh1q,1.0,1.0
/m/03wpmd,/people/person/languages,/m/03k50,1.0,1.0
/m/02ctzb,/people/ethnicity/people,/m/03f5vvx,1.0,1.0
/m/03fw4y,/people/person/nationality,/m/03rk0,1.0,1.0
/m/03d_w3h,/people/person/places_lived./people/place_lived/location,/m/04jpl,1.0,1.0
/m/05f0r8,/people/person/profession,/m/02hrh1q,1.0,1.0
/m/01vw20h,/people/person/spouse_s./people/marriage/type_of_union,/m/04ztj,1.0,1.0
/m/033tf_,/people/ethnicity/people,/m/03061d,1.0,1.0
/m/02cyfz,/people/person/spouse_s./people/marriage/type_of_union,/m/04ztj,1.0,1.0
/m/041rx,/people/ethnicity/people,/m/02qfhb,1.0,1.0
/m/02d6cy,/people/person/profession,/m/02krf9,1.0,1.0
/m/02ctzb,/people/ethnicity/people,/m/04pxcx,1.0,1.0
/m/0465_,/people/person/nationality,/m/02jx1,1.0,1.0
/m/01wbg84,/people/person/languages,/m/02h40lc,1.0,1.0
/m/01y_px,/people/person/spouse_s./people/marriage/type_of_union,/m/04ztj,1.0,1.0
/m/026dx,/people/person/spouse_s./people/marriage/type_of_union,/m/04ztj,1.0,1.0
/m/03ym1,/people/person/places_lived./people/place_lived/location,/m/04jpl,1.0,1.0
/m/04xfb,/people/person/spouse_s./people/marriage/type_of_union,/m/04ztj,1.0,1.0
/m/027r0_f,/people/person/profession,/m/02hrh1q,1.0,1.0
/m/03s2y9,/people/person/spouse_s./people/marriage/type_of_union,/m/04ztj,1.0,1.0
/m/050llt,/people/person/languages,/m/02hxcvy,1.0,1.0
/m/02ctzb,/people/ethnicity/people,/m/0520r2x,1.0,1.0
/m/01w9ph_,/people/person/profession,/m/02hrh1q,1.0,1.0
/m/033tf_,/people/ethnicity/people,/m/03mstc,1.0,1.0
/m/02bc74,/people/person/place_of_birth,/m/030qb3t,1.0,1.0
/m/02fz3w,/people/person/profession,/m/02hrh1q,1.0,1.0
/m/02k6hp,/people/cause_of_death/people,/m/04107,1.0,1.0
/m/01xwqn,/people/person/place_of_birth,/m/03pcgf,1.0,1.0
/m/02x02kb,/people/person/nationality,/m/03rk0,1.0,1.0
/m/0488g9,/people/person/spouse_s./people/marriage/type_of_union,/m/04ztj,1.0,1.0
/m/026dx,/people/person/profession,/m/02hrh1q,1.0,1.0
/m/02sch9,/people/ethnicity/people,/m/03vrnh,1.0,1.0
/m/0362q0,/people/person/spouse_s./people/marriage/type_of_union,/m/04ztj,1.0,1.0
/m/02645b,/people/person/profession,/m/02hrh1q,1.0,1.0
/m/030hbp,/people/person/profession,/m/02hrh1q,1.0,1.0
/m/03pvt,/people/person/spouse_s./people/marriage/type_of_union,/m/04ztj,1.0,1.0
/m/026sv5l,/people/person/profession,/m/02hrh1q,1.0,1.0
/m/023v4_,/people/person/places_lived./people/place_lived/location,/m/030qb3t,1.0,1.0
/m/03ts0c,/people/ethnicity/people,/m/04093,1.0,1.0
/m/040rjq,/people/person/profession,/m/02hv44_,1.0,1.0
/m/057_yx,/people/person/profession,/m/02hrh1q,1.0,1.0
/m/02qdymm,/people/person/profession,/m/02jknp,1.0,1.0
/m/04hpck,/people/person/spouse_s./people/marriage/type_of_union,/m/04ztj,1.0,1.0
/m/0448r,/people/person/nationality,/m/02jx1,1.0,1.0
/m/01wk51,/people/person/languages,/m/02h40lc,1.0,1.0
/m/02f93t,/people/person/nationality,/m/03rt9,1.0,1.0
/m/026v437,/people/person/places_lived./people/place_lived/location,/m/02_286,1.0,1.0
/m/02184q,/people/person/places_lived./people/place_lived/location,/m/030qb3t,1.0,1.0
/m/02knxx,/people/cause_of_death/people,/m/02qdymm,1.0,1.0
/m/02qjpv5,/people/person/spouse_s./people/marriage/type_of_union,/m/04ztj,1.0,1.0
/m/03_vx9,/people/person/religion,/m/03_gx,1.0,1.0
/m/033jkj,/people/person/profession,/m/02hrh1q,1.0,1.0
/m/05g7q,/people/person/religion,/m/051kv,1.0,1.0
/m/02y0yt,/people/person/spouse_s./people/marriage/type_of_union,/m/04ztj,1.0,1.0
/m/02w7gg,/people/ethnicity/people,/m/03jj93,1.0,1.0
/m/02x20c9,/people/person/nationality,/m/03rk0,1.0,1.0
/m/03wjb7,/people/person/nationality,/m/02jx1,1.0,1.0
/m/045931,/people/person/profession,/m/021wpb,1.0,1.0
/m/033tf_,/people/ethnicity/people,/m/02rmfm,1.0,1.0
/m/02184q,/people/person/profession,/m/02hrh1q,1.0,1.0
/m/033qxt,/people/ethnicity/languages_spoken,/m/055qm,1.0,1.0
/m/03cxsvl,/people/person/profession,/m/02hrh1q,1.0,1.0
/m/04xn2m,/people/person/profession,/m/02jknp,1.0,1.0
/m/01vs4ff,/people/person/spouse_s./people/marriage/type_of_union,/m/04ztj,1.0,1.0
/m/01tzm9,/people/person/languages,/m/02h40lc,1.0,1.0
/m/02tn0_,/people/person/profession,/m/03gjzk,1.0,1.0
/m/03rl84,/people/person/place_of_birth,/m/030qb3t,1.0,1.0
/m/049qx,/people/person/profession,/m/02hrh1q,1.0,1.0
/m/02qsjt,/people/person/places_lived./people/place_lived/location,/m/04ly1,1.0,1.0
/m/020l9r,/people/person/spouse_s./people/marriage/type_of_union,/m/04ztj,1.0,1.0
/m/029ql,/people/person/gender,/m/02zsn,1.0,1.0
/m/047q2wc,/people/person/profession,/m/02jknp,1.0,1.0
/m/033tf_,/people/ethnicity/people,/m/02rmxx,1.0,1.0
/m/05b2gsm,/people/person/spouse_s./people/marriage/type_of_union,/m/04ztj,1.0,1.0
/m/01xpxv,/people/person/profession,/m/02hrh1q,1.0,1.0
/m/03swmf,/people/deceased_person/place_of_death,/m/02_286,1.0,1.0
/m/04ztj,/people/marriage_union_type/unions_of_this_type./people/marriage/location_of_ceremony,/m/01z9z1,1.0,1.0
/m/042d1,/people/deceased_person/place_of_death,/m/02_286,1.0,1.0
/m/02rf51g,/people/deceased_person/place_of_death,/m/030qb3t,1.0,1.0
/m/03qd_,/people/person/spouse_s./people/marriage/type_of_union,/m/04ztj,1.0,1.0
/m/02rzmzk,/people/person/nationality,/m/03rk0,1.0,1.0
/m/03jxw,/people/deceased_person/place_of_death,/m/02_286,1.0,1.0
/m/02p21g,/people/person/profession,/m/02hrh1q,1.0,1.0
/m/03f7jfh,/people/person/spouse_s./people/marriage/type_of_union,/m/04ztj,1.0,1.0
/m/023n39,/people/person/profession,/m/02hrh1q,1.0,1.0
/m/01wd02c,/people/person/spouse_s./people/marriage/type_of_union,/m/04ztj,1.0,1.0
/m/0459z,/people/person/places_lived./people/place_lived/location,/m/03hrz,1.0,1.0
/m/029ql,/people/person/places_lived./people/place_lived/location,/m/029cr,1.0,1.0
/m/03y3dk,/people/person/nationality,/m/03rjj,1.0,1.0
/m/037hgm,/people/person/spouse_s./people/marriage/type_of_union,/m/04ztj,1.0,1.0
/m/03s9b,/people/person/profession,/m/02hrh1q,1.0,1.0
/m/03h2d4,/people/person/languages,/m/04306rv,1.0,1.0
/m/04v7k2,/people/person/profession,/m/02t8yb,1.0,1.0
/m/03cfjg,/people/person/spouse_s./people/marriage/type_of_union,/m/04ztj,1.0,1.0
/m/02mxbd,/people/person/place_of_birth,/m/04jpl,1.0,1.0
/m/021mlp,/people/person/profession,/m/02hrh1q,1.0,1.0
/m/0202p_,/people/person/spouse_s./people/marriage/type_of_union,/m/04ztj,1.0,1.0
/m/03m2fg,/people/person/profession,/m/02hrh1q,1.0,1.0
/m/022q4l9,/people/person/profession,/m/02hrh1q,1.0,1.0
/m/02gnj2,/people/person/place_of_birth,/m/02_286,1.0,1.0
/m/02l0sf,/people/person/spouse_s./people/marriage/type_of_union,/m/04ztj,1.0,1.0
/m/03yj_0n,/people/person/profession,/m/02hrh1q,1.0,1.0
/m/044gyq,/people/person/gender,/m/02zsn,1.0,1.0
/m/04353,/people/person/profession,/m/02hrh1q,1.0,1.0
/m/038w8,/people/person/spouse_s./people/marriage/type_of_union,/m/04ztj,1.0,1.0
/m/02h1rt,/people/person/profession,/m/026sdt1,1.0,1.0
/m/02xb2bt,/people/person/nationality,/m/03rt9,1.0,1.0
/m/025jj7,/people/deceased_person/place_of_death,/m/030qb3t,1.0,1.0
/m/02633g,/people/person/profession,/m/03gjzk,1.0,1.0
/m/01vvycq,/people/person/spouse_s./people/marriage/type_of_union,/m/04ztj,1.0,1.0
/m/030h95,/people/person/gender,/m/02zsn,1.0,1.0
/m/0372p,/people/person/place_of_birth,/m/04kf4,1.0,1.0
/m/02v3yy,/people/person/place_of_birth,/m/02_286,1.0,1.0
/m/02tn0_,/people/person/spouse_s./people/marriage/type_of_union,/m/04ztj,1.0,1.0
/m/04264n,/people/person/place_of_birth,/m/02_286,1.0,1.0
/m/03v40v,/people/person/spouse_s./people/marriage/type_of_union,/m/04ztj,1.0,1.0
/m/037gjc,/people/person/profession,/m/02hrh1q,1.0,1.0
/m/03lmx1,/people/ethnicity/people,/m/04vmqg,1.0,1.0
/m/04h07s,/people/person/profession,/m/02hrh1q,1.0,1.0
/m/03ckxdg,/people/person/gender,/m/02zsn,1.0,1.0
/m/0372kf,/people/person/spouse_s./people/marriage/type_of_union,/m/04ztj,1.0,1.0
/m/02wyc0,/people/person/religion,/m/03j6c,1.0,1.0
/m/02h3tp,/people/person/places_lived./people/place_lived/location,/m/03l2n,1.0,1.0
/m/027zz,/people/person/place_of_birth,/m/02cl1,1.0,1.0
/m/035gjq,/people/person/gender,/m/02zsn,1.0,1.0
/m/02mhfy,/people/person/places_lived./people/place_lived/location,/m/05fjf,1.0,1.0
/m/0306ds,/people/person/place_of_birth,/m/030qb3t,1.0,1.0
/m/05cx7x,/people/person/profession,/m/02hrh1q,1.0,1.0
/m/0436kgz,/people/person/spouse_s./people/marriage/spouse,/m/02g0rb,1.0,1.0
/m/024_vw,/people/person/places_lived./people/place_lived/location,/m/02_286,1.0,1.0
/m/03bggl,/people/person/spouse_s./people/marriage/type_of_union,/m/04ztj,1.0,1.0
/m/03txms,/people/deceased_person/place_of_death,/m/03pcgf,1.0,1.0
/m/049qx,/people/person/gender,/m/02zsn,1.0,1.0
/m/025l5,/people/person/profession,/m/039v1,1.0,1.0
/m/01vqrm,/people/person/nationality,/m/02k54,1.0,1.0
/m/0473q,/people/person/nationality,/m/02jx1,1.0,1.0
/m/02qy3py,/people/person/spouse_s./people/marriage/type_of_union,/m/04ztj,1.0,1.0
/m/02wk4d,/people/person/nationality,/m/03h64,1.0,1.0
/m/02ktrs,/people/person/gender,/m/02zsn,1.0,1.0
/m/05bpg3,/people/person/places_lived./people/place_lived/location,/m/02_286,1.0,1.0
/m/03xk1_,/people/person/nationality,/m/02jx1,1.0,1.0
/m/01vs8ng,/people/person/spouse_s./people/marriage/type_of_union,/m/04ztj,1.0,1.0
/m/03j2gxx,/people/person/nationality,/m/02jx1,1.0,1.0
/m/02v406,/people/person/places_lived./people/place_lived/location,/m/02_286,1.0,1.0
/m/02h761,/people/person/gender,/m/02zsn,1.0,1.0
/m/03hltjb,/people/person/spouse_s./people/marriage/type_of_union,/m/04ztj,1.0,1.0
/m/04s430,/people/person/places_lived./people/place_lived/location,/m/030qb3t,1.0,1.0
/m/04m2zj,/people/person/places_lived./people/place_lived/location,/m/03kfl,1.0,1.0
/m/03cws8h,/people/person/profession,/m/02hrh1q,1.0,1.0
/m/01wttr1,/people/person/nationality,/m/03rk0,1.0,1.0
/m/01z_g6,/people/person/gender,/m/02zsn,1.0,1.0
/m/048z7l,/people/ethnicity/people,/m/04bs3j,1.0,1.0
/m/03vpf_,/people/person/profession,/m/02hrh1q,1.0,1.0
/m/045cq,/people/person/profession,/m/02krf9,1.0,1.0
/m/02_pft,/people/person/place_of_birth,/m/02_286,1.0,1.0
/m/048z7l,/people/ethnicity/people,/m/01twdk,1.0,1.0
/m/02lymt,/people/person/profession,/m/02hrh1q,1.0,1.0
/m/022_q8,/people/person/nationality,/m/02jx1,1.0,1.0
/m/041mt,/people/person/places_lived./people/place_lived/location,/m/02_286,1.0,1.0
/m/01vw87c,/people/person/profession,/m/02hrh1q,1.0,1.0
/m/03k48_,/people/person/religion,/m/04pk9,1.0,1.0
/m/02w29z,/people/person/profession,/m/02hrh1q,1.0,1.0
/m/03w9bjf,/people/ethnicity/people,/m/01vn0t_,1.0,1.0
/m/03d_w3h,/people/person/places_lived./people/place_lived/location,/m/030qb3t,1.0,1.0
/m/02jg92,/people/person/place_of_birth,/m/05jbn,1.0,1.0
/m/03_lf,/people/person/spouse_s./people/marriage/type_of_union,/m/04ztj,1.0,1.0
/m/02xwgr,/people/person/spouse_s./people/marriage/type_of_union,/m/04ztj,1.0,1.0
/m/03kts,/people/person/places_lived./people/place_lived/location,/m/04ly1,1.0,1.0
/m/02v406,/people/person/profession,/m/02hrh1q,1.0,1.0
/m/05cgy8,/people/person/nationality,/m/02jx1,1.0,1.0
/m/042xh,/people/person/languages,/m/02h40lc,1.0,1.0
/m/059_w,/people/ethnicity/languages_spoken,/m/02h40lc,1.0,1.0
/m/03y82t6,/people/person/gender,/m/02zsn,1.0,1.0
/m/03f1zdw,/people/person/nationality,/m/02jx1,1.0,1.0
/m/02m30v,/people/person/spouse_s./people/marriage/location_of_ceremony,/m/030qb3t,1.0,1.0
/m/02xc1w4,/people/person/profession,/m/02krf9,1.0,1.0
/m/04kj2v,/people/person/profession,/m/02pjxr,1.0,1.0
/m/04wqr,/people/person/spouse_s./people/marriage/type_of_union,/m/04ztj,1.0,1.0
/m/01vw20h,/people/person/places_lived./people/place_lived/location,/m/04jpl,1.0,1.0
/m/026sb55,/people/person/place_of_birth,/m/04jpl,1.0,1.0
/m/03cdg,/people/person/places_lived./people/place_lived/location,/m/01xd9,1.0,1.0
/m/033db3,/people/person/place_of_birth,/m/0284jb,1.0,1.0
/m/03mfqm,/people/person/gender,/m/02zsn,1.0,1.0
/m/028hc2,/people/person/spouse_s./people/marriage/spouse,/m/046zh,1.0,1.0
/m/049468,/people/person/spouse_s./people/marriage/type_of_union,/m/04ztj,1.0,1.0
/m/04ztj,/people/marriage_union_type/unions_of_this_type./people/marriage/location_of_ceremony,/m/03s5t,1.0,1.0
/m/03s9v,/people/person/profession,/m/04s2z,1.0,1.0
/m/02yxwd,/people/person/profession,/m/02hrh1q,1.0,1.0
/m/02v_4xv,/people/person/spouse_s./people/marriage/type_of_union,/m/04ztj,1.0,1.0
/m/028mc6,/people/person/profession,/m/02jknp,1.0,1.0
/m/040wdl,/people/person/places_lived./people/place_lived/location,/m/04vmp,1.0,1.0
/m/01xllf,/people/person/profession,/m/02hrh1q,1.0,1.0
/m/0306ds,/people/person/gender,/m/02zsn,1.0,1.0
/m/028k57,/people/person/profession,/m/02hrh1q,1.0,1.0
/m/04_jsg,/people/person/spouse_s./people/marriage/type_of_union,/m/04ztj,1.0,1.0
/m/04t38b,/people/person/place_of_birth,/m/02_286,1.0,1.0
/m/02knxx,/people/cause_of_death/people,/m/03y2kr,1.0,1.0
/m/04wg38,/people/person/places_lived./people/place_lived/location,/m/04n3l,1.0,1.0
/m/02w670,/people/person/spouse_s./people/marriage/type_of_union,/m/04ztj,1.0,1.0
/m/04xfb,/people/person/religion,/m/042s9,1.0,1.0
/m/02hkw6,/people/person/profession,/m/02hrh1q,1.0,1.0
/m/025_ql1,/people/person/profession,/m/02hrh1q,1.0,1.0
/m/04bd8y,/people/person/places_lived./people/place_lived/location,/m/04rrd,1.0,1.0
/m/03bw6,/people/deceased_person/place_of_death,/m/030qb3t,1.0,1.0
/m/030g9z,/people/person/place_of_birth,/m/02_286,1.0,1.0
/m/04258w,/people/person/profession,/m/02hrh1q,1.0,1.0
/m/01x2tm8,/people/person/profession,/m/02hrh1q,1.0,1.0
/m/02zft0,/people/person/profession,/m/025352,1.0,1.0
/m/01vs_v8,/people/person/profession,/m/02hrh1q,1.0,1.0
/m/03bxh,/people/person/nationality,/m/02jx1,1.0,1.0
/m/01wb8bs,/people/person/places_lived./people/place_lived/location,/m/01x73,1.0,1.0
/m/01w02sy,/people/person/spouse_s./people/marriage/spouse,/m/0484q,1.0,1.0
/m/04ztj,/people/marriage_union_type/unions_of_this_type./people/marriage/location_of_ceremony,/m/01z2sn,1.0,1.0
/m/02760sl,/people/person/profession,/m/03gjzk,1.0,1.0
/m/037s5h,/people/person/profession,/m/02hrh1q,1.0,1.0
/m/01xcfy,/people/person/languages,/m/02h40lc,1.0,1.0
/m/02_t2t,/people/person/profession,/m/02hrh1q,1.0,1.0
/m/04yt7,/people/person/spouse_s./people/marriage/type_of_union,/m/04ztj,1.0,1.0
/m/03zyvw,/people/person/profession,/m/02hrh1q,1.0,1.0
/m/03s9b,/people/person/languages,/m/02h40lc,1.0,1.0
/m/01yhvv,/people/person/places_lived./people/place_lived/location,/m/030qb3t,1.0,1.0
/m/02b9g4,/people/person/profession,/m/02hrh1q,1.0,1.0
/m/039bpc,/people/person/spouse_s./people/marriage/type_of_union,/m/04ztj,1.0,1.0
/m/01wyzyl,/people/person/languages,/m/02h40lc,1.0,1.0
/m/02hkvw,/people/person/profession,/m/02hrh1q,1.0,1.0
/m/03tdlh,/people/person/spouse_s./people/marriage/type_of_union,/m/04ztj,1.0,1.0
/m/054k_8,/people/person/spouse_s./people/marriage/type_of_union,/m/04ztj,1.0,1.0
/m/02x0dzw,/people/person/gender,/m/02zsn,1.0,1.0
/m/04qsdh,/people/person/profession,/m/02hrh1q,1.0,1.0
/m/034x61,/people/person/spouse_s./people/marriage/type_of_union,/m/04ztj,1.0,1.0
/m/02xwgr,/people/person/spouse_s./people/marriage/spouse,/m/03f2_rc,1.0,1.0
/m/0277470,/people/person/places_lived./people/place_lived/location,/m/02_286,1.0,1.0
/m/04bbv7,/people/person/place_of_birth,/m/04f_d,1.0,1.0
/m/02ts3h,/people/person/profession,/m/03gjzk,1.0,1.0
/m/040z9,/people/person/profession,/m/02hrh1q,1.0,1.0
/m/04qt29,/people/person/languages,/m/02h40lc,1.0,1.0
/m/032s66,/people/cause_of_death/people,/m/01vsl3_,1.0,1.0
/m/04yj5z,/people/person/profession,/m/03gjzk,1.0,1.0
/m/01ycck,/people/person/profession,/m/02hrh1q,1.0,1.0
/m/02bf2s,/people/person/spouse_s./people/marriage/type_of_union,/m/04ztj,1.0,1.0
/m/033hqf,/people/person/profession,/m/02hrh1q,1.0,1.0
/m/026lyl4,/people/person/nationality,/m/035qy,1.0,1.0
/m/02_0d2,/people/person/languages,/m/02h40lc,1.0,1.0
/m/03np3w,/people/person/profession,/m/02krf9,1.0,1.0
/m/052hl,/people/person/profession,/m/02jknp,1.0,1.0
/m/02y0dd,/people/person/places_lived./people/place_lived/location,/m/01xd9,1.0,1.0
/m/02p5hf,/people/person/profession,/m/02hrh1q,1.0,1.0
/m/01vw20h,/people/person/languages,/m/02h40lc,1.0,1.0
/m/024tj,/people/person/spouse_s./people/marriage/type_of_union,/m/04ztj,1.0,1.0
/m/05cv94,/people/person/spouse_s./people/marriage/type_of_union,/m/04ztj,1.0,1.0
/m/025n3p,/people/person/profession,/m/02hrh1q,1.0,1.0
/m/040j2_,/people/person/spouse_s./people/marriage/type_of_union,/m/04ztj,1.0,1.0
/m/026n9h3,/people/person/profession,/m/02hrh1q,1.0,1.0
/m/01vxlbm,/people/person/spouse_s./people/marriage/type_of_union,/m/04ztj,1.0,1.0
/m/036dyy,/people/person/profession,/m/02hrh1q,1.0,1.0
/m/03m3nzf,/people/person/places_lived./people/place_lived/location,/m/04vmp,1.0,1.0
/m/02_p5w,/people/person/languages,/m/02h40lc,1.0,1.0
/m/03knl,/people/person/gender,/m/02zsn,1.0,1.0
/m/038723,/people/ethnicity/languages_spoken,/m/0349s,1.0,1.0
/m/02g9z1,/people/person/gender,/m/02zsn,1.0,1.0
/m/01vsyjy,/people/person/nationality,/m/02jx1,1.0,1.0
/m/025vwmy,/people/person/profession,/m/02hv44_,1.0,1.0
/m/03b78r,/people/person/profession,/m/02hrh1q,1.0,1.0
/m/02q_cc,/people/person/profession,/m/03gjzk,1.0,1.0
/m/021sv1,/people/person/place_of_birth,/m/02hrh0_,1.0,1.0
/m/02t_v1,/people/person/profession,/m/02hrh1q,1.0,1.0
/m/03bnv,/people/person/place_of_birth,/m/04lh6,1.0,1.0
/m/02vtnf,/people/person/spouse_s./people/marriage/type_of_union,/m/04ztj,1.0,1.0
/m/044pqn,/people/person/nationality,/m/03rk0,1.0,1.0
/m/02l_7y,/people/person/nationality,/m/02jx1,1.0,1.0
/m/024my5,/people/person/places_lived./people/place_lived/location,/m/02_286,1.0,1.0
/m/026ps1,/people/person/spouse_s./people/marriage/spouse,/m/02vr7,1.0,1.0
/m/02cbs0,/people/person/profession,/m/02hrh1q,1.0,1.0
/m/03qd_,/people/person/place_of_birth,/m/030qb3t,1.0,1.0
/m/03q3sy,/people/person/profession,/m/02hrh1q,1.0,1.0
/m/032w8h,/people/person/profession,/m/03gjzk,1.0,1.0
/m/033tf_,/people/ethnicity/people,/m/01wbg84,1.0,1.0
/m/02x0dzw,/people/person/profession,/m/02hrh1q,1.0,1.0
/m/01wjrn,/people/person/spouse_s./people/marriage/type_of_union,/m/04ztj,1.0,1.0
/m/025h4z,/people/person/profession,/m/02hrh1q,1.0,1.0
/m/02c6pq,/people/person/profession,/m/02krf9,1.0,1.0
/m/03c5f7l,/people/person/profession,/m/02hrh1q,1.0,1.0
/m/03f0qd7,/people/person/languages,/m/02h40lc,1.0,1.0
/m/03w9bjf,/people/ethnicity/people,/m/044mz_,1.0,1.0
/m/03bxwtd,/people/person/spouse_s./people/marriage/type_of_union,/m/04ztj,1.0,1.0
/m/04cdxc,/people/person/profession,/m/02hrh1q,1.0,1.0
/m/04mhxx,/people/person/gender,/m/02zsn,1.0,1.0
/m/0350l7,/people/person/profession,/m/02hrh1q,1.0,1.0
/m/01tw31,/people/person/profession,/m/039v1,1.0,1.0
/m/03fw4y,/people/person/religion,/m/03j6c,1.0,1.0
/m/03ftmg,/people/person/spouse_s./people/marriage/type_of_union,/m/04ztj,1.0,1.0
/m/053xw6,/people/person/nationality,/m/03rt9,1.0,1.0
/m/01wyz92,/people/person/profession,/m/02hrh1q,1.0,1.0
/m/03kxdw,/people/person/profession,/m/02jknp,1.0,1.0
/m/02hhtj,/people/person/profession,/m/03gjzk,1.0,1.0
/m/025tdwc,/people/person/profession,/m/02jknp,1.0,1.0
/m/027_sn,/people/person/spouse_s./people/marriage/type_of_union,/m/04ztj,1.0,1.0
/m/02v49c,/people/person/profession,/m/02krf9,1.0,1.0
/m/02clgg,/people/person/places_lived./people/place_lived/location,/m/02_286,1.0,1.0
/m/01w_10,/people/person/profession,/m/03gjzk,1.0,1.0
/m/02vq8xn,/people/person/profession,/m/03gjzk,1.0,1.0
/m/038nv6,/people/person/profession,/m/02hrh1q,1.0,1.0
/m/03wbzp,/people/person/profession,/m/02krf9,1.0,1.0
/m/01vqrm,/people/person/profession,/m/02hrh1q,1.0,1.0
/m/03x82v,/people/person/spouse_s./people/marriage/type_of_union,/m/04ztj,1.0,1.0
/m/0309lm,/people/person/profession,/m/02hrh1q,1.0,1.0
/m/02l0sf,/people/person/places_lived./people/place_lived/location,/m/05fky,1.0,1.0
/m/01wgfp6,/people/person/profession,/m/02hrh1q,1.0,1.0
/m/01wdqrx,/people/person/places_lived./people/place_lived/location,/m/02_286,1.0,1.0
/m/044n3h,/people/person/profession,/m/02hrh1q,1.0,1.0
/m/01x0yrt,/people/person/gender,/m/02zsn,1.0,1.0
/m/046lt,/people/person/languages,/m/02h40lc,1.0,1.0
/m/02g5bf,/people/person/nationality,/m/03rk0,1.0,1.0
/m/02lhm2,/people/person/profession,/m/02hrh1q,1.0,1.0
/m/04cmrt,/people/person/nationality,/m/03rk0,1.0,1.0
/m/02g87m,/people/person/profession,/m/02hrh1q,1.0,1.0
/m/01vzxmq,/people/person/places_lived./people/place_lived/location,/m/02cft,1.0,1.0
/m/03wdsbz,/people/person/profession,/m/02krf9,1.0,1.0
/m/040nwr,/people/person/profession,/m/02hrh1q,1.0,1.0
/m/01w_10,/people/person/places_lived./people/place_lived/location,/m/059rby,1.0,1.0
/m/03jjzf,/people/person/spouse_s./people/marriage/type_of_union,/m/04ztj,1.0,1.0
/m/03n69x,/people/person/spouse_s./people/marriage/type_of_union,/m/04ztj,1.0,1.0
/m/022q4j,/people/person/profession,/m/02hrh1q,1.0,1.0
/m/02w7gg,/people/ethnicity/people,/m/01v42g,1.0,1.0
/m/04znsy,/people/person/profession,/m/03gjzk,1.0,1.0
/m/03rgvr,/people/person/languages,/m/02h40lc,1.0,1.0
/m/01v3vp,/people/person/profession,/m/02hrh1q,1.0,1.0
/m/03jqw5,/people/person/profession,/m/02hrh1q,1.0,1.0
/m/02cm2m,/people/person/profession,/m/03gjzk,1.0,1.0
/m/05_zc7,/people/person/profession,/m/02hrh1q,1.0,1.0
/m/02ch1w,/people/person/spouse_s./people/marriage/type_of_union,/m/04ztj,1.0,1.0
/m/04t7ts,/people/person/spouse_s./people/marriage/type_of_union,/m/04ztj,1.0,1.0
/m/02_wxh,/people/person/profession,/m/03gjzk,1.0,1.0
/m/02sch9,/people/ethnicity/people,/m/047jhq,1.0,1.0
/m/02fb1n,/people/person/place_of_birth,/m/02dtg,1.0,1.0
/m/01tsbmv,/people/person/profession,/m/02hrh1q,1.0,1.0
/m/04jb97,/people/person/profession,/m/02jknp,1.0,1.0
/m/041rx,/people/ethnicity/people,/m/02gyl0,1.0,1.0
/m/01vwllw,/people/person/gender,/m/02zsn,1.0,1.0
/m/04ztj,/people/marriage_union_type/unions_of_this_type./people/marriage/location_of_ceremony,/m/01vsl,1.0,1.0
/m/049468,/people/person/religion,/m/03j6c,1.0,1.0
/m/01vvb4m,/people/person/spouse_s./people/marriage/spouse,/m/023tp8,1.0,1.0
/m/02knxx,/people/cause_of_death/people,/m/04258w,1.0,1.0
/m/02qwg,/people/person/profession,/m/02hrh1q,1.0,1.0
/m/025rpb0,/people/ethnicity/people,/m/04yj5z,1.0,1.0
/m/03pm9,/people/person/nationality,/m/05b4w,1.0,1.0
/m/04pz5c,/people/person/profession,/m/02jknp,1.0,1.0
/m/04rvy8,/people/person/profession,/m/02jknp,1.0,1.0
/m/035wq7,/people/person/profession,/m/02hrh1q,1.0,1.0
/m/01vsl3_,/people/person/spouse_s./people/marriage/location_of_ceremony,/m/04lh6,1.0,1.0
/m/041rx,/people/ethnicity/people,/m/04z0g,1.0,1.0
/m/01wl38s,/people/person/profession,/m/02hrh1q,1.0,1.0
/m/041rx,/people/ethnicity/people,/m/01zwy,1.0,1.0
/m/01wj5hp,/people/person/profession,/m/025352,1.0,1.0
/m/02__94,/people/person/profession,/m/02jknp,1.0,1.0
/m/053j4w4,/people/person/place_of_birth,/m/030qb3t,1.0,1.0
/m/01wf86y,/people/person/gender,/m/02zsn,1.0,1.0
/m/03f6fl0,/people/person/spouse_s./people/marriage/type_of_union,/m/04ztj,1.0,1.0
/m/01zt10,/people/person/place_of_birth,/m/04cx5,1.0,1.0
/m/024tj,/people/person/profession,/m/02jknp,1.0,1.0
/m/03z509,/people/person/spouse_s./people/marriage/type_of_union,/m/04ztj,1.0,1.0
/m/04v048,/people/person/profession,/m/02jknp,1.0,1.0
/m/02rrsz,/people/person/spouse_s./people/marriage/spouse,/m/03q43g,1.0,1.0
/m/03j367r,/people/person/religion,/m/03j6c,1.0,1.0
/m/021lby,/people/person/profession,/m/02jknp,1.0,1.0
/m/02b25y,/people/person/spouse_s./people/marriage/type_of_union,/m/04ztj,1.0,1.0
/m/026c1,/people/person/profession,/m/02jknp,1.0,1.0
/m/0405l,/people/person/places_lived./people/place_lived/location,/m/02_286,1.0,1.0
/m/03f1d47,/people/person/spouse_s./people/marriage/type_of_union,/m/04ztj,1.0,1.0
/m/02gn9g,/people/person/spouse_s./people/marriage/type_of_union,/m/04ztj,1.0,1.0
/m/04p3w,/people/cause_of_death/people,/m/02ck1,1.0,1.0
/m/029_3,/people/person/profession,/m/03gjzk,1.0,1.0
/m/01wg25j,/people/person/profession,/m/029bkp,1.0,1.0
/m/0391jz,/people/person/gender,/m/02zsn,1.0,1.0
/m/01vrncs,/people/person/profession,/m/025352,1.0,1.0
/m/041rx,/people/ethnicity/people,/m/025vry,1.0,1.0
/m/03q45x,/people/person/spouse_s./people/marriage/type_of_union,/m/04ztj,1.0,1.0
/m/04v7kt,/people/person/profession,/m/02dsz,1.0,1.0
/m/04zqmj,/people/person/profession,/m/02hrh1q,1.0,1.0
/m/01vtg4q,/people/person/profession,/m/02hrh1q,1.0,1.0
/m/049m19,/people/person/profession,/m/02hrh1q,1.0,1.0
/m/046zh,/people/person/gender,/m/02zsn,1.0,1.0
/m/01wrcxr,/people/person/languages,/m/02h40lc,1.0,1.0
/m/02y0js,/people/cause_of_death/people,/m/036jb,1.0,1.0
/m/01vrt_c,/people/person/gender,/m/02zsn,1.0,1.0
/m/03jldb,/people/person/gender,/m/02zsn,1.0,1.0
/m/01yb09,/people/person/spouse_s./people/marriage/type_of_union,/m/04ztj,1.0,1.0
/m/03x31g,/people/person/profession,/m/02hrh1q,1.0,1.0
/m/0266r6h,/people/person/profession,/m/02hrh1q,1.0,1.0
/m/04328m,/people/person/nationality,/m/03rk0,1.0,1.0
/m/02wrhj,/people/person/spouse_s./people/marriage/type_of_union,/m/04ztj,1.0,1.0
/m/034ks,/people/person/employment_history./business/employment_tenure/company,/m/02185j,1.0,1.0
/m/054_mz,/people/person/profession,/m/02hrh1q,1.0,1.0
/m/041rx,/people/ethnicity/people,/m/01ynzf,1.0,1.0
/m/04vmqg,/people/person/profession,/m/02hrh1q,1.0,1.0
/m/02ldv0,/people/person/profession,/m/02krf9,1.0,1.0
/m/02w4fkq,/people/person/languages,/m/02h40lc,1.0,1.0
/m/03mszl,/people/person/places_lived./people/place_lived/location,/m/030qb3t,1.0,1.0
/m/04dbw3,/people/ethnicity/people,/m/03f0qd7,1.0,1.0
/m/02pt27,/people/person/profession,/m/039v1,1.0,1.0
/m/01yzhn,/people/person/spouse_s./people/marriage/type_of_union,/m/04ztj,1.0,1.0
/m/02byfd,/people/person/profession,/m/03gjzk,1.0,1.0
/m/045n3p,/people/person/profession,/m/02jknp,1.0,1.0
/m/04lg6,/people/person/profession,/m/03sbb,1.0,1.0
/m/02d42t,/people/person/profession,/m/02jknp,1.0,1.0
/m/01v6480,/people/person/nationality,/m/02jx1,1.0,1.0
/m/044mjy,/people/person/profession,/m/02hrh1q,1.0,1.0
/m/04ztj,/people/marriage_union_type/unions_of_this_type./people/marriage/location_of_ceremony,/m/0343_,1.0,1.0
/m/04l19_,/people/person/places_lived./people/place_lived/location,/m/05kkh,1.0,1.0
/m/01vh3r,/people/person/nationality,/m/02jx1,1.0,1.0
/m/054fvj,/people/person/employment_history./business/employment_tenure/company,/m/05gnf,1.0,1.0
/m/03t852,/people/person/spouse_s./people/marriage/type_of_union,/m/04ztj,1.0,1.0
/m/033tf_,/people/ethnicity/people,/m/02qhm3,1.0,1.0
/m/022_lg,/people/person/spouse_s./people/marriage/spouse,/m/03d0ns,1.0,1.0
/m/01wz01,/people/person/spouse_s./people/marriage/type_of_union,/m/04ztj,1.0,1.0
/m/03h_fk5,/people/deceased_person/place_of_death,/m/05jbn,1.0,1.0
/m/0404wqb,/people/person/languages,/m/02h40lc,1.0,1.0
/m/0232lm,/people/person/spouse_s./people/marriage/type_of_union,/m/04ztj,1.0,1.0
/m/01v6480,/people/person/profession,/m/025352,1.0,1.0
/m/02pk6x,/people/person/places_lived./people/place_lived/location,/m/030qb3t,1.0,1.0
/m/05b2gsm,/people/person/gender,/m/02zsn,1.0,1.0
/m/033_1p,/people/person/profession,/m/02hrh1q,1.0,1.0
/m/02lg9w,/people/person/gender,/m/02zsn,1.0,1.0
/m/02hy5d,/people/person/spouse_s./people/marriage/type_of_union,/m/04ztj,1.0,1.0
/m/03l3ln,/people/person/languages,/m/02h40lc,1.0,1.0
/m/03zyvw,/people/person/gender,/m/02zsn,1.0,1.0
/m/026lyl4,/people/person/spouse_s./people/marriage/type_of_union,/m/04ztj,1.0,1.0
/m/041rx,/people/ethnicity/people,/m/01yb09,1.0,1.0
/m/02d6cy,/people/person/spouse_s./people/marriage/type_of_union,/m/04ztj,1.0,1.0
/m/03vrnh,/people/person/profession,/m/02hrh1q,1.0,1.0
/m/023p29,/people/person/place_of_birth,/m/04n3l,1.0,1.0
/m/02x02kb,/people/person/spouse_s./people/marriage/type_of_union,/m/04ztj,1.0,1.0
/m/045zr,/people/person/gender,/m/02zsn,1.0,1.0
/m/02ctyy,/people/person/spouse_s./people/marriage/type_of_union,/m/04ztj,1.0,1.0
/m/01tvz5j,/people/person/gender,/m/02zsn,1.0,1.0
/m/03cvv4,/people/person/spouse_s./people/marriage/type_of_union,/m/04ztj,1.0,1.0
/m/0205dx,/people/person/spouse_s./people/marriage/type_of_union,/m/04ztj,1.0,1.0
/m/01vtj38,/people/person/spouse_s./people/marriage/type_of_union,/m/04ztj,1.0,1.0
/m/033tf_,/people/ethnicity/people,/m/02t_99,1.0,1.0
/m/041rx,/people/ethnicity/people,/m/05hrq4,1.0,1.0
/m/01x2tm8,/people/person/profession,/m/02jknp,1.0,1.0
/m/01x_d8,/people/person/spouse_s./people/marriage/type_of_union,/m/04ztj,1.0,1.0
/m/056rgc,/people/person/spouse_s./people/marriage/type_of_union,/m/04ztj,1.0,1.0
/m/030x48,/people/person/spouse_s./people/marriage/type_of_union,/m/04ztj,1.0,1.0
/m/04cbtrw,/people/person/place_of_birth,/m/04vmp,1.0,1.0
/m/01tzm9,/people/person/gender,/m/02zsn,1.0,1.0
/m/03qhyn8,/people/person/profession,/m/02pjxr,1.0,1.0
/m/02xnjd,/people/person/nationality,/m/03spz,1.0,1.0
/m/01xyt7,/people/person/spouse_s./people/marriage/type_of_union,/m/04ztj,1.0,1.0
/m/01vrnsk,/people/person/spouse_s./people/marriage/location_of_ceremony,/m/04w58,1.0,1.0
/m/02k6hp,/people/cause_of_death/people,/m/02qhm3,1.0,1.0
/m/045bs6,/people/person/spouse_s./people/marriage/type_of_union,/m/04ztj,1.0,1.0
/m/04_1nk,/people/person/place_of_birth,/m/02jx1,1.0,1.0
/m/041rx,/people/ethnicity/people,/m/029pnn,1.0,1.0
/m/023tp8,/people/person/profession,/m/02krf9,1.0,1.0
/m/03bkbh,/people/ethnicity/people,/m/053xw6,1.0,1.0
/m/05d1y,/people/person/places_lived./people/place_lived/location,/m/01vsl,1.0,1.0
/m/04c636,/people/person/profession,/m/02hrh1q,1.0,1.0
/m/03yf5g,/people/person/spouse_s./people/marriage/type_of_union,/m/04ztj,1.0,1.0
/m/03cxsvl,/people/person/gender,/m/02zsn,1.0,1.0
/m/01vt9p3,/people/person/spouse_s./people/marriage/type_of_union,/m/04ztj,1.0,1.0
/m/05dbf,/people/person/spouse_s./people/marriage/type_of_union,/m/04ztj,1.0,1.0
/m/02m30v,/people/person/profession,/m/02hrh1q,1.0,1.0
/m/05b2f_k,/people/person/profession,/m/02hrh1q,1.0,1.0
/m/02k4b2,/people/person/gender,/m/02zsn,1.0,1.0
/m/03d9wk,/people/person/place_of_birth,/m/04jpl,1.0,1.0
/m/03_2y,/people/person/profession,/m/02jknp,1.0,1.0
/m/03xx3m,/people/person/spouse_s./people/marriage/type_of_union,/m/04ztj,1.0,1.0
/m/05bxwh,/people/person/spouse_s./people/marriage/type_of_union,/m/04ztj,1.0,1.0
/m/0306bt,/people/person/gender,/m/02zsn,1.0,1.0
/m/02r_d4,/people/person/spouse_s./people/marriage/type_of_union,/m/04ztj,1.0,1.0
/m/03n0pv,/people/person/religion,/m/03_gx,1.0,1.0
/m/01vsnff,/people/person/spouse_s./people/marriage/type_of_union,/m/04ztj,1.0,1.0
/m/049g_xj,/people/person/places_lived./people/place_lived/location,/m/02_286,1.0,1.0
/m/02_hj4,/people/person/place_of_birth,/m/02_286,1.0,1.0
/m/039xcr,/people/person/profession,/m/02hrh1q,1.0,1.0
/m/03ckvj9,/people/person/gender,/m/02zsn,1.0,1.0
/m/027lfrs,/people/person/profession,/m/02hrh1q,1.0,1.0
/m/01vrx35,/people/person/profession,/m/039v1,1.0,1.0
/m/024jwt,/people/person/religion,/m/03_gx,1.0,1.0
/m/028qyn,/people/person/place_of_birth,/m/030qb3t,1.0,1.0
/m/04gnbv1,/people/person/spouse_s./people/marriage/type_of_union,/m/04ztj,1.0,1.0
/m/01vxqyl,/people/person/places_lived./people/place_lived/location,/m/02xry,1.0,1.0
/m/02756j,/people/person/gender,/m/02zsn,1.0,1.0
/m/033db3,/people/person/profession,/m/02jknp,1.0,1.0
/m/023zsh,/people/person/spouse_s./people/marriage/type_of_union,/m/04ztj,1.0,1.0
/m/029_3,/people/person/profession,/m/02hrh1q,1.0,1.0
/m/02g0rb,/people/person/gender,/m/02zsn,1.0,1.0
/m/02s5v5,/people/person/gender,/m/02zsn,1.0,1.0
/m/059fjj,/people/person/profession,/m/03gjzk,1.0,1.0
/m/027pdrh,/people/person/spouse_s./people/marriage/type_of_union,/m/04ztj,1.0,1.0
/m/05cj4r,/people/person/spouse_s./people/marriage/type_of_union,/m/04ztj,1.0,1.0
/m/027rwmr,/people/person/profession,/m/02jknp,1.0,1.0
/m/02lf0c,/people/person/religion,/m/03_gx,1.0,1.0
/m/02jm9c,/people/person/profession,/m/02hrh1q,1.0,1.0
/m/02p7xc,/people/person/profession,/m/02hrh1q,1.0,1.0
/m/029b9k,/people/person/spouse_s./people/marriage/type_of_union,/m/04ztj,1.0,1.0
/m/0473q,/people/person/profession,/m/02hrh1q,1.0,1.0
/m/03y82t6,/people/person/spouse_s./people/marriage/location_of_ceremony,/m/03rk0,1.0,1.0
/m/05c4fys,/people/person/nationality,/m/02jx1,1.0,1.0
/m/02wk4d,/people/person/languages,/m/02h40lc,1.0,1.0
/m/03z_g7,/people/person/languages,/m/055qm,1.0,1.0
/m/02b25y,/people/person/languages,/m/02bjrlw,1.0,1.0
/m/04ztj,/people/marriage_union_type/unions_of_this_type./people/marriage/location_of_ceremony,/m/04rrx,1.0,1.0
/m/04nw9,/people/person/spouse_s./people/marriage/location_of_ceremony,/m/01x73,1.0,1.0
/m/0343h,/people/person/religion,/m/051kv,1.0,1.0
/m/05bxwh,/people/person/profession,/m/02jknp,1.0,1.0
/m/01wyz92,/people/person/gender,/m/02zsn,1.0,1.0
/m/02ctzb,/people/ethnicity/people,/m/03knl,1.0,1.0
/m/03x1x,/people/ethnicity/languages_spoken,/m/02h40lc,1.0,1.0
/m/02w7gg,/people/ethnicity/people,/m/0509bl,1.0,1.0
/m/04y0yc,/people/person/places_lived./people/place_lived/location,/m/04vmp,1.0,1.0
/m/0265vcb,/people/person/profession,/m/02hrh1q,1.0,1.0
/m/03wy70,/people/person/spouse_s./people/marriage/type_of_union,/m/04ztj,1.0,1.0
/m/02bwc7,/people/person/spouse_s./people/marriage/type_of_union,/m/04ztj,1.0,1.0
/m/021bk,/people/person/place_of_birth,/m/02_286,1.0,1.0
/m/03d8njj,/people/person/profession,/m/02jknp,1.0,1.0
/m/02rn_bj,/people/person/spouse_s./people/marriage/type_of_union,/m/04ztj,1.0,1.0
/m/03d9v8,/people/person/religion,/m/051kv,1.0,1.0
/m/023v4_,/people/person/profession,/m/02hrh1q,1.0,1.0
/m/01vsl3_,/people/person/nationality,/m/02jx1,1.0,1.0
/m/02778yp,/people/person/profession,/m/03gjzk,1.0,1.0
/m/041rx,/people/ethnicity/people,/m/05cl2w,1.0,1.0
/m/04bdxl,/people/person/profession,/m/02hrh1q,1.0,1.0
/m/03swmf,/people/person/places_lived./people/place_lived/location,/m/02_286,1.0,1.0
/m/033071,/people/person/spouse_s./people/marriage/type_of_union,/m/04ztj,1.0,1.0
/m/04ztj,/people/marriage_union_type/unions_of_this_type./people/marriage/location_of_ceremony,/m/02k54,1.0,1.0
/m/04znsy,/people/person/spouse_s./people/marriage/type_of_union,/m/04ztj,1.0,1.0
/m/056rgc,/people/person/place_of_birth,/m/02_286,1.0,1.0
/m/034cj9,/people/deceased_person/place_of_death,/m/02_286,1.0,1.0
/m/025rpb0,/people/ethnicity/people,/m/01w58n3,1.0,1.0
/m/026dx,/people/person/profession,/m/02krf9,1.0,1.0
/m/02k6hp,/people/cause_of_death/people,/m/01vq3nl,1.0,1.0
/m/03cp7b3,/people/person/profession,/m/02pjxr,1.0,1.0
/m/01vng3b,/people/person/profession,/m/039v1,1.0,1.0
/m/03n0q5,/people/person/religion,/m/03_gx,1.0,1.0
/m/02fb1n,/people/person/places_lived./people/place_lived/location,/m/02dtg,1.0,1.0
/m/05cj4r,/people/person/profession,/m/02hrh1q,1.0,1.0
/m/03f0qd7,/people/person/employment_history./business/employment_tenure/company,/m/02nddq,1.0,1.0
/m/01wt4wc,/people/person/place_of_birth,/m/02j3w,1.0,1.0
/m/020ffd,/people/person/profession,/m/02hrh1q,1.0,1.0
/m/01v_pj6,/people/person/profession,/m/02dsz,1.0,1.0
/m/02ply6j,/people/person/nationality,/m/03rk0,1.0,1.0
/m/031ydm,/people/person/gender,/m/02zsn,1.0,1.0
/m/04xhwn,/people/person/profession,/m/02hrh1q,1.0,1.0
/m/03q3x5,/people/person/gender,/m/02zsn,1.0,1.0
/m/0237fw,/people/person/profession,/m/02hrh1q,1.0,1.0
/m/01vrlqd,/people/person/place_of_birth,/m/02_286,1.0,1.0
/m/03_1pg,/people/person/gender,/m/02zsn,1.0,1.0
/m/03mp9s,/people/person/places_lived./people/place_lived/location,/m/030qb3t,1.0,1.0
/m/01yznp,/people/person/profession,/m/02hrh1q,1.0,1.0
/m/033tf_,/people/ethnicity/people,/m/058s44,1.0,1.0
/m/02sjf5,/people/deceased_person/place_of_death,/m/02_286,1.0,1.0
/m/04xfb,/people/person/nationality,/m/03rk0,1.0,1.0
/m/0336mc,/people/person/places_lived./people/place_lived/location,/m/02_286,1.0,1.0
/m/02d6n_,/people/person/profession,/m/02hrh1q,1.0,1.0
/m/041rx,/people/ethnicity/people,/m/02fgp0,1.0,1.0
/m/04rvy8,/people/person/nationality,/m/02jx1,1.0,1.0
/m/02184q,/people/person/spouse_s./people/marriage/type_of_union,/m/04ztj,1.0,1.0
/m/025b5y,/people/person/profession,/m/02hrh1q,1.0,1.0
/m/04bs3j,/people/person/spouse_s./people/marriage/spouse,/m/02238b,1.0,1.0
/m/02sch9,/people/ethnicity/people,/m/05d7rk,1.0,1.0
/m/01ts_3,/people/person/profession,/m/02krf9,1.0,1.0
/m/02tf1y,/people/person/sibling_s./people/sibling_relationship/sibling,/m/02mc79,1.0,1.0
/m/049gc,/people/person/spouse_s./people/marriage/type_of_union,/m/04ztj,1.0,1.0
/m/033tf_,/people/ethnicity/people,/m/0405l,1.0,1.0
/m/01wp8w7,/people/person/places_lived./people/place_lived/location,/m/059rby,1.0,1.0
/m/04xm_,/people/deceased_person/place_of_death,/m/02h6_6p,1.0,1.0
/m/021j72,/people/person/spouse_s./people/marriage/type_of_union,/m/04ztj,1.0,1.0
/m/01vw8mh,/people/person/profession,/m/03gjzk,1.0,1.0
/m/02_hj4,/people/person/places_lived./people/place_lived/location,/m/030qb3t,1.0,1.0
/m/02zfg3,/people/person/spouse_s./people/marriage/type_of_union,/m/04ztj,1.0,1.0
/m/0456xp,/people/person/nationality,/m/02jx1,1.0,1.0
/m/02hkw6,/people/person/spouse_s./people/marriage/type_of_union,/m/04ztj,1.0,1.0
/m/045n3p,/people/person/nationality,/m/03rk0,1.0,1.0
/m/04rfq,/people/person/religion,/m/051kv,1.0,1.0
/m/053y4h,/people/person/profession,/m/02hrh1q,1.0,1.0
/m/026w_gk,/people/person/profession,/m/03gjzk,1.0,1.0
/m/02g1jh,/people/person/nationality,/m/02jx1,1.0,1.0
/m/03jg5t,/people/person/place_of_birth,/m/02gw_w,1.0,1.0
/m/04x1_w,/people/person/places_lived./people/place_lived/location,/m/02_286,1.0,1.0
/m/03fqv5,/people/person/spouse_s./people/marriage/type_of_union,/m/04ztj,1.0,1.0
/m/04g3p5,/people/person/profession,/m/02hrh1q,1.0,1.0
/m/02j4sk,/people/person/religion,/m/051kv,1.0,1.0
/m/029m83,/people/person/profession,/m/02hrh1q,1.0,1.0
/m/020_4z,/people/person/profession,/m/02hrh1q,1.0,1.0
/m/039wsf,/people/person/places_lived./people/place_lived/location,/m/02_286,1.0,1.0
/m/03l26m,/people/person/spouse_s./people/marriage/location_of_ceremony,/m/02_286,1.0,1.0
/m/02sjf5,/people/person/places_lived./people/place_lived/location,/m/02_286,1.0,1.0
/m/0306ds,/people/person/spouse_s./people/marriage/type_of_union,/m/04ztj,1.0,1.0
/m/03bxsw,/people/person/spouse_s./people/marriage/type_of_union,/m/04ztj,1.0,1.0
/m/02_hj4,/people/person/gender,/m/02zsn,1.0,1.0
/m/028qdb,/people/person/spouse_s./people/marriage/type_of_union,/m/04ztj,1.0,1.0
/m/039wsf,/people/person/gender,/m/02zsn,1.0,1.0
/m/05bnp0,/people/person/languages,/m/02h40lc,1.0,1.0
/m/01vrncs,/people/person/languages,/m/02h40lc,1.0,1.0
/m/01vsy9_,/people/person/spouse_s./people/marriage/type_of_union,/m/04ztj,1.0,1.0
/m/02f2p7,/people/person/languages,/m/02h40lc,1.0,1.0
/m/023mdt,/people/person/places_lived./people/place_lived/location,/m/030qb3t,1.0,1.0
/m/02lfwp,/people/person/profession,/m/03gjzk,1.0,1.0
/m/03nb5v,/people/person/spouse_s./people/marriage/type_of_union,/m/04ztj,1.0,1.0
/m/02ctzb,/people/ethnicity/people,/m/03ds3,1.0,1.0
/m/03ys2f,/people/person/profession,/m/03gjzk,1.0,1.0
/m/03l26m,/people/person/spouse_s./people/marriage/type_of_union,/m/04ztj,1.0,1.0
/m/03kbb8,/people/person/spouse_s./people/marriage/type_of_union,/m/04ztj,1.0,1.0
/m/02rn_bj,/people/person/places_lived./people/place_lived/location,/m/030qb3t,1.0,1.0
/m/03jqw5,/people/person/places_lived./people/place_lived/location,/m/030qb3t,1.0,1.0
/m/03qkgyl,/people/person/nationality,/m/03rk0,1.0,1.0
/m/029k55,/people/person/spouse_s./people/marriage/type_of_union,/m/04ztj,1.0,1.0
/m/02g5h5,/people/person/profession,/m/02hrh1q,1.0,1.0
/m/03xn3s2,/people/person/profession,/m/02hrh1q,1.0,1.0
/m/038b_x,/people/person/spouse_s./people/marriage/type_of_union,/m/04ztj,1.0,1.0
/m/04fcx7,/people/person/profession,/m/03gjzk,1.0,1.0
/m/0378zn,/people/person/spouse_s./people/marriage/type_of_union,/m/04ztj,1.0,1.0
/m/0239zv,/people/person/spouse_s./people/marriage/type_of_union,/m/04ztj,1.0,1.0
/m/042q3,/people/person/nationality,/m/03gk2,1.0,1.0
/m/02778yp,/people/person/spouse_s./people/marriage/location_of_ceremony,/m/030qb3t,1.0,1.0
/m/02rxbmt,/people/person/profession,/m/02jknp,1.0,1.0
/m/02fgpf,/people/person/spouse_s./people/marriage/type_of_union,/m/04ztj,1.0,1.0
/m/04rsd2,/people/person/profession,/m/02hrh1q,1.0,1.0
/m/02t__l,/people/person/spouse_s./people/marriage/type_of_union,/m/04ztj,1.0,1.0
/m/033tf_,/people/ethnicity/people,/m/0484q,1.0,1.0
/m/028mc6,/people/person/profession,/m/02hrh1q,1.0,1.0
/m/045g4l,/people/person/spouse_s./people/marriage/type_of_union,/m/04ztj,1.0,1.0
/m/03_gd,/people/person/profession,/m/02jknp,1.0,1.0
/m/026lyl4,/people/person/gender,/m/02zsn,1.0,1.0
/m/041rx,/people/ethnicity/people,/m/052hl,1.0,1.0
/m/02l6dy,/people/person/places_lived./people/place_lived/location,/m/059rby,1.0,1.0
/m/01vvb4m,/people/person/profession,/m/02jknp,1.0,1.0
/m/026kmvf,/people/person/spouse_s./people/marriage/type_of_union,/m/04ztj,1.0,1.0
/m/0436kgz,/people/person/places_lived./people/place_lived/location,/m/030qb3t,1.0,1.0
/m/04gnbv1,/people/person/gender,/m/02zsn,1.0,1.0
/m/026dd2b,/people/person/profession,/m/02krf9,1.0,1.0
/m/02nrdp,/people/person/profession,/m/02hrh1q,1.0,1.0
/m/024_vw,/people/person/place_of_birth,/m/02_286,1.0,1.0
/m/02jtjz,/people/person/gender,/m/02zsn,1.0,1.0
/m/030wkp,/people/person/places_lived./people/place_lived/location,/m/059rby,1.0,1.0
/m/01vsqvs,/people/person/nationality,/m/0345h,1.0,1.0
/m/033tf_,/people/ethnicity/people,/m/02pjvc,1.0,1.0
/m/02x_h0,/people/person/languages,/m/02h40lc,1.0,1.0
/m/027l0b,/people/person/religion,/m/03_gx,1.0,1.0
/m/02vtnf,/people/person/profession,/m/02jknp,1.0,1.0
/m/02h3tp,/people/person/place_of_birth,/m/03l2n,1.0,1.0
/m/02g1jh,/people/person/profession,/m/02hrh1q,1.0,1.0
/m/0443xn,/people/person/spouse_s./people/marriage/type_of_union,/m/04ztj,1.0,1.0
/m/03rl84,/people/person/languages,/m/02h40lc,1.0,1.0
/m/04264n,/people/person/places_lived./people/place_lived/location,/m/02_286,1.0,1.0
/m/02knxx,/people/cause_of_death/people,/m/049tjg,1.0,1.0
/m/041rx,/people/ethnicity/people,/m/03f0fnk,1.0,1.0
/m/02p7xc,/people/person/nationality,/m/02jx1,1.0,1.0
/m/03_l8m,/people/person/profession,/m/02hrh1q,1.0,1.0
/m/03bnv,/people/person/profession,/m/039v1,1.0,1.0
/m/0534v,/people/person/profession,/m/020xn5,1.0,1.0
/m/048z7l,/people/ethnicity/people,/m/05bpg3,1.0,1.0
/m/03y2kr,/people/person/spouse_s./people/marriage/type_of_union,/m/04ztj,1.0,1.0
/m/04gfy7,/people/ethnicity/people,/m/0311wg,1.0,1.0
/m/02qlkc3,/people/person/spouse_s./people/marriage/type_of_union,/m/04ztj,1.0,1.0
/m/01wyzyl,/people/person/profession,/m/03gjzk,1.0,1.0
/m/02v3yy,/people/person/spouse_s./people/marriage/type_of_union,/m/04ztj,1.0,1.0
/m/048s0r,/people/person/places_lived./people/place_lived/location,/m/05fjf,1.0,1.0
/m/02fn5r,/people/person/profession,/m/02hrh1q,1.0,1.0
/m/04b7xr,/people/person/profession,/m/03lgtv,1.0,1.0
/m/04mky3,/people/person/place_of_birth,/m/02dtg,1.0,1.0
/m/01vh3r,/people/person/languages,/m/02h40lc,1.0,1.0
/m/0404wqb,/people/person/gender,/m/02zsn,1.0,1.0
/m/029k55,/people/person/profession,/m/02jknp,1.0,1.0
/m/03ysmg,/people/person/sibling_s./people/sibling_relationship/sibling,/m/03ys2f,1.0,1.0
/m/03lt8g,/people/person/gender,/m/02zsn,1.0,1.0
/m/044pqn,/people/person/spouse_s./people/marriage/spouse,/m/0241wg,1.0,1.0
/m/026lj,/people/person/places_lived./people/place_lived/location,/m/02m77,1.0,1.0
/m/05k2s_,/people/person/profession,/m/02hv44_,1.0,1.0
/m/034cj9,/people/person/profession,/m/02jknp,1.0,1.0
/m/02vxyl5,/people/person/profession,/m/026sdt1,1.0,1.0
/m/020trj,/people/person/gender,/m/02zsn,1.0,1.0
/m/01vtqml,/people/person/profession,/m/02hrh1q,1.0,1.0
/m/02wwwv5,/people/person/profession,/m/047rgpy,1.0,1.0
/m/01vvyd8,/people/person/profession,/m/02hrh1q,1.0,1.0
/m/025st2z,/people/person/profession,/m/03gjzk,1.0,1.0
/m/01x6v6,/people/person/spouse_s./people/marriage/type_of_union,/m/04ztj,1.0,1.0
/m/021yzs,/people/person/profession,/m/02hrh1q,1.0,1.0
/m/03c6vl,/people/person/spouse_s./people/marriage/spouse,/m/030b93,1.0,1.0
/m/027km64,/people/person/profession,/m/02krf9,1.0,1.0
/m/02ndf1,/people/person/spouse_s./people/marriage/type_of_union,/m/04ztj,1.0,1.0
/m/03vrnh,/people/person/nationality,/m/03rk0,1.0,1.0
/m/01vt9p3,/people/person/places_lived./people/place_lived/location,/m/05fjf,1.0,1.0
/m/02h761,/people/person/place_of_birth,/m/01v8c,1.0,1.0
/m/04g_wd,/people/person/profession,/m/02hrh1q,1.0,1.0
/m/041rx,/people/ethnicity/people,/m/01yg9y,1.0,1.0
/m/033tf_,/people/ethnicity/people,/m/044mvs,1.0,1.0
/m/0315q3,/people/person/languages,/m/02h40lc,1.0,1.0
/m/026rm_y,/people/person/languages,/m/02h40lc,1.0,1.0
/m/043zg,/people/person/spouse_s./people/marriage/location_of_ceremony,/m/030qb3t,1.0,1.0
/m/029b9k,/people/person/gender,/m/02zsn,1.0,1.0
/m/03nk3t,/people/person/profession,/m/02jknp,1.0,1.0
/m/01yzhn,/people/person/places_lived./people/place_lived/location,/m/059rby,1.0,1.0
/m/03j43,/people/person/religion,/m/03_gx,1.0,1.0
/m/04fhxp,/people/person/places_lived./people/place_lived/location,/m/04ykg,1.0,1.0
/m/042f1,/people/person/profession,/m/04gc2,1.0,1.0
/m/02rnns,/people/person/spouse_s./people/marriage/type_of_union,/m/04ztj,1.0,1.0
/m/029q_y,/people/person/profession,/m/03gjzk,1.0,1.0
/m/03bkbh,/people/ethnicity/people,/m/01vswwx,1.0,1.0
/m/04ztj,/people/marriage_union_type/unions_of_this_type./people/marriage/location_of_ceremony,/m/03rjj,1.0,1.0
/m/0309jm,/people/person/profession,/m/02krf9,1.0,1.0
/m/04p3w,/people/cause_of_death/people,/m/03xx3m,1.0,1.0
/m/03vrv9,/people/person/profession,/m/02hrh1q,1.0,1.0
/m/01w3lzq,/people/person/spouse_s./people/marriage/type_of_union,/m/04ztj,1.0,1.0
/m/04znsy,/people/person/profession,/m/02hrh1q,1.0,1.0
/m/03xp8d5,/people/person/profession,/m/03gjzk,1.0,1.0
/m/04r68,/people/person/places_lived./people/place_lived/location,/m/04ykg,1.0,1.0
/m/047g6,/people/deceased_person/place_of_death,/m/04jpl,1.0,1.0
/m/01yfm8,/people/person/places_lived./people/place_lived/location,/m/059rby,1.0,1.0
/m/02sj1x,/people/person/religion,/m/03_gx,1.0,1.0
/m/01tw31,/people/person/nationality,/m/03rt9,1.0,1.0
/m/01vvydl,/people/person/spouse_s./people/marriage/type_of_union,/m/04ztj,1.0,1.0
/m/0234pg,/people/person/profession,/m/02krf9,1.0,1.0
/m/02qnk5c,/people/person/place_of_birth,/m/023vwt,1.0,1.0
/m/03295l,/people/ethnicity/people,/m/0253b6,1.0,1.0
/m/0210f1,/people/person/spouse_s./people/marriage/type_of_union,/m/04ztj,1.0,1.0
/m/051_y,/people/cause_of_death/people,/m/01vsl3_,1.0,1.0
/m/03bkbh,/people/ethnicity/people,/m/01wxyx1,1.0,1.0
/m/02f1c,/people/person/languages,/m/02h40lc,1.0,1.0
/m/0277c3,/people/person/gender,/m/02zsn,1.0,1.0
/m/04s04,/people/person/profession,/m/03gjzk,1.0,1.0
/m/0277990,/people/person/places_lived./people/place_lived/location,/m/04ykg,1.0,1.0
/m/031y07,/people/person/spouse_s./people/marriage/type_of_union,/m/04ztj,1.0,1.0
/m/01vq3nl,/people/person/profession,/m/02hrh1q,1.0,1.0
/m/03s2dj,/people/person/profession,/m/02hrh1q,1.0,1.0
/m/03ywyk,/people/person/spouse_s./people/marriage/type_of_union,/m/04ztj,1.0,1.0
/m/023jq1,/people/person/profession,/m/03gjzk,1.0,1.0
/m/032v0v,/people/person/profession,/m/03gjzk,1.0,1.0
/m/03q3x5,/people/person/religion,/m/03_gx,1.0,1.0
/m/03jht,/people/person/nationality,/m/0345h,1.0,1.0
/m/03bkbh,/people/ethnicity/people,/m/0479b,1.0,1.0
/m/02w7gg,/people/ethnicity/people,/m/03rgvr,1.0,1.0
/m/022g44,/people/person/profession,/m/03gjzk,1.0,1.0
/m/0478__m,/people/person/place_of_birth,/m/02_286,1.0,1.0
/m/03xpfzg,/people/person/profession,/m/03gjzk,1.0,1.0
/m/04411,/people/person/employment_history./business/employment_tenure/company,/m/01w5m,1.0,1.0
/m/02q6cv4,/people/person/spouse_s./people/marriage/type_of_union,/m/04ztj,1.0,1.0
/m/02y0js,/people/cause_of_death/people,/m/02hh8j,1.0,1.0
/m/03bxh,/people/person/places_lived./people/place_lived/location,/m/031y2,1.0,1.0
/m/045m1_,/people/person/religion,/m/03_gx,1.0,1.0
/m/030vnj,/people/person/languages,/m/02h40lc,1.0,1.0
/m/05d8vw,/people/person/spouse_s./people/marriage/type_of_union,/m/04ztj,1.0,1.0
/m/01wj5hp,/people/person/languages,/m/02h40lc,1.0,1.0
/m/038723,/people/ethnicity/people,/m/01ttg5,1.0,1.0
/m/02ctzb,/people/ethnicity/people,/m/02h3tp,1.0,1.0
/m/02d6cy,/people/person/profession,/m/03gjzk,1.0,1.0
/m/03lmx1,/people/ethnicity/people,/m/0261x8t,1.0,1.0
/m/04328m,/people/person/spouse_s./people/marriage/type_of_union,/m/04ztj,1.0,1.0
/m/03f2_rc,/people/person/profession,/m/02krf9,1.0,1.0
/m/041rhq,/people/person/spouse_s./people/marriage/type_of_union,/m/04ztj,1.0,1.0
/m/03vrnh,/people/person/religion,/m/03j6c,1.0,1.0
/m/05jcn8,/people/person/profession,/m/02jknp,1.0,1.0
/m/03h_0_z,/people/person/gender,/m/02zsn,1.0,1.0
/m/01vrx3g,/people/person/spouse_s./people/marriage/type_of_union,/m/04ztj,1.0,1.0
/m/02g8h,/people/person/spouse_s./people/marriage/type_of_union,/m/04ztj,1.0,1.0
/m/059_w,/people/ethnicity/people,/m/050zr4,1.0,1.0
/m/02bgmr,/people/person/spouse_s./people/marriage/type_of_union,/m/04ztj,1.0,1.0
/m/048lv,/people/person/profession,/m/02hrh1q,1.0,1.0
/m/04jb97,/people/person/nationality,/m/03h64,1.0,1.0
/m/01x72k,/people/person/profession,/m/02hrh1q,1.0,1.0
/m/05jjl,/people/person/profession,/m/02hv44_,1.0,1.0
/m/01wgxtl,/people/person/profession,/m/02hrh1q,1.0,1.0
/m/033tf_,/people/ethnicity/people,/m/03c6v3,1.0,1.0
/m/054kmq,/people/person/nationality,/m/03_3d,1.0,1.0
/m/04gcd1,/people/person/profession,/m/02jknp,1.0,1.0
/m/047cqr,/people/person/profession,/m/03gjzk,1.0,1.0
/m/03sww,/people/person/profession,/m/02hrh1q,1.0,1.0
/m/0239zv,/people/person/profession,/m/02hrh1q,1.0,1.0
/m/04511f,/people/person/profession,/m/03gjzk,1.0,1.0
/m/05bnx3j,/people/person/gender,/m/02zsn,1.0,1.0
/m/04h6mm,/people/person/spouse_s./people/marriage/type_of_union,/m/04ztj,1.0,1.0
/m/021j72,/people/person/sibling_s./people/sibling_relationship/sibling,/m/02vmzp,1.0,1.0
/m/04qz6n,/people/person/profession,/m/02hrh1q,1.0,1.0
/m/04v048,/people/person/spouse_s./people/marriage/type_of_union,/m/04ztj,1.0,1.0
/m/03m_k0,/people/person/profession,/m/02krf9,1.0,1.0
/m/04qvl7,/people/person/spouse_s./people/marriage/type_of_union,/m/04ztj,1.0,1.0
/m/03kbb8,/people/person/gender,/m/02zsn,1.0,1.0
/m/02508x,/people/person/spouse_s./people/marriage/type_of_union,/m/04ztj,1.0,1.0
/m/04kwbt,/people/person/profession,/m/02hrh1q,1.0,1.0
/m/048z7l,/people/ethnicity/people,/m/03jldb,1.0,1.0
/m/033jkj,/people/person/gender,/m/02zsn,1.0,1.0
/m/023mdt,/people/person/gender,/m/02zsn,1.0,1.0
/m/01vswwx,/people/person/place_of_birth,/m/02cft,1.0,1.0
/m/04xm_,/people/person/places_lived./people/place_lived/location,/m/02lbc,1.0,1.0
/m/02y0dd,/people/person/spouse_s./people/marriage/type_of_union,/m/04ztj,1.0,1.0
/m/01vsy9_,/people/person/profession,/m/02hrh1q,1.0,1.0
/m/044prt,/people/person/nationality,/m/03rk0,1.0,1.0
/m/04gr35,/people/person/spouse_s./people/marriage/type_of_union,/m/04ztj,1.0,1.0
/m/041rx,/people/ethnicity/people,/m/022_q8,1.0,1.0
/m/01ts_3,/people/person/spouse_s./people/marriage/type_of_union,/m/04ztj,1.0,1.0
/m/03h_0_z,/people/person/profession,/m/02hrh1q,1.0,1.0
/m/02qwg,/people/person/profession,/m/039v1,1.0,1.0
/m/0478__m,/people/person/gender,/m/02zsn,1.0,1.0
/m/04h6mm,/people/person/profession,/m/02krf9,1.0,1.0
/m/0202p_,/people/person/profession,/m/02hrh1q,1.0,1.0
/m/027j79k,/people/person/profession,/m/03gjzk,1.0,1.0
/m/03f4k,/people/person/places_lived./people/place_lived/location,/m/02_286,1.0,1.0
/m/03k545,/people/person/gender,/m/02zsn,1.0,1.0
/m/02pkpfs,/people/person/nationality,/m/03rt9,1.0,1.0
/m/01vvdm,/people/person/profession,/m/025352,1.0,1.0
/m/02my3z,/people/person/profession,/m/02hrh1q,1.0,1.0
/m/01vs_v8,/people/person/places_lived./people/place_lived/location,/m/02_286,1.0,1.0
/m/01ydzx,/people/person/nationality,/m/02jx1,1.0,1.0
/m/01wz01,/people/person/profession,/m/02hrh1q,1.0,1.0
/m/03pmzt,/people/person/spouse_s./people/marriage/type_of_union,/m/04ztj,1.0,1.0
/m/03w9sgh,/people/person/profession,/m/02jknp,1.0,1.0
/m/042f1,/people/deceased_person/place_of_death,/m/05jbn,1.0,1.0
/m/03d0ns,/people/person/gender,/m/02zsn,1.0,1.0
/m/03_js,/people/person/profession,/m/04gc2,1.0,1.0
/m/02w7gg,/people/ethnicity/people,/m/01xsc9,1.0,1.0
/m/02_p8v,/people/person/spouse_s./people/marriage/type_of_union,/m/04ztj,1.0,1.0
/m/03zg2x,/people/person/spouse_s./people/marriage/type_of_union,/m/04ztj,1.0,1.0
/m/01vsy3q,/people/person/places_lived./people/place_lived/location,/m/05jbn,1.0,1.0
/m/04qr6d,/people/person/profession,/m/02jknp,1.0,1.0
/m/0276g40,/people/person/nationality,/m/03rk0,1.0,1.0
/m/01vsykc,/people/person/spouse_s./people/marriage/type_of_union,/m/04ztj,1.0,1.0
/m/033rq,/people/person/spouse_s./people/marriage/type_of_union,/m/04ztj,1.0,1.0
/m/03pmty,/people/person/places_lived./people/place_lived/location,/m/02_286,1.0,1.0
/m/030g9z,/people/person/profession,/m/02dsz,1.0,1.0
/m/033jkj,/people/person/spouse_s./people/marriage/type_of_union,/m/04ztj,1.0,1.0
/m/01wbgdv,/people/person/spouse_s./people/marriage/type_of_union,/m/04ztj,1.0,1.0
/m/04x1_w,/people/person/spouse_s./people/marriage/type_of_union,/m/04ztj,1.0,1.0
/m/05b__vr,/people/person/profession,/m/02hrh1q,1.0,1.0
/m/031bf1,/people/person/profession,/m/02hrh1q,1.0,1.0
/m/026zvx7,/people/person/gender,/m/02zsn,1.0,1.0
/m/05b__vr,/people/person/place_of_birth,/m/04cjn,1.0,1.0
/m/02fb1n,/people/person/places_lived./people/place_lived/location,/m/030qb3t,1.0,1.0
/m/0438pz,/people/person/place_of_birth,/m/02_286,1.0,1.0
/m/026sb55,/people/person/spouse_s./people/marriage/type_of_union,/m/04ztj,1.0,1.0
/m/03mv0b,/people/person/profession,/m/02jknp,1.0,1.0
/m/05bxwh,/people/person/places_lived./people/place_lived/location,/m/02sn34,1.0,1.0
/m/03_48k,/people/person/spouse_s./people/marriage/type_of_union,/m/04ztj,1.0,1.0
/m/05ccxr,/people/person/profession,/m/02hrh1q,1.0,1.0
/m/05hks,/people/person/places_lived./people/place_lived/location,/m/04swd,1.0,1.0
/m/02sh8y,/people/person/languages,/m/02h40lc,1.0,1.0
/m/02nrdp,/people/person/spouse_s./people/marriage/type_of_union,/m/04ztj,1.0,1.0
/m/04m_kpx,/people/person/spouse_s./people/marriage/type_of_union,/m/04ztj,1.0,1.0
/m/04gc65,/people/person/spouse_s./people/marriage/type_of_union,/m/04ztj,1.0,1.0
/m/04v7kt,/people/person/spouse_s./people/marriage/type_of_union,/m/04ztj,1.0,1.0
/m/03rqww,/people/person/spouse_s./people/marriage/type_of_union,/m/04ztj,1.0,1.0
/m/026c1,/people/person/gender,/m/02zsn,1.0,1.0
/m/03kts,/people/person/profession,/m/02hrh1q,1.0,1.0
/m/02wxvtv,/people/person/nationality,/m/03rk0,1.0,1.0
/m/03jjzf,/people/person/profession,/m/02hrh1q,1.0,1.0
/m/03hy3g,/people/person/spouse_s./people/marriage/type_of_union,/m/04ztj,1.0,1.0
/m/027l0b,/people/person/spouse_s./people/marriage/type_of_union,/m/04ztj,1.0,1.0
/m/02wb6yq,/people/person/languages,/m/02h40lc,1.0,1.0
/m/01y9xg,/people/person/profession,/m/02hrh1q,1.0,1.0
/m/03xnq9_,/people/person/profession,/m/02hrh1q,1.0,1.0
/m/03xpsrx,/people/person/spouse_s./people/marriage/spouse,/m/029ghl,1.0,1.0
/m/02h0f3,/people/person/spouse_s./people/marriage/type_of_union,/m/04ztj,1.0,1.0
/m/02bvt,/people/deceased_person/place_of_death,/m/02_286,1.0,1.0
/m/030hbp,/people/person/gender,/m/02zsn,1.0,1.0
/m/02y0js,/people/cause_of_death/people,/m/03g62,1.0,1.0
/m/03_f0,/people/deceased_person/place_of_death,/m/04kf4,1.0,1.0
/m/05g3ss,/people/person/nationality,/m/03rk0,1.0,1.0
/m/0432mrk,/people/ethnicity/people,/m/02vntj,1.0,1.0
/m/0418ft,/people/person/languages,/m/02h40lc,1.0,1.0
/m/03jjzf,/people/person/gender,/m/02zsn,1.0,1.0
/m/02wb6d,/people/person/spouse_s./people/marriage/type_of_union,/m/04ztj,1.0,1.0
/m/04mhxx,/people/person/profession,/m/02hrh1q,1.0,1.0
/m/044mfr,/people/person/profession,/m/039v1,1.0,1.0
/m/041rx,/people/ethnicity/people,/m/024jwt,1.0,1.0
/m/04cmrt,/people/person/spouse_s./people/marriage/type_of_union,/m/04ztj,1.0,1.0
/m/05hrq4,/people/person/profession,/m/03gjzk,1.0,1.0
/m/02ql_ms,/people/person/spouse_s./people/marriage/type_of_union,/m/04ztj,1.0,1.0
/m/02779r4,/people/person/profession,/m/03gjzk,1.0,1.0
/m/022wxh,/people/person/profession,/m/02jknp,1.0,1.0
/m/02byfd,/people/person/profession,/m/02hrh1q,1.0,1.0
/m/02238b,/people/person/profession,/m/02hrh1q,1.0,1.0
/m/03fwln,/people/person/languages,/m/02h40lc,1.0,1.0
/m/03mcwq3,/people/person/places_lived./people/place_lived/location,/m/05fjy,1.0,1.0
/m/01zp33,/people/person/gender,/m/02zsn,1.0,1.0
/m/0241jw,/people/person/spouse_s./people/marriage/type_of_union,/m/04ztj,1.0,1.0
/m/028bs1p,/people/deceased_person/place_of_death,/m/04vmp,1.0,1.0
/m/04c636,/people/person/religion,/m/03j6c,1.0,1.0
/m/05br10,/people/person/nationality,/m/03gj2,1.0,1.0
/m/0473q,/people/person/profession,/m/039v1,1.0,1.0
/m/02tkzn,/people/person/religion,/m/03_gx,1.0,1.0
/m/05dxl_,/people/person/profession,/m/02hrh1q,1.0,1.0
/m/03z_g7,/people/person/languages,/m/03k50,1.0,1.0
/m/0202p_,/people/person/nationality,/m/02jx1,1.0,1.0
/m/059xnf,/people/person/nationality,/m/02jx1,1.0,1.0
/m/051_y,/people/cause_of_death/people,/m/03d_zl4,1.0,1.0
/m/01z5tr,/people/person/profession,/m/02hrh1q,1.0,1.0
/m/04bdqk,/people/person/places_lived./people/place_lived/location,/m/030qb3t,1.0,1.0
/m/01v6480,/people/person/profession,/m/02hrh1q,1.0,1.0
/m/046rfv,/people/person/languages,/m/02h40lc,1.0,1.0
/m/05ggt_,/people/person/spouse_s./people/marriage/type_of_union,/m/04ztj,1.0,1.0
/m/02vr7,/people/person/places_lived./people/place_lived/location,/m/02_286,1.0,1.0
/m/041_y,/people/person/religion,/m/03_gx,1.0,1.0
/m/032zg9,/people/person/profession,/m/02hrh1q,1.0,1.0
/m/01wy5m,/people/person/places_lived./people/place_lived/location,/m/02jx1,1.0,1.0
/m/02vrr,/people/cause_of_death/people,/m/032l1,1.0,1.0
/m/026spg,/people/person/gender,/m/02zsn,1.0,1.0
/m/01xwv7,/people/person/profession,/m/03gjzk,1.0,1.0
/m/02w4fkq,/people/person/profession,/m/039v1,1.0,1.0
/m/02qsjt,/people/person/profession,/m/02hrh1q,1.0,1.0
/m/03rs8y,/people/person/profession,/m/02hrh1q,1.0,1.0
/m/033m23,/people/person/places_lived./people/place_lived/location,/m/03h64,1.0,1.0
/m/045bs6,/people/person/place_of_birth,/m/05ksh,1.0,1.0
/m/02rrsz,/people/person/languages,/m/02h40lc,1.0,1.0
/m/042gr4,/people/person/profession,/m/02hrh1q,1.0,1.0
/m/054bt3,/people/person/profession,/m/02jknp,1.0,1.0
/m/05kfs,/people/person/place_of_birth,/m/02_286,1.0,1.0
/m/057d89,/people/deceased_person/place_of_death,/m/030qb3t,1.0,1.0
/m/0453t,/people/deceased_person/place_of_death,/m/02hrh0_,1.0,1.0
/m/02v49c,/people/person/spouse_s./people/marriage/type_of_union,/m/04ztj,1.0,1.0
/m/03vrnh,/people/person/languages,/m/03k50,1.0,1.0
/m/02h9_l,/people/person/religion,/m/051kv,1.0,1.0
/m/02z2xdf,/people/person/gender,/m/02zsn,1.0,1.0
/m/01vzz1c,/people/person/profession,/m/02hrh1q,1.0,1.0
/m/02rchht,/people/person/profession,/m/02jknp,1.0,1.0
/m/04qsdh,/people/person/profession,/m/02hv44_,1.0,1.0
/m/0219q,/people/person/languages,/m/02h40lc,1.0,1.0
/m/028r4y,/people/person/place_of_birth,/m/02_286,1.0,1.0
/m/041rx,/people/ethnicity/people,/m/03rx9,1.0,1.0
/m/02v49c,/people/person/profession,/m/02jknp,1.0,1.0
/m/02xp18,/people/person/spouse_s./people/marriage/type_of_union,/m/04ztj,1.0,1.0
/m/02sch9,/people/person/gender,/m/02zsn,1.0,1.0
/m/02wcx8c,/people/person/spouse_s./people/marriage/type_of_union,/m/04ztj,1.0,1.0
/m/03f0fnk,/people/person/profession,/m/039v1,1.0,1.0
/m/041rx,/people/ethnicity/people,/m/03kts,1.0,1.0
/m/02l3_5,/people/person/profession,/m/02hrh1q,1.0,1.0
/m/034rd,/people/person/spouse_s./people/marriage/type_of_union,/m/04ztj,1.0,1.0
/m/041rx,/people/ethnicity/people,/m/03f4k,1.0,1.0
/m/031v3p,/people/person/profession,/m/02hrh1q,1.0,1.0
/m/02_t2t,/people/person/profession,/m/039v1,1.0,1.0
/m/02bc74,/people/person/profession,/m/02hrh1q,1.0,1.0
/m/03b78r,/people/person/profession,/m/02krf9,1.0,1.0
/m/02gnj2,/people/person/places_lived./people/place_lived/location,/m/02_286,1.0,1.0
/m/04w391,/people/person/place_of_birth,/m/030qb3t,1.0,1.0
/m/01wdcxk,/people/person/profession,/m/039v1,1.0,1.0
/m/03_l8m,/people/person/places_lived./people/place_lived/location,/m/01x73,1.0,1.0
/m/01x209s,/people/person/gender,/m/02zsn,1.0,1.0
/m/01xndd,/people/person/places_lived./people/place_lived/location,/m/02_286,1.0,1.0
/m/050zr4,/people/person/languages,/m/02h40lc,1.0,1.0
/m/04gfy7,/people/ethnicity/people,/m/03l3ln,1.0,1.0
/m/0347xl,/people/person/profession,/m/03gjzk,1.0,1.0
/m/029h45,/people/person/profession,/m/02hv44_,1.0,1.0
/m/02ndbd,/people/person/spouse_s./people/marriage/type_of_union,/m/04ztj,1.0,1.0
/m/01twdk,/people/person/languages,/m/02h40lc,1.0,1.0
/m/03_vx9,/people/person/spouse_s./people/marriage/type_of_union,/m/04ztj,1.0,1.0
/m/03f4k,/people/person/sibling_s./people/sibling_relationship/sibling,/m/03zrp,1.0,1.0
/m/02w9895,/people/person/profession,/m/02hrh1q,1.0,1.0
/m/01w9wwg,/people/person/profession,/m/02hrh1q,1.0,1.0
/m/02jt1k,/people/person/spouse_s./people/marriage/type_of_union,/m/04ztj,1.0,1.0
/m/028bs1p,/people/person/profession,/m/02hrh1q,1.0,1.0
/m/01vvyd8,/people/person/spouse_s./people/marriage/location_of_ceremony,/m/04n3l,1.0,1.0
/m/03ft8,/people/person/profession,/m/03gjzk,1.0,1.0
/m/04bdxl,/people/person/places_lived./people/place_lived/location,/m/02xry,1.0,1.0
/m/05183k,/people/person/profession,/m/02hv44_,1.0,1.0
/m/028mc6,/people/deceased_person/place_of_death,/m/02_286,1.0,1.0
/m/01zz8t,/people/person/profession,/m/02hrh1q,1.0,1.0
/m/020trj,/people/person/spouse_s./people/marriage/type_of_union,/m/04ztj,1.0,1.0
/m/03gkn5,/people/person/employment_history./business/employment_tenure/company,/m/01vs5c,1.0,1.0
/m/0237fw,/people/person/spouse_s./people/marriage/spouse,/m/03mp9s,1.0,1.0
/m/0432b,/people/person/spouse_s./people/marriage/type_of_union,/m/04ztj,1.0,1.0
/m/03y3dk,/people/person/spouse_s./people/marriage/type_of_union,/m/04ztj,1.0,1.0
/m/02lk1s,/people/person/spouse_s./people/marriage/type_of_union,/m/04ztj,1.0,1.0
/m/02qflgv,/people/person/nationality,/m/02jx1,1.0,1.0
/m/0263tn1,/people/person/nationality,/m/02jx1,1.0,1.0
/m/0241wg,/people/person/languages,/m/02h40lc,1.0,1.0
/m/02w7gg,/people/ethnicity/people,/m/040dv,1.0,1.0
/m/03f0324,/people/person/religion,/m/03_gx,1.0,1.0
/m/02dlfh,/people/person/profession,/m/03gjzk,1.0,1.0
/m/04pp9s,/people/person/gender,/m/02zsn,1.0,1.0
/m/04z0g,/people/person/employment_history./business/employment_tenure/company,/m/01w5m,1.0,1.0
/m/02bwc7,/people/person/profession,/m/03gjzk,1.0,1.0
/m/0252fh,/people/person/religion,/m/03_gx,1.0,1.0
/m/01vs4ff,/people/person/profession,/m/04f2zj,1.0,1.0
/m/02t1wn,/people/person/spouse_s./people/marriage/type_of_union,/m/04ztj,1.0,1.0
/m/04ztj,/people/marriage_union_type/unions_of_this_type./people/marriage/location_of_ceremony,/m/03x3l,1.0,1.0
/m/022fdt,/people/ethnicity/languages_spoken,/m/02hwyss,1.0,1.0
/m/034qg,/people/cause_of_death/people,/m/0484q,1.0,1.0
/m/05dbf,/people/person/profession,/m/02hrh1q,1.0,1.0
/m/02tkzn,/people/person/spouse_s./people/marriage/type_of_union,/m/04ztj,1.0,1.0
/m/04g_wd,/people/deceased_person/place_of_death,/m/03h64,1.0,1.0
/m/01vvycq,/people/person/profession,/m/04f2zj,1.0,1.0
/m/01twmp,/people/person/profession,/m/02hrh1q,1.0,1.0
/m/04pz5c,/people/person/spouse_s./people/marriage/type_of_union,/m/04ztj,1.0,1.0
/m/01y8cr,/people/person/spouse_s./people/marriage/type_of_union,/m/04ztj,1.0,1.0
/m/03ys2f,/people/person/sibling_s./people/sibling_relationship/sibling,/m/03ysmg,1.0,1.0
/m/03mstc,/people/person/profession,/m/03gjzk,1.0,1.0
/m/027l0b,/people/person/profession,/m/02jknp,1.0,1.0
/m/04z_x4v,/people/deceased_person/place_of_death,/m/030qb3t,1.0,1.0
/m/049t4g,/people/person/profession,/m/02hrh1q,1.0,1.0
/m/02f2dn,/people/person/languages,/m/02h40lc,1.0,1.0
/m/02q42j_,/people/person/place_of_birth,/m/02jx1,1.0,1.0
/m/054k_8,/people/person/profession,/m/02hrh1q,1.0,1.0
/m/04xn2m,/people/person/place_of_birth,/m/02_286,1.0,1.0
/m/03x22w,/people/person/gender,/m/02zsn,1.0,1.0
/m/0456xp,/people/person/profession,/m/02hrh1q,1.0,1.0
/m/04pxcx,/people/person/gender,/m/02zsn,1.0,1.0
/m/02sdx,/people/person/employment_history./business/employment_tenure/company,/m/01w5m,1.0,1.0
/m/042xrr,/people/person/spouse_s./people/marriage/type_of_union,/m/04ztj,1.0,1.0
/m/0222qb,/people/ethnicity/people,/m/033rq,1.0,1.0
/m/053yx,/people/person/profession,/m/02hrh1q,1.0,1.0
/m/03mszl,/people/person/gender,/m/02zsn,1.0,1.0
/m/033tf_,/people/ethnicity/people,/m/02pby8,1.0,1.0
/m/02l4rh,/people/person/spouse_s./people/marriage/type_of_union,/m/04ztj,1.0,1.0
/m/04hqbbz,/people/deceased_person/place_of_death,/m/04vmp,1.0,1.0
/m/044k8,/people/person/religion,/m/021_0p,1.0,1.0
/m/02w7gg,/people/ethnicity/people,/m/03d9v8,1.0,1.0
/m/02nygk,/people/person/employment_history./business/employment_tenure/company,/m/02hvd,1.0,1.0
/m/02r5w9,/people/person/profession,/m/02hrh1q,1.0,1.0
/m/032qgs,/people/person/profession,/m/02hrh1q,1.0,1.0
/m/01y_rz,/people/person/spouse_s./people/marriage/type_of_union,/m/04ztj,1.0,1.0
/m/023nlj,/people/person/sibling_s./people/sibling_relationship/sibling,/m/046zh,1.0,1.0
/m/043zg,/people/person/spouse_s./people/marriage/spouse,/m/01wv9p,1.0,1.0
/m/02t_vx,/people/person/profession,/m/02krf9,1.0,1.0
/m/042kbj,/people/person/profession,/m/028sgq,1.0,1.0
/m/041jlr,/people/person/place_of_birth,/m/02h6_6p,1.0,1.0
/m/04gr35,/people/person/profession,/m/02hrh1q,1.0,1.0
/m/043zg,/people/person/places_lived./people/place_lived/location,/m/030qb3t,1.0,1.0
/m/04twmk,/people/person/spouse_s./people/marriage/type_of_union,/m/04ztj,1.0,1.0
/m/03lmx1,/people/ethnicity/people,/m/026lj,1.0,1.0
/m/025y9fn,/people/person/profession,/m/03gjzk,1.0,1.0
/m/02gyl0,/people/person/religion,/m/03_gx,1.0,1.0
/m/04ztj,/people/marriage_union_type/unions_of_this_type./people/marriage/location_of_ceremony,/m/03h64,1.0,1.0
/m/04qr6d,/people/person/profession,/m/025352,1.0,1.0
/m/01vzx45,/people/person/spouse_s./people/marriage/type_of_union,/m/04ztj,1.0,1.0
/m/02w7gg,/people/ethnicity/people,/m/02d42t,1.0,1.0
/m/02j8nx,/people/person/profession,/m/02hrh1q,1.0,1.0
/m/04bdpf,/people/person/spouse_s./people/marriage/type_of_union,/m/04ztj,1.0,1.0
/m/01wz3cx,/people/person/spouse_s./people/marriage/location_of_ceremony,/m/02_286,1.0,1.0
/m/02ctzb,/people/ethnicity/people,/m/02vntj,1.0,1.0
/m/04bz7q,/people/person/gender,/m/02zsn,1.0,1.0
/m/042z_g,/people/person/profession,/m/02krf9,1.0,1.0
/m/025tdwc,/people/person/spouse_s./people/marriage/type_of_union,/m/04ztj,1.0,1.0
/m/04205z,/people/person/profession,/m/02hrh1q,1.0,1.0
/m/03x31g,/people/person/gender,/m/02zsn,1.0,1.0
/m/03ts0c,/people/ethnicity/people,/m/04pwg,1.0,1.0
/m/01wlt3k,/people/person/place_of_birth,/m/043yj,1.0,1.0
/m/03p9hl,/people/person/gender,/m/02zsn,1.0,1.0
/m/051z6rz,/people/person/profession,/m/02jknp,1.0,1.0
/m/049gc,/people/person/places_lived./people/place_lived/location,/m/05k7sb,1.0,1.0
/m/042xh,/people/person/spouse_s./people/marriage/type_of_union,/m/04ztj,1.0,1.0
/m/02pv_d,/people/person/spouse_s./people/marriage/type_of_union,/m/04ztj,1.0,1.0
/m/036gdw,/people/person/places_lived./people/place_lived/location,/m/030qb3t,1.0,1.0
/m/03n6r,/people/person/places_lived./people/place_lived/location,/m/030qb3t,1.0,1.0
/m/046lt,/people/person/places_lived./people/place_lived/location,/m/05k7sb,1.0,1.0
/m/04pf4r,/people/person/spouse_s./people/marriage/type_of_union,/m/04ztj,1.0,1.0
/m/01wskg,/people/person/profession,/m/02hrh1q,1.0,1.0
/m/03nb5v,/people/person/profession,/m/03gjzk,1.0,1.0
/m/03lh3v,/people/person/spouse_s./people/marriage/type_of_union,/m/04ztj,1.0,1.0
/m/03g5_y,/people/person/profession,/m/02jknp,1.0,1.0
/m/01v9724,/people/person/profession,/m/02hv44_,1.0,1.0
/m/03_dj,/people/person/place_of_birth,/m/02cft,1.0,1.0
/m/04ns3gy,/people/person/gender,/m/02zsn,1.0,1.0
/m/05d7rk,/people/person/spouse_s./people/marriage/type_of_union,/m/04ztj,1.0,1.0
/m/02q6cv4,/people/person/place_of_birth,/m/030qb3t,1.0,1.0
/m/02l0sf,/people/person/gender,/m/02zsn,1.0,1.0
/m/038723,/people/ethnicity/people,/m/02pv_d,1.0,1.0
/m/03n08b,/people/person/profession,/m/02hrh1q,1.0,1.0
/m/03359d,/people/person/places_lived./people/place_lived/location,/m/059rby,1.0,1.0
/m/04k15,/people/person/nationality,/m/0345h,1.0,1.0
/m/045bg,/people/person/profession,/m/02hv44_,1.0,1.0
/m/052hl,/people/person/spouse_s./people/marriage/type_of_union,/m/04ztj,1.0,1.0
/m/02g5bf,/people/person/profession,/m/02hrh1q,1.0,1.0
/m/03w9bjf,/people/ethnicity/languages_spoken,/m/02hxcvy,1.0,1.0
/m/0408np,/people/person/spouse_s./people/marriage/type_of_union,/m/04ztj,1.0,1.0
/m/033qxt,/people/ethnicity/languages_spoken,/m/032f6,1.0,1.0
/m/04t38b,/people/person/places_lived./people/place_lived/location,/m/02_286,1.0,1.0
/m/02lf70,/people/person/spouse_s./people/marriage/type_of_union,/m/04ztj,1.0,1.0
/m/01vsy3q,/people/person/languages,/m/02h40lc,1.0,1.0
/m/03yrkt,/people/person/places_lived./people/place_lived/location,/m/030qb3t,1.0,1.0
/m/03hnd,/people/deceased_person/place_of_death,/m/04jpl,1.0,1.0
/m/04ztj,/people/marriage_union_type/unions_of_this_type./people/marriage/location_of_ceremony,/m/02hrh0_,1.0,1.0
/m/05bnp0,/people/person/profession,/m/02jknp,1.0,1.0
/m/02mjmr,/people/person/spouse_s./people/marriage/type_of_union,/m/04ztj,1.0,1.0
/m/040nwr,/people/person/nationality,/m/03rk0,1.0,1.0
/m/03r1pr,/people/person/profession,/m/02hrh1q,1.0,1.0
/m/02f8lw,/people/person/spouse_s./people/marriage/spouse,/m/033tln,1.0,1.0
/m/02_t2t,/people/person/places_lived./people/place_lived/location,/m/052p7,1.0,1.0
/m/01vttb9,/people/deceased_person/place_of_death,/m/030qb3t,1.0,1.0
/m/02g0rb,/people/person/spouse_s./people/marriage/spouse,/m/02vy5j,1.0,1.0
/m/02x0bdb,/people/person/spouse_s./people/marriage/type_of_union,/m/04ztj,1.0,1.0
/m/04g3p5,/people/person/spouse_s./people/marriage/type_of_union,/m/04ztj,1.0,1.0
/m/027d5g5,/people/person/nationality,/m/03rjj,1.0,1.0
/m/04bdxl,/people/person/gender,/m/02zsn,1.0,1.0
/m/02zl4d,/people/person/spouse_s./people/marriage/type_of_union,/m/04ztj,1.0,1.0
/m/047f9jp,/people/person/profession,/m/02hrh1q,1.0,1.0
/m/01wdqrx,/people/person/profession,/m/02hrh1q,1.0,1.0
/m/055t01,/people/person/profession,/m/02hrh1q,1.0,1.0
/m/03f4w4,/people/person/nationality,/m/02jx1,1.0,1.0
/m/04wqr,/people/person/place_of_birth,/m/030qb3t,1.0,1.0
/m/034hck,/people/person/profession,/m/02jknp,1.0,1.0
/m/04qp06,/people/person/languages,/m/03k50,1.0,1.0
/m/02p8v8,/people/person/profession,/m/04gc2,1.0,1.0
/m/05_zc7,/people/person/spouse_s./people/marriage/type_of_union,/m/04ztj,1.0,1.0
/m/022yb4,/people/person/profession,/m/03gjzk,1.0,1.0
/m/03vrnh,/people/person/sibling_s./people/sibling_relationship/sibling,/m/040wdl,1.0,1.0
/m/049qx,/people/person/languages,/m/02h40lc,1.0,1.0
/m/04jwp,/people/person/places_lived./people/place_lived/location,/m/04jpl,1.0,1.0
/m/02r99xw,/people/person/profession,/m/02hrh1q,1.0,1.0
/m/03cn92,/people/person/profession,/m/02hrh1q,1.0,1.0
/m/01w02sy,/people/person/profession,/m/039v1,1.0,1.0
/m/02ldv0,/people/person/profession,/m/03gjzk,1.0,1.0
/m/05kh_,/people/person/profession,/m/02jknp,1.0,1.0
/m/021mlp,/people/person/spouse_s./people/marriage/type_of_union,/m/04ztj,1.0,1.0
/m/02_01w,/people/person/spouse_s./people/marriage/type_of_union,/m/04ztj,1.0,1.0
/m/02mc79,/people/person/profession,/m/02hrh1q,1.0,1.0
/m/03bxsw,/people/person/gender,/m/02zsn,1.0,1.0
/m/036qs_,/people/person/profession,/m/02jknp,1.0,1.0
/m/03q5dr,/people/person/profession,/m/02hrh1q,1.0,1.0
/m/01vn35l,/people/person/profession,/m/039v1,1.0,1.0
/m/01x0sy,/people/person/spouse_s./people/marriage/type_of_union,/m/04ztj,1.0,1.0
/m/041rx,/people/ethnicity/people,/m/03m8lq,1.0,1.0
/m/044ptm,/people/person/profession,/m/02hrh1q,1.0,1.0
/m/01vyv9,/people/person/profession,/m/03gjzk,1.0,1.0
/m/03knl,/people/person/languages,/m/02h40lc,1.0,1.0
/m/048z7l,/people/ethnicity/people,/m/0427y,1.0,1.0
/m/028bs1p,/people/person/place_of_birth,/m/03rk0,1.0,1.0
/m/01zlh5,/people/person/profession,/m/02hrh1q,1.0,1.0
/m/04p3w,/people/cause_of_death/people,/m/01ty7ll,1.0,1.0
/m/02pb53,/people/person/profession,/m/02hrh1q,1.0,1.0
/m/01z0lb,/people/person/spouse_s./people/marriage/type_of_union,/m/04ztj,1.0,1.0
/m/04x56,/people/person/place_of_birth,/m/04jpl,1.0,1.0
/m/02d42t,/people/person/places_lived./people/place_lived/location,/m/04jpl,1.0,1.0
/m/04ztj,/people/marriage_union_type/unions_of_this_type./people/marriage/location_of_ceremony,/m/02hgz,1.0,1.0
/m/03ywyk,/people/person/gender,/m/02zsn,1.0,1.0
/m/04f7c55,/people/person/profession,/m/02hrh1q,1.0,1.0
/m/02mc79,/people/person/spouse_s./people/marriage/type_of_union,/m/04ztj,1.0,1.0
/m/026gb3v,/people/person/profession,/m/02jknp,1.0,1.0
/m/02lkcc,/people/person/profession,/m/02hrh1q,1.0,1.0
/m/01vqrm,/people/person/profession,/m/02jknp,1.0,1.0
/m/01vsy7t,/people/person/profession,/m/039v1,1.0,1.0
/m/022769,/people/person/places_lived./people/place_lived/location,/m/030qb3t,1.0,1.0
/m/036hf4,/people/person/spouse_s./people/marriage/type_of_union,/m/04ztj,1.0,1.0
/m/04ztj,/people/marriage_union_type/unions_of_this_type./people/marriage/location_of_ceremony,/m/05ksh,1.0,1.0
/m/04vt98,/people/person/profession,/m/02jknp,1.0,1.0
/m/0343h,/people/person/employment_history./business/employment_tenure/company,/m/02jd_7,1.0,1.0
/m/02ryx0,/people/person/spouse_s./people/marriage/type_of_union,/m/04ztj,1.0,1.0
/m/01vswwx,/people/person/places_lived./people/place_lived/location,/m/02cft,1.0,1.0
/m/023tp8,/people/person/profession,/m/02hrh1q,1.0,1.0
/m/01xndd,/people/person/profession,/m/02jknp,1.0,1.0
/m/0285c,/people/person/profession,/m/04f2zj,1.0,1.0
/m/02l0xc,/people/person/profession,/m/02hrh1q,1.0,1.0
/m/02jxmr,/people/person/spouse_s./people/marriage/spouse,/m/01wk51,1.0,1.0
/m/03w9bjf,/people/ethnicity/people,/m/04cbtrw,1.0,1.0
/m/03rx9,/people/person/religion,/m/03_gx,1.0,1.0
/m/03j3pg9,/people/person/profession,/m/02hrh1q,1.0,1.0
/m/04ch23,/people/person/spouse_s./people/marriage/type_of_union,/m/04ztj,1.0,1.0
/m/04ztj,/people/marriage_union_type/unions_of_this_type./people/marriage/location_of_ceremony,/m/04vmp,1.0,1.0
/m/04zqmj,/people/person/places_lived./people/place_lived/location,/m/02frhbc,1.0,1.0
/m/05gc0h,/people/person/profession,/m/02hrh1q,1.0,1.0
/m/01wdcxk,/people/person/spouse_s./people/marriage/type_of_union,/m/04ztj,1.0,1.0
/m/02w7gg,/people/ethnicity/people,/m/041c4,1.0,1.0
/m/040db,/people/person/places_lived./people/place_lived/location,/m/056_y,1.0,1.0
/m/01vzxld,/people/person/places_lived./people/place_lived/location,/m/04523f,1.0,1.0
/m/01x209s,/people/person/spouse_s./people/marriage/type_of_union,/m/04ztj,1.0,1.0
/m/035rnz,/people/person/spouse_s./people/marriage/type_of_union,/m/04ztj,1.0,1.0
/m/025y9fn,/people/person/profession,/m/02krf9,1.0,1.0
/m/02pp_q_,/people/person/spouse_s./people/marriage/type_of_union,/m/04ztj,1.0,1.0
/m/03k1vm,/people/person/profession,/m/02hrh1q,1.0,1.0
/m/02_j7t,/people/person/nationality,/m/02jx1,1.0,1.0
/m/04fhn_,/people/person/profession,/m/02hrh1q,1.0,1.0
/m/01xpxv,/people/person/spouse_s./people/marriage/type_of_union,/m/04ztj,1.0,1.0
/m/03m8lq,/people/person/gender,/m/02zsn,1.0,1.0
/m/03v3xp,/people/person/spouse_s./people/marriage/type_of_union,/m/04ztj,1.0,1.0
/m/02wycg2,/people/person/profession,/m/02hrh1q,1.0,1.0
/m/034bs,/people/person/spouse_s./people/marriage/type_of_union,/m/04ztj,1.0,1.0
/m/03crcpt,/people/person/profession,/m/02jknp,1.0,1.0
/m/029b9k,/people/person/places_lived./people/place_lived/location,/m/059rby,1.0,1.0
/m/01w524f,/people/person/profession,/m/025352,1.0,1.0
/m/02g9z1,/people/person/nationality,/m/03shp,1.0,1.0
/m/030155,/people/person/gender,/m/02zsn,1.0,1.0
/m/01wd9lv,/people/person/profession,/m/02hrh1q,1.0,1.0
/m/03p9hl,/people/person/profession,/m/02hrh1q,1.0,1.0
/m/03cprft,/people/person/nationality,/m/03rk0,1.0,1.0
/m/034bgm,/people/person/profession,/m/03gjzk,1.0,1.0
/m/02xwgr,/people/person/profession,/m/02hrh1q,1.0,1.0
/m/033tf_,/people/ethnicity/people,/m/02qgyv,1.0,1.0
/m/01wp8w7,/people/person/profession,/m/02hrh1q,1.0,1.0
/m/025xt8y,/people/person/spouse_s./people/marriage/type_of_union,/m/04ztj,1.0,1.0
/m/028rk,/people/person/employment_history./business/employment_tenure/company,/m/01w5m,1.0,1.0
/m/044rvb,/people/person/spouse_s./people/marriage/type_of_union,/m/04ztj,1.0,1.0
/m/03hzkq,/people/person/spouse_s./people/marriage/type_of_union,/m/04ztj,1.0,1.0
/m/02bfmn,/people/person/profession,/m/02hrh1q,1.0,1.0
/m/058z1hb,/people/deceased_person/place_of_death,/m/030qb3t,1.0,1.0
/m/03f70xs,/people/person/nationality,/m/02jx1,1.0,1.0
/m/040t74,/people/person/profession,/m/02hrh1q,1.0,1.0
/m/04x56,/people/person/nationality,/m/02jx1,1.0,1.0
/m/03cp7b3,/people/person/nationality,/m/03h64,1.0,1.0
/m/03y_46,/people/person/nationality,/m/02jx1,1.0,1.0
/m/01w8sf,/people/person/spouse_s./people/marriage/type_of_union,/m/04ztj,1.0,1.0
/m/01ypsj,/people/person/spouse_s./people/marriage/type_of_union,/m/04ztj,1.0,1.0
/m/023zsh,/people/person/profession,/m/02hrh1q,1.0,1.0
/m/01w03jv,/people/person/spouse_s./people/marriage/type_of_union,/m/04ztj,1.0,1.0
/m/04cr6qv,/people/person/sibling_s./people/sibling_relationship/sibling,/m/04d_mtq,1.0,1.0
/m/02cqbx,/people/person/gender,/m/02zsn,1.0,1.0
/m/02qx5h,/people/person/profession,/m/02hrh1q,1.0,1.0
/m/04jspq,/people/person/profession,/m/02krf9,1.0,1.0
/m/02fybl,/people/person/profession,/m/039v1,1.0,1.0
/m/031sg0,/people/person/profession,/m/02hrh1q,1.0,1.0
/m/02qfhb,/people/person/place_of_birth,/m/030qb3t,1.0,1.0
/m/029ql,/people/person/profession,/m/02hrh1q,1.0,1.0
/m/03f3_p3,/people/person/places_lived./people/place_lived/location,/m/05fkf,1.0,1.0
/m/02k6hp,/people/cause_of_death/people,/m/0407f,1.0,1.0
/m/0222qb,/people/ethnicity/people,/m/020bg,1.0,1.0
/m/040nwr,/people/person/languages,/m/02h40lc,1.0,1.0
/m/02qjpv5,/people/person/profession,/m/03gjzk,1.0,1.0
/m/058kqy,/people/person/profession,/m/02hrh1q,1.0,1.0
/m/01wbz9,/people/person/nationality,/m/02jx1,1.0,1.0
/m/03s2y9,/people/person/places_lived./people/place_lived/location,/m/02_286,1.0,1.0
/m/047sxrj,/people/person/gender,/m/02zsn,1.0,1.0
/m/02g0rb,/people/person/profession,/m/02hrh1q,1.0,1.0
/m/01wgx4,/people/person/spouse_s./people/marriage/type_of_union,/m/04ztj,1.0,1.0
/m/04ztj,/people/marriage_union_type/unions_of_this_type./people/marriage/location_of_ceremony,/m/04llb,1.0,1.0
/m/043gj,/people/person/languages,/m/02h40lc,1.0,1.0
/m/0484q,/people/person/profession,/m/039v1,1.0,1.0
/m/0309jm,/people/person/spouse_s./people/marriage/type_of_union,/m/04ztj,1.0,1.0
/m/02vkvcz,/people/person/gender,/m/02zsn,1.0,1.0
/m/032xhg,/people/person/spouse_s./people/marriage/type_of_union,/m/04ztj,1.0,1.0
/m/02vmzp,/people/person/profession,/m/02hrh1q,1.0,1.0
/m/03cdg,/people/person/place_of_birth,/m/02cft,1.0,1.0
/m/02w7gg,/people/ethnicity/people,/m/02yxwd,1.0,1.0
/m/02cpb7,/people/person/profession,/m/02hrh1q,1.0,1.0
/m/0383f,/people/person/nationality,/m/03rjj,1.0,1.0
/m/04ztj,/people/marriage_union_type/unions_of_this_type./people/marriage/location_of_ceremony,/m/03v_5,1.0,1.0
/m/031296,/people/person/languages,/m/02h40lc,1.0,1.0
/m/02_t2t,/people/person/spouse_s./people/marriage/type_of_union,/m/04ztj,1.0,1.0
/m/03v40v,/people/person/profession,/m/03gjzk,1.0,1.0
/m/02jg92,/people/person/profession,/m/02hrh1q,1.0,1.0
/m/03rqww,/people/person/profession,/m/02jknp,1.0,1.0
/m/03swmf,/people/person/place_of_birth,/m/02_286,1.0,1.0
/m/03xkps,/people/person/religion,/m/04pk9,1.0,1.0
/m/041rx,/people/ethnicity/people,/m/03ftmg,1.0,1.0
/m/03qncl3,/people/person/employment_history./business/employment_tenure/company,/m/031rp3,1.0,1.0
/m/023sng,/people/person/nationality,/m/03rk0,1.0,1.0
/m/03ldxq,/people/person/places_lived./people/place_lived/location,/m/034tl,1.0,1.0
/m/029m83,/people/person/profession,/m/02jknp,1.0,1.0
/m/04xfb,/people/person/places_lived./people/place_lived/location,/m/04jpl,1.0,1.0
/m/03kbb8,/people/person/place_of_birth,/m/030qb3t,1.0,1.0
/m/048tgl,/people/person/profession,/m/03lgtv,1.0,1.0
/m/021r7r,/people/person/profession,/m/02jknp,1.0,1.0
/m/04cl1,/people/person/profession,/m/02krf9,1.0,1.0
/m/02465,/people/person/profession,/m/020xn5,1.0,1.0
/m/02d9k,/people/person/nationality,/m/02jx1,1.0,1.0
/m/02kxbwx,/people/person/sibling_s./people/sibling_relationship/sibling,/m/02kxbx3,1.0,1.0
/m/020trj,/people/person/places_lived./people/place_lived/location,/m/02xry,1.0,1.0
/m/039crh,/people/person/places_lived./people/place_lived/location,/m/030qb3t,1.0,1.0
/m/02rrsz,/people/person/spouse_s./people/marriage/type_of_union,/m/04ztj,1.0,1.0
/m/041rx,/people/ethnicity/people,/m/057176,1.0,1.0
/m/01vz80y,/people/person/profession,/m/02krf9,1.0,1.0
/m/04tnqn,/people/person/profession,/m/03gjzk,1.0,1.0
/m/04kwbt,/people/person/place_of_birth,/m/02_286,1.0,1.0
/m/03772,/people/person/profession,/m/03gjzk,1.0,1.0
/m/03bkbh,/people/ethnicity/people,/m/01ts_3,1.0,1.0
/m/049g_xj,/people/person/profession,/m/02hrh1q,1.0,1.0
/m/01vhrz,/people/person/profession,/m/047rgpy,1.0,1.0
/m/04p3w,/people/cause_of_death/people,/m/03lpd0,1.0,1.0
/m/025rpb0,/people/ethnicity/people,/m/03f0qd7,1.0,1.0
/m/041xl,/people/person/nationality,/m/02jx1,1.0,1.0
/m/050llt,/people/person/religion,/m/03j6c,1.0,1.0
/m/041rx,/people/ethnicity/people,/m/03f0324,1.0,1.0
/m/02x_h0,/people/person/places_lived./people/place_lived/location,/m/05fkf,1.0,1.0
/m/04r7p,/people/person/profession,/m/02hrh1q,1.0,1.0
/m/04w1j9,/people/person/places_lived./people/place_lived/location,/m/02_286,1.0,1.0
/m/02f93t,/people/person/profession,/m/02jknp,1.0,1.0
/m/027dtv3,/people/person/place_of_birth,/m/04jpl,1.0,1.0
/m/03qcq,/people/person/spouse_s./people/marriage/type_of_union,/m/04ztj,1.0,1.0
/m/032nl2,/people/person/profession,/m/039v1,1.0,1.0
/m/01vlj1g,/people/person/profession,/m/02jknp,1.0,1.0
/m/025n3p,/people/person/profession,/m/02jknp,1.0,1.0
/m/022_q8,/people/person/profession,/m/02hrh1q,1.0,1.0
/m/033wx9,/people/person/spouse_s./people/marriage/type_of_union,/m/04ztj,1.0,1.0
/m/033jj1,/people/person/profession,/m/03gjzk,1.0,1.0
/m/04v7k2,/people/person/nationality,/m/03rk0,1.0,1.0
/m/01vn35l,/people/person/spouse_s./people/marriage/type_of_union,/m/04ztj,1.0,1.0
/m/02665kn,/people/person/profession,/m/02hv44_,1.0,1.0
/m/03x31g,/people/person/nationality,/m/03rk0,1.0,1.0
/m/02y_2y,/people/person/profession,/m/03gjzk,1.0,1.0
/m/03dn9v,/people/person/places_lived./people/place_lived/location,/m/052p7,1.0,1.0
/m/048svj,/people/person/spouse_s./people/marriage/type_of_union,/m/04ztj,1.0,1.0
/m/01wmgrf,/people/person/spouse_s./people/marriage/spouse,/m/02lk95,1.0,1.0
/m/05kh_,/people/person/profession,/m/02hrh1q,1.0,1.0
/m/02sch9,/people/ethnicity/people,/m/03f02ct,1.0,1.0
/m/04v68c,/people/person/nationality,/m/05bcl,1.0,1.0
/m/04yj5z,/people/person/places_lived./people/place_lived/location,/m/02_286,1.0,1.0
/m/02lyx4,/people/person/gender,/m/02zsn,1.0,1.0
/m/041rx,/people/ethnicity/people,/m/05bxwh,1.0,1.0
/m/03f02ct,/people/person/profession,/m/02jknp,1.0,1.0
/m/01x66d,/people/person/places_lived./people/place_lived/location,/m/030qb3t,1.0,1.0
/m/04smkr,/people/person/profession,/m/02hrh1q,1.0,1.0
/m/027l0b,/people/person/profession,/m/02hrh1q,1.0,1.0
/m/02y0dd,/people/person/nationality,/m/03rt9,1.0,1.0
/m/01x1cn2,/people/person/profession,/m/02hrh1q,1.0,1.0
/m/04_by,/people/person/places_lived./people/place_lived/location,/m/04jpl,1.0,1.0
/m/041rx,/people/ethnicity/people,/m/034q3l,1.0,1.0
/m/04p3w,/people/cause_of_death/people,/m/04zd4m,1.0,1.0
/m/041rx,/people/ethnicity/people,/m/02_pft,1.0,1.0
/m/049_zz,/people/person/place_of_birth,/m/02_286,1.0,1.0
/m/034bs,/people/person/places_lived./people/place_lived/location,/m/04xn_,1.0,1.0
/m/05cqhl,/people/person/profession,/m/03gjzk,1.0,1.0
/m/037gjc,/people/person/languages,/m/02h40lc,1.0,1.0
/m/040_9,/people/person/spouse_s./people/marriage/type_of_union,/m/04ztj,1.0,1.0
/m/0261x8t,/people/person/places_lived./people/place_lived/location,/m/030qb3t,1.0,1.0
/m/02knxx,/people/cause_of_death/people,/m/04vt98,1.0,1.0
/m/04ztj,/people/marriage_union_type/unions_of_this_type./people/marriage/location_of_ceremony,/m/035hm,1.0,1.0
/m/046rfv,/people/person/spouse_s./people/marriage/type_of_union,/m/04ztj,1.0,1.0
/m/02mjmr,/people/person/places_lived./people/place_lived/location,/m/02_286,1.0,1.0
/m/05hrq4,/people/person/profession,/m/02hrh1q,1.0,1.0
/m/02n1p5,/people/person/languages,/m/03k50,1.0,1.0
/m/025_nbr,/people/deceased_person/place_of_death,/m/030qb3t,1.0,1.0
/m/02vyw,/people/person/profession,/m/03gjzk,1.0,1.0
/m/01wbz9,/people/person/places_lived./people/place_lived/location,/m/05hcy,1.0,1.0
/m/039wsf,/people/person/place_of_birth,/m/02_286,1.0,1.0
/m/04smkr,/people/person/places_lived./people/place_lived/location,/m/030qb3t,1.0,1.0
/m/01y64_,/people/person/spouse_s./people/marriage/type_of_union,/m/04ztj,1.0,1.0
/m/020fgy,/people/person/spouse_s./people/marriage/type_of_union,/m/04ztj,1.0,1.0
/m/01yzhn,/people/person/places_lived./people/place_lived/location,/m/05k7sb,1.0,1.0
/m/01vvdm,/people/person/place_of_birth,/m/02_286,1.0,1.0
/m/03_wpf,/people/person/places_lived./people/place_lived/location,/m/030qb3t,1.0,1.0
/m/043s3,/people/person/places_lived./people/place_lived/location,/m/059j2,1.0,1.0
/m/028pzq,/people/person/languages,/m/02bjrlw,1.0,1.0
/m/02t_w8,/people/person/profession,/m/02hrh1q,1.0,1.0
/m/03q64h,/people/person/nationality,/m/03_3d,1.0,1.0
/m/02qy3py,/people/person/profession,/m/02hrh1q,1.0,1.0
/m/02j4sk,/people/person/sibling_s./people/sibling_relationship/sibling,/m/036jp8,1.0,1.0
/m/043zg,/people/person/spouse_s./people/marriage/type_of_union,/m/04ztj,1.0,1.0
/m/04znsy,/people/person/gender,/m/02zsn,1.0,1.0
/m/0487c3,/people/person/places_lived./people/place_lived/location,/m/04jpl,1.0,1.0
/m/0234pg,/people/person/profession,/m/02hrh1q,1.0,1.0
/m/0509bl,/people/person/gender,/m/02zsn,1.0,1.0
/m/04ztj,/people/marriage_union_type/unions_of_this_type./people/marriage/location_of_ceremony,/m/03v1s,1.0,1.0
/m/033m23,/people/person/profession,/m/02hrh1q,1.0,1.0
/m/02n1p5,/people/person/nationality,/m/03rk0,1.0,1.0
/m/05d7rk,/people/person/nationality,/m/03rk0,1.0,1.0
/m/03x3qv,/people/person/spouse_s./people/marriage/type_of_union,/m/04ztj,1.0,1.0
/m/01vtj38,/people/person/profession,/m/02jknp,1.0,1.0
/m/02x7vq,/people/person/gender,/m/02zsn,1.0,1.0
/m/044n3h,/people/person/places_lived./people/place_lived/location,/m/02_286,1.0,1.0
/m/02lxj_,/people/person/profession,/m/02hrh1q,1.0,1.0
/m/02kxbwx,/people/person/profession,/m/02jknp,1.0,1.0
/m/03mp9s,/people/person/profession,/m/02hrh1q,1.0,1.0
/m/02fybl,/people/person/profession,/m/025352,1.0,1.0
/m/02g1jh,/people/person/spouse_s./people/marriage/type_of_union,/m/04ztj,1.0,1.0
/m/04rsd2,/people/person/places_lived./people/place_lived/location,/m/04jpl,1.0,1.0
/m/04r7p,/people/person/nationality,/m/05b4w,1.0,1.0
/m/02bn75,/people/deceased_person/place_of_death,/m/030qb3t,1.0,1.0
/m/05jrj4,/people/person/profession,/m/028kk_,1.0,1.0
/m/03mcwq3,/people/person/spouse_s./people/marriage/type_of_union,/m/04ztj,1.0,1.0
/m/04mz10g,/people/person/profession,/m/02hrh1q,1.0,1.0
/m/027zz,/people/person/places_lived./people/place_lived/location,/m/02cl1,1.0,1.0
/m/0432cd,/people/person/profession,/m/02jknp,1.0,1.0
/m/04x4s2,/people/person/profession,/m/03gjzk,1.0,1.0
/m/03cglm,/people/person/profession,/m/02hrh1q,1.0,1.0
/m/03f2_rc,/people/person/profession,/m/02hrh1q,1.0,1.0
/m/04wp3s,/people/person/places_lived./people/place_lived/location,/m/02_286,1.0,1.0
/m/01y0y6,/people/person/place_of_birth,/m/02_286,1.0,1.0
/m/0241jw,/people/person/profession,/m/02hrh1q,1.0,1.0
/m/033w9g,/people/person/profession,/m/02hrh1q,1.0,1.0
/m/01wk7b7,/people/person/profession,/m/03gjzk,1.0,1.0
/m/03lvyj,/people/person/gender,/m/02zsn,1.0,1.0
/m/02cqbx,/people/person/places_lived./people/place_lived/location,/m/059_c,1.0,1.0
/m/01wgjj5,/people/person/nationality,/m/02jx1,1.0,1.0
/m/01yd8v,/people/person/place_of_birth,/m/030qb3t,1.0,1.0
/m/01vsqvs,/people/person/profession,/m/025352,1.0,1.0
/m/027zz,/people/person/profession,/m/02jknp,1.0,1.0
/m/01wbgdv,/people/person/profession,/m/02hrh1q,1.0,1.0
/m/02c7lt,/people/person/nationality,/m/02jx1,1.0,1.0
/m/02cgb8,/people/person/spouse_s./people/marriage/type_of_union,/m/04ztj,1.0,1.0
/m/0241wg,/people/person/spouse_s./people/marriage/spouse,/m/044pqn,1.0,1.0
/m/04ztj,/people/marriage_union_type/unions_of_this_type./people/marriage/location_of_ceremony,/m/054rw,1.0,1.0
/m/03mp9s,/people/person/places_lived./people/place_lived/location,/m/050l8,1.0,1.0
/m/02wwwv5,/people/person/spouse_s./people/marriage/type_of_union,/m/04ztj,1.0,1.0
/m/031ydm,/people/person/profession,/m/02hrh1q,1.0,1.0
/m/01wwnh2,/people/person/profession,/m/02hrh1q,1.0,1.0
/m/03xmy1,/people/person/spouse_s./people/marriage/type_of_union,/m/04ztj,1.0,1.0
/m/01tw31,/people/person/places_lived./people/place_lived/location,/m/02hgz,1.0,1.0
/m/035gjq,/people/person/place_of_birth,/m/01z53w,1.0,1.0
/m/02ply6j,/people/person/place_of_birth,/m/02b7nz,1.0,1.0
/m/03wh95l,/people/person/profession,/m/03gjzk,1.0,1.0
/m/033tf_,/people/ethnicity/people,/m/02pzck,1.0,1.0
/m/01v3bn,/people/person/places_lived./people/place_lived/location,/m/030qb3t,1.0,1.0
/m/0261x8t,/people/person/spouse_s./people/marriage/type_of_union,/m/04ztj,1.0,1.0
/m/01wj9y9,/people/person/spouse_s./people/marriage/type_of_union,/m/04ztj,1.0,1.0
/m/044zvm,/people/person/place_of_birth,/m/030qb3t,1.0,1.0
/m/058ncz,/people/person/profession,/m/02hrh1q,1.0,1.0
/m/02vyw,/people/person/employment_history./business/employment_tenure/company,/m/02jd_7,1.0,1.0
/m/04x4s2,/people/person/spouse_s./people/marriage/type_of_union,/m/04ztj,1.0,1.0
/m/03c602,/people/person/place_of_birth,/m/056_y,1.0,1.0
/m/02lfns,/people/person/profession,/m/02hrh1q,1.0,1.0
/m/024dw0,/people/person/spouse_s./people/marriage/type_of_union,/m/04ztj,1.0,1.0
/m/03q43g,/people/person/spouse_s./people/marriage/type_of_union,/m/04ztj,1.0,1.0
/m/0222qb,/people/ethnicity/people,/m/030pr,1.0,1.0
/m/047hpm,/people/person/place_of_birth,/m/030qb3t,1.0,1.0
/m/01x1cn2,/people/person/spouse_s./people/marriage/spouse,/m/02v406,1.0,1.0
/m/01vrnsk,/people/person/profession,/m/02hrh1q,1.0,1.0
/m/048wrb,/people/person/profession,/m/02krf9,1.0,1.0
/m/041rx,/people/ethnicity/people,/m/032w8h,1.0,1.0
/m/02ctzb,/people/ethnicity/people,/m/03hbzj,1.0,1.0
/m/02lt8,/people/person/places_lived./people/place_lived/location,/m/05k7sb,1.0,1.0
/m/02ldv0,/people/person/profession,/m/02hrh1q,1.0,1.0
/m/04kr63w,/people/person/places_lived./people/place_lived/location,/m/030qb3t,1.0,1.0
/m/01wqpnm,/people/person/profession,/m/02hrh1q,1.0,1.0
/m/04fcx7,/people/person/spouse_s./people/marriage/type_of_union,/m/04ztj,1.0,1.0
/m/04yj5z,/people/person/spouse_s./people/marriage/type_of_union,/m/04ztj,1.0,1.0
/m/02xbw2,/people/person/spouse_s./people/marriage/type_of_union,/m/04ztj,1.0,1.0
/m/03c7ln,/people/person/profession,/m/02tx6q,1.0,1.0
/m/041rx,/people/ethnicity/people,/m/03p9hl,1.0,1.0
/m/03h_9lg,/people/person/spouse_s./people/marriage/type_of_union,/m/04ztj,1.0,1.0
/m/02kxbx3,/people/person/spouse_s./people/marriage/type_of_union,/m/04ztj,1.0,1.0
/m/04xbr4,/people/person/spouse_s./people/marriage/type_of_union,/m/04ztj,1.0,1.0
/m/02vy5j,/people/person/spouse_s./people/marriage/spouse,/m/02g0rb,1.0,1.0
/m/01y_px,/people/person/profession,/m/02hrh1q,1.0,1.0
/m/02pby8,/people/person/profession,/m/03gjzk,1.0,1.0
/m/05hj_k,/people/person/spouse_s./people/marriage/type_of_union,/m/04ztj,1.0,1.0
/m/03f22dp,/people/deceased_person/place_of_death,/m/04vmp,1.0,1.0
/m/03kbb8,/people/person/languages,/m/02h40lc,1.0,1.0
/m/0436kgz,/people/person/spouse_s./people/marriage/location_of_ceremony,/m/04jpl,1.0,1.0
/m/03pp73,/people/person/profession,/m/02hrh1q,1.0,1.0
/m/02qwg,/people/person/profession,/m/03gjzk,1.0,1.0
/m/03wdsbz,/people/person/profession,/m/02pjxr,1.0,1.0
/m/01x2tm8,/people/person/spouse_s./people/marriage/type_of_union,/m/04ztj,1.0,1.0
/m/0222qb,/people/ethnicity/people,/m/01tt43d,1.0,1.0
/m/02fx3c,/people/person/places_lived./people/place_lived/location,/m/030qb3t,1.0,1.0
/m/02h761,/people/person/nationality,/m/02jx1,1.0,1.0
/m/04205z,/people/person/places_lived./people/place_lived/location,/m/030qb3t,1.0,1.0
/m/02wyc0,/people/person/places_lived./people/place_lived/location,/m/04vmp,1.0,1.0
/m/030tj5,/people/person/profession,/m/03gjzk,1.0,1.0
/m/01vv6xv,/people/person/profession,/m/039v1,1.0,1.0
/m/02y0js,/people/cause_of_death/people,/m/03_lf,1.0,1.0
/m/05cljf,/people/person/spouse_s./people/marriage/type_of_union,/m/04ztj,1.0,1.0
/m/04wp3s,/people/person/profession,/m/02hrh1q,1.0,1.0
/m/029rk,/people/person/profession,/m/04s2z,1.0,1.0
/m/02h0f3,/people/deceased_person/place_of_death,/m/030qb3t,1.0,1.0
/m/03zrp,/people/person/places_lived./people/place_lived/location,/m/02_286,1.0,1.0
/m/01vs4f3,/people/person/profession,/m/039v1,1.0,1.0
/m/04vcdj,/people/person/profession,/m/02hrh1q,1.0,1.0
/m/01w524f,/people/person/place_of_birth,/m/052bw,1.0,1.0
/m/02g7sp,/people/ethnicity/people,/m/03bnv,1.0,1.0
/m/01v80y,/people/person/profession,/m/03gjzk,1.0,1.0
/m/03f2_rc,/people/person/spouse_s./people/marriage/type_of_union,/m/04ztj,1.0,1.0
/m/027jq2,/people/person/spouse_s./people/marriage/type_of_union,/m/04ztj,1.0,1.0
/m/03bpn6,/people/person/profession,/m/02hrh1q,1.0,1.0
/m/01ts_3,/people/person/nationality,/m/03rt9,1.0,1.0
/m/03cxsvl,/people/person/religion,/m/03_gx,1.0,1.0
/m/034cj9,/people/person/profession,/m/02hrh1q,1.0,1.0
/m/02_wxh,/people/person/spouse_s./people/marriage/type_of_union,/m/04ztj,1.0,1.0
/m/02x8s9,/people/person/spouse_s./people/marriage/type_of_union,/m/04ztj,1.0,1.0
/m/02xgdv,/people/person/languages,/m/03k50,1.0,1.0
/m/04zd4m,/people/deceased_person/place_of_death,/m/059rby,1.0,1.0
/m/033cw,/people/person/spouse_s./people/marriage/type_of_union,/m/04ztj,1.0,1.0
/m/02l0xc,/people/person/place_of_birth,/m/02h98sm,1.0,1.0
/m/05dxl5,/people/person/profession,/m/02hrh1q,1.0,1.0
/m/033tf_,/people/ethnicity/people,/m/01ttg5,1.0,1.0
/m/044prt,/people/person/spouse_s./people/marriage/type_of_union,/m/04ztj,1.0,1.0
/m/041rx,/people/ethnicity/people,/m/027l0b,1.0,1.0
/m/01y_px,/people/person/places_lived./people/place_lived/location,/m/02_286,1.0,1.0
/m/02t_8z,/people/person/profession,/m/03gjzk,1.0,1.0
/m/03bxsw,/people/person/profession,/m/02hrh1q,1.0,1.0
/m/04mg6l,/people/person/place_of_birth,/m/02_286,1.0,1.0
/m/021yc7p,/people/person/place_of_birth,/m/030qb3t,1.0,1.0
/m/04_1nk,/people/person/profession,/m/02ynfr,1.0,1.0
/m/04xjp,/people/person/places_lived./people/place_lived/location,/m/056_y,1.0,1.0
/m/05b_7n,/people/person/profession,/m/02hrh1q,1.0,1.0
/m/026zvx7,/people/person/profession,/m/02hrh1q,1.0,1.0
/m/02y_2y,/people/person/profession,/m/02hrh1q,1.0,1.0
/m/03s2dj,/people/person/profession,/m/03gjzk,1.0,1.0
/m/02bxjp,/people/person/nationality,/m/03_3d,1.0,1.0
/m/0274ck,/people/person/spouse_s./people/marriage/type_of_union,/m/04ztj,1.0,1.0
/m/04z_x4v,/people/person/place_of_birth,/m/04swd,1.0,1.0
/m/02qhm3,/people/person/profession,/m/02hrh1q,1.0,1.0
/m/03x400,/people/person/spouse_s./people/marriage/spouse,/m/023mdt,1.0,1.0
/m/026ps1,/people/person/gender,/m/02zsn,1.0,1.0
/m/04qz6n,/people/person/profession,/m/02krf9,1.0,1.0
/m/04zwtdy,/people/person/spouse_s./people/marriage/type_of_union,/m/04ztj,1.0,1.0
/m/025_ql1,/people/person/profession,/m/02jknp,1.0,1.0
/m/0277470,/people/person/spouse_s./people/marriage/type_of_union,/m/04ztj,1.0,1.0
/m/02qzjj,/people/person/profession,/m/02jknp,1.0,1.0
/m/03rgvr,/people/person/nationality,/m/02jx1,1.0,1.0
/m/01vttb9,/people/person/spouse_s./people/marriage/type_of_union,/m/04ztj,1.0,1.0
/m/027t8fw,/people/person/profession,/m/02jknp,1.0,1.0
/m/040981l,/people/person/profession,/m/02hrh1q,1.0,1.0
/m/02jg92,/people/person/places_lived./people/place_lived/location,/m/05jbn,1.0,1.0
/m/02f8lw,/people/person/spouse_s./people/marriage/type_of_union,/m/04ztj,1.0,1.0
/m/02bfmn,/people/person/spouse_s./people/marriage/type_of_union,/m/04ztj,1.0,1.0
/m/03cd1q,/people/deceased_person/place_of_death,/m/059rby,1.0,1.0
/m/058nh2,/people/person/spouse_s./people/marriage/type_of_union,/m/04ztj,1.0,1.0
/m/026r8q,/people/person/profession,/m/02hrh1q,1.0,1.0
/m/05dbf,/people/person/places_lived./people/place_lived/location,/m/05jbn,1.0,1.0
/m/0266r6h,/people/person/gender,/m/02zsn,1.0,1.0
/m/02t_y3,/people/person/spouse_s./people/marriage/type_of_union,/m/04ztj,1.0,1.0
/m/02p5hf,/people/person/spouse_s./people/marriage/type_of_union,/m/04ztj,1.0,1.0
/m/01z5tr,/people/person/spouse_s./people/marriage/type_of_union,/m/04ztj,1.0,1.0
/m/041jlr,/people/person/places_lived./people/place_lived/location,/m/02h6_6p,1.0,1.0
/m/01tspc6,/people/person/profession,/m/02hrh1q,1.0,1.0
/m/026zvx7,/people/person/places_lived./people/place_lived/location,/m/030qb3t,1.0,1.0
/m/03v40v,/people/person/profession,/m/02krf9,1.0,1.0
/m/02mpb,/people/deceased_person/place_of_burial,/m/0281rb,1.0,1.0
/m/041rx,/people/ethnicity/people,/m/041b4j,1.0,1.0
/m/04j_gs,/people/person/profession,/m/03gjzk,1.0,1.0
/m/0517bc,/people/person/profession,/m/02hrh1q,1.0,1.0
/m/023t0q,/people/person/profession,/m/01xy5l_,1.0,1.0
/m/02k4gv,/people/person/profession,/m/02hrh1q,1.0,1.0
/m/02js6_,/people/person/places_lived./people/place_lived/location,/m/030qb3t,1.0,1.0
/m/023n39,/people/person/languages,/m/02h40lc,1.0,1.0
/m/023w9s,/people/deceased_person/place_of_death,/m/02_286,1.0,1.0
/m/02bgmr,/people/person/profession,/m/039v1,1.0,1.0
/m/058kqy,/people/person/places_lived./people/place_lived/location,/m/030qb3t,1.0,1.0
/m/052hl,/people/person/profession,/m/02hrh1q,1.0,1.0
/m/03_2y,/people/person/places_lived./people/place_lived/location,/m/027l4q,1.0,1.0
/m/02b25y,/people/person/nationality,/m/03rjj,1.0,1.0
/m/039bpc,/people/person/languages,/m/02h40lc,1.0,1.0
/m/03fvqg,/people/person/spouse_s./people/marriage/type_of_union,/m/04ztj,1.0,1.0
/m/03359d,/people/person/spouse_s./people/marriage/type_of_union,/m/04ztj,1.0,1.0
/m/02qnhk1,/people/person/profession,/m/02hrh1q,1.0,1.0
/m/02qsjt,/people/person/spouse_s./people/marriage/type_of_union,/m/04ztj,1.0,1.0
/m/01wz01,/people/person/places_lived./people/place_lived/location,/m/01x73,1.0,1.0
/m/02tr7d,/people/person/gender,/m/02zsn,1.0,1.0
/m/01vz0g4,/people/deceased_person/place_of_death,/m/030qb3t,1.0,1.0
/m/0292l3,/people/person/place_of_birth,/m/02p3my,1.0,1.0
/m/058frd,/people/person/spouse_s./people/marriage/type_of_union,/m/04ztj,1.0,1.0
/m/03d_w3h,/people/person/places_lived./people/place_lived/location,/m/059rby,1.0,1.0
/m/0203v,/people/person/spouse_s./people/marriage/type_of_union,/m/04ztj,1.0,1.0
/m/02v60l,/people/person/profession,/m/03gjzk,1.0,1.0
/m/02784z,/people/deceased_person/place_of_death,/m/04jpl,1.0,1.0
/m/0277470,/people/person/profession,/m/03gjzk,1.0,1.0
/m/01xhh5,/people/ethnicity/people,/m/02y9ln,1.0,1.0
/m/0513yzt,/people/person/gender,/m/02zsn,1.0,1.0
/m/021r6w,/people/person/spouse_s./people/marriage/type_of_union,/m/04ztj,1.0,1.0
/m/03f2_rc,/people/person/profession,/m/03gjzk,1.0,1.0
/m/026v437,/people/person/place_of_birth,/m/02_286,1.0,1.0
/m/04__f,/people/person/spouse_s./people/marriage/type_of_union,/m/04ztj,1.0,1.0
/m/03f22dp,/people/person/religion,/m/03j6c,1.0,1.0
/m/02tn0_,/people/person/nationality,/m/02jx1,1.0,1.0
/m/01vvyc_,/people/person/places_lived./people/place_lived/location,/m/04n3l,1.0,1.0
/m/036jb,/people/person/profession,/m/02hrh1q,1.0,1.0
/m/042q3,/people/person/places_lived./people/place_lived/location,/m/02z0j,1.0,1.0
/m/04n7njg,/people/person/spouse_s./people/marriage/type_of_union,/m/04ztj,1.0,1.0
/m/03c5bz,/people/person/places_lived./people/place_lived/location,/m/05fkf,1.0,1.0
/m/026l37,/people/person/profession,/m/03gjzk,1.0,1.0
/m/041xl,/people/person/spouse_s./people/marriage/type_of_union,/m/04ztj,1.0,1.0
/m/03hpr,/people/person/profession,/m/02hrh1q,1.0,1.0
/m/04xbr4,/people/person/profession,/m/02hrh1q,1.0,1.0
/m/03_dj,/people/person/spouse_s./people/marriage/type_of_union,/m/04ztj,1.0,1.0
/m/03x31g,/people/person/languages,/m/03k50,1.0,1.0
/m/03fw60,/people/person/profession,/m/02hrh1q,1.0,1.0
/m/02rrsz,/people/person/profession,/m/02hrh1q,1.0,1.0
/m/029ql,/people/person/spouse_s./people/marriage/type_of_union,/m/04ztj,1.0,1.0
/m/01ycbq,/people/person/profession,/m/02hrh1q,1.0,1.0
/m/02xc1w4,/people/person/spouse_s./people/marriage/type_of_union,/m/04ztj,1.0,1.0
/m/026dx,/people/person/profession,/m/02jknp,1.0,1.0
/m/0356dp,/people/person/nationality,/m/02jx1,1.0,1.0
/m/03gm48,/people/person/profession,/m/02jknp,1.0,1.0
/m/032md,/people/person/spouse_s./people/marriage/type_of_union,/m/04ztj,1.0,1.0
/m/02yplc,/people/person/spouse_s./people/marriage/type_of_union,/m/04ztj,1.0,1.0
/m/01zp33,/people/person/religion,/m/03j6c,1.0,1.0
/m/02qwg,/people/person/spouse_s./people/marriage/type_of_union,/m/04ztj,1.0,1.0
/m/02sjf5,/people/person/profession,/m/02hrh1q,1.0,1.0
/m/04l3_z,/people/person/profession,/m/03gjzk,1.0,1.0
/m/02sh8y,/people/person/places_lived./people/place_lived/location,/m/02_286,1.0,1.0
/m/02_2v2,/people/person/profession,/m/02hrh1q,1.0,1.0
/m/032zg9,/people/person/places_lived./people/place_lived/location,/m/030qb3t,1.0,1.0
/m/025jbj,/people/person/spouse_s./people/marriage/type_of_union,/m/04ztj,1.0,1.0
/m/01w923,/people/person/nationality,/m/02jx1,1.0,1.0
/m/054fvj,/people/person/places_lived./people/place_lived/location,/m/0498y,1.0,1.0
/m/03_wpf,/people/person/gender,/m/02zsn,1.0,1.0
/m/02k6rq,/people/person/spouse_s./people/marriage/type_of_union,/m/04ztj,1.0,1.0
/m/05ggt_,/people/person/gender,/m/02zsn,1.0,1.0
/m/02znwv,/people/person/profession,/m/02jknp,1.0,1.0
/m/0347xl,/people/person/places_lived./people/place_lived/location,/m/01x73,1.0,1.0
/m/03c_pqj,/people/person/profession,/m/02jknp,1.0,1.0
/m/041rx,/people/ethnicity/people,/m/02h761,1.0,1.0
/m/026r8q,/people/person/profession,/m/02jknp,1.0,1.0
/m/036jp8,/people/person/profession,/m/02hrh1q,1.0,1.0
/m/04h07s,/people/person/languages,/m/02h40lc,1.0,1.0
/m/0392kz,/people/person/gender,/m/02zsn,1.0,1.0
/m/01vsl3_,/people/person/profession,/m/02jknp,1.0,1.0
/m/03x16f,/people/person/gender,/m/02zsn,1.0,1.0
/m/026gb3v,/people/person/profession,/m/03gjzk,1.0,1.0
/m/02y0js,/people/cause_of_death/people,/m/02t0n9,1.0,1.0
/m/04gvt5,/people/person/place_of_birth,/m/02_286,1.0,1.0
/m/044k8,/people/person/gender,/m/02zsn,1.0,1.0
/m/055c8,/people/person/places_lived./people/place_lived/location,/m/03b12,1.0,1.0
/m/02_l96,/people/person/profession,/m/02hrh1q,1.0,1.0
/m/02sdx,/people/person/employment_history./business/employment_tenure/company,/m/04jr87,1.0,1.0
/m/02wd48,/people/person/profession,/m/03gjzk,1.0,1.0
/m/03n6r,/people/person/languages,/m/02h40lc,1.0,1.0
/m/01yg9y,/people/person/gender,/m/02zsn,1.0,1.0
/m/0432cd,/people/person/spouse_s./people/marriage/type_of_union,/m/04ztj,1.0,1.0
/m/02k6hp,/people/cause_of_death/people,/m/03_0p,1.0,1.0
/m/02w7gg,/people/ethnicity/people,/m/05cj4r,1.0,1.0
/m/047s_cr,/people/person/nationality,/m/03rk0,1.0,1.0
/m/02rxbmt,/people/person/profession,/m/02hrh1q,1.0,1.0
/m/05b1062,/people/person/profession,/m/02jknp,1.0,1.0
/m/0274ck,/people/person/profession,/m/039v1,1.0,1.0
/m/02_0d2,/people/person/profession,/m/03gjzk,1.0,1.0
/m/05_6_y,/people/person/nationality,/m/05bcl,1.0,1.0
/m/02qwg,/people/person/languages,/m/02h40lc,1.0,1.0
/m/0241wg,/people/person/languages,/m/03k50,1.0,1.0
/m/01tspc6,/people/person/places_lived./people/place_lived/location,/m/04jpl,1.0,1.0
/m/03hh89,/people/person/places_lived./people/place_lived/location,/m/04jpl,1.0,1.0
/m/02lfcm,/people/person/profession,/m/02hrh1q,1.0,1.0
/m/03lmx1,/people/ethnicity/people,/m/031k24,1.0,1.0
/m/01v3bn,/people/person/profession,/m/02hrh1q,1.0,1.0
/m/03f1zhf,/people/person/languages,/m/03hkp,1.0,1.0
/m/024jwt,/people/person/profession,/m/02hrh1q,1.0,1.0
/m/021r6w,/people/person/profession,/m/02jknp,1.0,1.0
/m/02gvwz,/people/person/spouse_s./people/marriage/type_of_union,/m/04ztj,1.0,1.0
/m/02ld6x,/people/person/profession,/m/02jknp,1.0,1.0
/m/01vsl3_,/people/deceased_person/place_of_death,/m/02_286,1.0,1.0
/m/0244r8,/people/person/gender,/m/02zsn,1.0,1.0
/m/044pqn,/people/person/religion,/m/03j6c,1.0,1.0
/m/02jg92,/people/person/spouse_s./people/marriage/spouse,/m/01vtj38,1.0,1.0
/m/02wb6d,/people/person/religion,/m/03_gx,1.0,1.0
/m/044lyq,/people/person/profession,/m/02hrh1q,1.0,1.0
/m/027zz,/people/person/profession,/m/02hrh1q,1.0,1.0
/m/0285c,/people/person/profession,/m/039v1,1.0,1.0
/m/02sjp,/people/person/nationality,/m/03rjj,1.0,1.0
/m/03nqbvz,/people/person/profession,/m/02jknp,1.0,1.0
/m/02c7lt,/people/person/gender,/m/02zsn,1.0,1.0
/m/02y_2y,/people/person/profession,/m/02jknp,1.0,1.0
/m/02tqkf,/people/person/spouse_s./people/marriage/type_of_union,/m/04ztj,1.0,1.0
/m/02hy9p,/people/person/places_lived./people/place_lived/location,/m/02_286,1.0,1.0
/m/051x52f,/people/person/spouse_s./people/marriage/type_of_union,/m/04ztj,1.0,1.0
/m/02k6hp,/people/cause_of_death/people,/m/04zn7g,1.0,1.0
/m/01ty4,/people/person/religion,/m/02rsw,1.0,1.0
/m/05683p,/people/person/places_lived./people/place_lived/location,/m/05jbn,1.0,1.0
/m/02z1yj,/people/person/profession,/m/02hrh1q,1.0,1.0
/m/01wmcbg,/people/person/spouse_s./people/marriage/type_of_union,/m/04ztj,1.0,1.0
/m/022q32,/people/person/spouse_s./people/marriage/spouse,/m/02r3cn,1.0,1.0
/m/02jq1,/people/person/profession,/m/02hrh1q,1.0,1.0
/m/03qjlz,/people/deceased_person/place_of_death,/m/030qb3t,1.0,1.0
/m/05dxl_,/people/person/profession,/m/02jknp,1.0,1.0
/m/03bkbh,/people/ethnicity/people,/m/01vzxmq,1.0,1.0
/m/01vtj38,/people/person/profession,/m/02hrh1q,1.0,1.0
/m/02lfcm,/people/person/spouse_s./people/marriage/type_of_union,/m/04ztj,1.0,1.0
/m/02w7gg,/people/ethnicity/people,/m/02l4rh,1.0,1.0
/m/02pby8,/people/person/profession,/m/02hrh1q,1.0,1.0
/m/02x_h0,/people/person/profession,/m/02hrh1q,1.0,1.0
/m/01wkmgb,/people/person/profession,/m/02jknp,1.0,1.0
/m/049468,/people/person/nationality,/m/03rk0,1.0,1.0
/m/01vzz1c,/people/person/nationality,/m/03rk0,1.0,1.0
/m/037s5h,/people/person/places_lived./people/place_lived/location,/m/030qb3t,1.0,1.0
/m/059_gf,/people/person/spouse_s./people/marriage/type_of_union,/m/04ztj,1.0,1.0
/m/03hltjb,/people/person/nationality,/m/02jx1,1.0,1.0
/m/03tdlh,/people/person/profession,/m/02hrh1q,1.0,1.0
/m/01z5tr,/people/person/profession,/m/03gjzk,1.0,1.0
/m/02wrrm,/people/person/place_of_birth,/m/02_286,1.0,1.0
/m/02n9k,/people/person/languages,/m/02h40lc,1.0,1.0
/m/03z0l6,/people/person/nationality,/m/02jx1,1.0,1.0
/m/02n1gr,/people/person/religion,/m/03j6c,1.0,1.0
/m/023n39,/people/person/places_lived./people/place_lived/location,/m/02_286,1.0,1.0
/m/03kbr,/people/ethnicity/people,/m/01zp33,1.0,1.0
/m/02r34n,/people/person/spouse_s./people/marriage/type_of_union,/m/04ztj,1.0,1.0
/m/02ln1,/people/person/nationality,/m/0345h,1.0,1.0
/m/03k7bd,/people/person/profession,/m/02hrh1q,1.0,1.0
/m/022q32,/people/person/spouse_s./people/marriage/type_of_union,/m/04ztj,1.0,1.0
/m/03j9ml,/people/person/gender,/m/02zsn,1.0,1.0
/m/03ts0c,/people/ethnicity/people,/m/01vvy,1.0,1.0
/m/0421st,/people/person/profession,/m/03gjzk,1.0,1.0
/m/022fdt,/people/ethnicity/people,/m/0261x8t,1.0,1.0
/m/02f_k_,/people/person/places_lived./people/place_lived/location,/m/030qb3t,1.0,1.0
/m/01w3lzq,/people/person/nationality,/m/02jx1,1.0,1.0
/m/024_vw,/people/person/spouse_s./people/marriage/type_of_union,/m/04ztj,1.0,1.0
/m/03ktjq,/people/person/profession,/m/03gjzk,1.0,1.0
/m/03ywyk,/people/person/profession,/m/02krf9,1.0,1.0
/m/01ty7ll,/people/person/profession,/m/02hrh1q,1.0,1.0
/m/03f70xs,/people/person/spouse_s./people/marriage/type_of_union,/m/04ztj,1.0,1.0
/m/04qp06,/people/person/spouse_s./people/marriage/type_of_union,/m/04ztj,1.0,1.0
/m/01wx756,/people/person/profession,/m/029bkp,1.0,1.0
/m/03hzl42,/people/person/profession,/m/02hrh1q,1.0,1.0
/m/022yb4,/people/person/places_lived./people/place_lived/location,/m/02_286,1.0,1.0
/m/02q42j_,/people/person/profession,/m/03gjzk,1.0,1.0
/m/04ztj,/people/marriage_union_type/unions_of_this_type./people/marriage/location_of_ceremony,/m/048fz,1.0,1.0
/m/02p5hf,/people/person/spouse_s./people/marriage/location_of_ceremony,/m/02h6_6p,1.0,1.0
/m/02mhfy,/people/person/gender,/m/02zsn,1.0,1.0
/m/032xhg,/people/person/profession,/m/02hrh1q,1.0,1.0
/m/041rx,/people/ethnicity/people,/m/01vy_v8,1.0,1.0
/m/02x0bdb,/people/person/place_of_birth,/m/02_286,1.0,1.0
/m/035rnz,/people/person/profession,/m/02hrh1q,1.0,1.0
/m/04xjp,/people/deceased_person/place_of_death,/m/056_y,1.0,1.0
/m/044mvs,/people/person/profession,/m/02hrh1q,1.0,1.0
/m/036c_0,/people/person/profession,/m/02hrh1q,1.0,1.0
/m/0222qb,/people/ethnicity/people,/m/028pzq,1.0,1.0
/m/01wbz9,/people/person/spouse_s./people/marriage/type_of_union,/m/04ztj,1.0,1.0
/m/02knnd,/people/person/profession,/m/02hrh1q,1.0,1.0
/m/041rx,/people/ethnicity/people,/m/02y0yt,1.0,1.0
/m/041rx,/people/ethnicity/people,/m/01y8d4,1.0,1.0
/m/03pm9,/people/person/profession,/m/02hv44_,1.0,1.0
/m/02_fj,/people/deceased_person/place_of_death,/m/030qb3t,1.0,1.0
/m/02zj61,/people/person/gender,/m/02zsn,1.0,1.0
/m/03hltjb,/people/person/places_lived./people/place_lived/location,/m/04jpl,1.0,1.0
/m/041_y,/people/person/religion,/m/03j6c,1.0,1.0
/m/03ysmg,/people/person/spouse_s./people/marriage/type_of_union,/m/04ztj,1.0,1.0
/m/03d6wsd,/people/person/spouse_s./people/marriage/type_of_union,/m/04ztj,1.0,1.0
/m/03j0d,/people/person/spouse_s./people/marriage/type_of_union,/m/04ztj,1.0,1.0
/m/02y0js,/people/cause_of_death/people,/m/03pm9,1.0,1.0
/m/01wk51,/people/person/spouse_s./people/marriage/spouse,/m/02jxmr,1.0,1.0
/m/03mdw3c,/people/person/gender,/m/02zsn,1.0,1.0
/m/03c6vl,/people/person/spouse_s./people/marriage/type_of_union,/m/04ztj,1.0,1.0
/m/04fhxp,/people/person/religion,/m/04pk9,1.0,1.0
/m/04bcb1,/people/person/places_lived./people/place_lived/location,/m/02_286,1.0,1.0
/m/02k6hp,/people/cause_of_death/people,/m/028rk,1.0,1.0
/m/02tk74,/people/person/places_lived./people/place_lived/location,/m/02_286,1.0,1.0
/m/0335fp,/people/person/spouse_s./people/marriage/type_of_union,/m/04ztj,1.0,1.0
/m/01vsy7t,/people/person/spouse_s./people/marriage/type_of_union,/m/04ztj,1.0,1.0
/m/03f1zhf,/people/person/nationality,/m/03spz,1.0,1.0
/m/041rx,/people/ethnicity/people,/m/039wsf,1.0,1.0
/m/03h3vtz,/people/person/profession,/m/02hrh1q,1.0,1.0
/m/01xdf5,/people/person/profession,/m/02hrh1q,1.0,1.0
/m/01vw26l,/people/person/profession,/m/03gjzk,1.0,1.0
/m/04vlh5,/people/person/place_of_birth,/m/02_286,1.0,1.0
/m/03_87,/people/person/nationality,/m/03rt9,1.0,1.0
/m/024my5,/people/person/profession,/m/02hrh1q,1.0,1.0
/m/0210hf,/people/person/profession,/m/02hrh1q,1.0,1.0
/m/03vgp7,/people/person/profession,/m/02hrh1q,1.0,1.0
/m/01vtqml,/people/person/spouse_s./people/marriage/type_of_union,/m/04ztj,1.0,1.0
/m/027ht3n,/people/person/gender,/m/02zsn,1.0,1.0
/m/02dth1,/people/person/profession,/m/02hrh1q,1.0,1.0
/m/047jhq,/people/person/places_lived./people/place_lived/location,/m/02c7tb,1.0,1.0
/m/03b78r,/people/person/spouse_s./people/marriage/type_of_union,/m/04ztj,1.0,1.0
/m/03lvyj,/people/person/spouse_s./people/marriage/spouse,/m/044mz_,1.0,1.0
/m/045c66,/people/person/spouse_s./people/marriage/type_of_union,/m/04ztj,1.0,1.0
/m/02f8lw,/people/person/gender,/m/02zsn,1.0,1.0
/m/036jp8,/people/person/sibling_s./people/sibling_relationship/sibling,/m/02j4sk,1.0,1.0
/m/02vy5j,/people/person/spouse_s./people/marriage/type_of_union,/m/04ztj,1.0,1.0
/m/026ck,/people/person/spouse_s./people/marriage/type_of_union,/m/04ztj,1.0,1.0
/m/03yf4d,/people/person/spouse_s./people/marriage/type_of_union,/m/04ztj,1.0,1.0
/m/02fn5,/people/person/profession,/m/02hrh1q,1.0,1.0
/m/029_3,/people/person/religion,/m/04pk9,1.0,1.0
/m/020hh3,/people/person/profession,/m/02hrh1q,1.0,1.0
/m/03j24kf,/people/person/profession,/m/039v1,1.0,1.0
/m/02tv80,/people/person/spouse_s./people/marriage/type_of_union,/m/04ztj,1.0,1.0
/m/02qx69,/people/person/gender,/m/02zsn,1.0,1.0
/m/04m_zp,/people/person/profession,/m/03gjzk,1.0,1.0
/m/023sng,/people/person/profession,/m/02jknp,1.0,1.0
/m/02js_6,/people/person/profession,/m/02hrh1q,1.0,1.0
/m/03f47xl,/people/person/spouse_s./people/marriage/type_of_union,/m/04ztj,1.0,1.0
/m/02rgz4,/people/person/nationality,/m/03_3d,1.0,1.0
/m/02l101,/people/person/spouse_s./people/marriage/type_of_union,/m/04ztj,1.0,1.0
/m/045hz5,/people/person/spouse_s./people/marriage/type_of_union,/m/04ztj,1.0,1.0
/m/02yy8,/people/person/spouse_s./people/marriage/spouse,/m/02n9k,1.0,1.0
/m/02756j,/people/person/places_lived./people/place_lived/location,/m/04vmp,1.0,1.0
/m/01vw26l,/people/person/place_of_birth,/m/030qb3t,1.0,1.0
/m/041rx,/people/ethnicity/people,/m/023tp8,1.0,1.0
/m/025jbj,/people/person/profession,/m/02jknp,1.0,1.0
/m/01w0yrc,/people/person/profession,/m/03gjzk,1.0,1.0
/m/0280mv7,/people/person/spouse_s./people/marriage/type_of_union,/m/04ztj,1.0,1.0
/m/03h8_g,/people/person/places_lived./people/place_lived/location,/m/04jpl,1.0,1.0
/m/02xs5v,/people/person/profession,/m/02hrh1q,1.0,1.0
/m/02w7gg,/people/ethnicity/people,/m/02465,1.0,1.0
/m/03_2y,/people/person/spouse_s./people/marriage/type_of_union,/m/04ztj,1.0,1.0
/m/0343h,/people/person/languages,/m/02h40lc,1.0,1.0
/m/03lvyj,/people/person/profession,/m/02hrh1q,1.0,1.0
/m/02v2jy,/people/person/spouse_s./people/marriage/type_of_union,/m/04ztj,1.0,1.0
/m/01w02sy,/people/person/spouse_s./people/marriage/type_of_union,/m/04ztj,1.0,1.0
/m/04jlgp,/people/person/profession,/m/02hrh1q,1.0,1.0
/m/03bkbh,/people/ethnicity/languages_spoken,/m/02h40lc,1.0,1.0
/m/03f70xs,/people/deceased_person/place_of_death,/m/04jpl,1.0,1.0
/m/05dtsb,/people/person/spouse_s./people/marriage/type_of_union,/m/04ztj,1.0,1.0
/m/04j0s3,/people/person/profession,/m/02hrh1q,1.0,1.0
/m/041rx,/people/ethnicity/people,/m/020trj,1.0,1.0
/m/03ydry,/people/person/gender,/m/02zsn,1.0,1.0
/m/02h761,/people/person/spouse_s./people/marriage/type_of_union,/m/04ztj,1.0,1.0
/m/01x0yrt,/people/person/spouse_s./people/marriage/type_of_union,/m/04ztj,1.0,1.0
/m/02mxw0,/people/person/spouse_s./people/marriage/type_of_union,/m/04ztj,1.0,1.0
/m/03h2d4,/people/person/places_lived./people/place_lived/location,/m/04jpl,1.0,1.0
/m/034hck,/people/person/spouse_s./people/marriage/type_of_union,/m/04ztj,1.0,1.0
/m/02_l96,/people/person/sibling_s./people/sibling_relationship/sibling,/m/030g9z,1.0,1.0
/m/041rx,/people/ethnicity/people,/m/02114t,1.0,1.0
/m/0232lm,/people/person/profession,/m/02hrh1q,1.0,1.0
/m/01vsksr,/people/person/profession,/m/03sbb,1.0,1.0
/m/02rn_bj,/people/person/profession,/m/039v1,1.0,1.0
/m/046zh,/people/person/places_lived./people/place_lived/location,/m/02_286,1.0,1.0
/m/04c636,/people/person/nationality,/m/03rk0,1.0,1.0
/m/02756j,/people/person/nationality,/m/03rk0,1.0,1.0
/m/01wgcvn,/people/person/profession,/m/03gjzk,1.0,1.0
/m/027r8p,/people/person/profession,/m/02hrh1q,1.0,1.0
/m/0239zv,/people/deceased_person/place_of_death,/m/04jpl,1.0,1.0
/m/034rd9,/people/person/profession,/m/02hrh1q,1.0,1.0
/m/0272kv,/people/person/spouse_s./people/marriage/type_of_union,/m/04ztj,1.0,1.0
/m/02g3w,/people/person/religion,/m/04pk9,1.0,1.0
/m/01wd3l,/people/person/profession,/m/02krf9,1.0,1.0
/m/03f3yfj,/people/person/profession,/m/02hrh1q,1.0,1.0
/m/04gfy7,/people/ethnicity/languages_spoken,/m/03k50,1.0,1.0
/m/044pqn,/people/person/spouse_s./people/marriage/type_of_union,/m/04ztj,1.0,1.0
/m/040wdl,/people/person/place_of_birth,/m/04vmp,1.0,1.0
/m/03d0ns,/people/person/spouse_s./people/marriage/type_of_union,/m/04ztj,1.0,1.0
/m/02_01w,/people/person/profession,/m/02hrh1q,1.0,1.0
/m/02v0ff,/people/person/spouse_s./people/marriage/type_of_union,/m/04ztj,1.0,1.0
/m/035482,/people/cause_of_death/people,/m/02vmzp,1.0,1.0
/m/033tf_,/people/ethnicity/people,/m/04wg38,1.0,1.0
/m/01vh18t,/people/person/places_lived./people/place_lived/location,/m/02_286,1.0,1.0
/m/026dd2b,/people/person/profession,/m/02hrh1q,1.0,1.0
/m/03h304l,/people/person/languages,/m/02h40lc,1.0,1.0
/m/0219q,/people/person/profession,/m/02hrh1q,1.0,1.0
/m/01wk51,/people/person/places_lived./people/place_lived/location,/m/02_286,1.0,1.0
/m/03cprft,/people/person/profession,/m/02hrh1q,1.0,1.0
/m/022dp5,/people/ethnicity/people,/m/01z5tr,1.0,1.0
/m/042l3v,/people/person/profession,/m/02hrh1q,1.0,1.0
/m/046m59,/people/person/spouse_s./people/marriage/type_of_union,/m/04ztj,1.0,1.0
/m/03mstc,/people/person/profession,/m/02jknp,1.0,1.0
/m/03lpd0,/people/person/spouse_s./people/marriage/type_of_union,/m/04ztj,1.0,1.0
/m/02778pf,/people/person/gender,/m/02zsn,1.0,1.0
/m/04l19_,/people/person/languages,/m/02h40lc,1.0,1.0
/m/026sb55,/people/person/places_lived./people/place_lived/location,/m/04jpl,1.0,1.0
/m/01ztgm,/people/person/spouse_s./people/marriage/type_of_union,/m/04ztj,1.0,1.0
/m/033tf_,/people/ethnicity/people,/m/033w9g,1.0,1.0
/m/02mz_6,/people/person/profession,/m/02hrh1q,1.0,1.0
/m/04bdzg,/people/person/spouse_s./people/marriage/type_of_union,/m/04ztj,1.0,1.0
/m/03mszl,/people/person/languages,/m/02h40lc,1.0,1.0
/m/02r34n,/people/person/profession,/m/02hrh1q,1.0,1.0
/m/02l_7y,/people/person/places_lived./people/place_lived/location,/m/04jpl,1.0,1.0
/m/043js,/people/person/spouse_s./people/marriage/type_of_union,/m/04ztj,1.0,1.0
/m/030vnj,/people/person/profession,/m/02hrh1q,1.0,1.0
/m/02y0js,/people/cause_of_death/people,/m/01v90t,1.0,1.0
/m/03yf4d,/people/person/profession,/m/03gjzk,1.0,1.0
/m/02x02kb,/people/person/gender,/m/02zsn,1.0,1.0
/m/03kbb8,/people/person/profession,/m/02hrh1q,1.0,1.0
/m/032nwy,/people/deceased_person/place_of_death,/m/02_286,1.0,1.0
/m/03hy3g,/people/person/profession,/m/02jknp,1.0,1.0
/m/032v0v,/people/person/profession,/m/02jknp,1.0,1.0
/m/04psf,/people/cause_of_death/people,/m/032nwy,1.0,1.0
/m/04ztj,/people/marriage_union_type/unions_of_this_type./people/marriage/location_of_ceremony,/m/05d49,1.0,1.0
/m/02d6cy,/people/person/profession,/m/02jknp,1.0,1.0
/m/03cdg,/people/person/nationality,/m/03rt9,1.0,1.0
/m/02f1c,/people/person/gender,/m/02zsn,1.0,1.0
/m/048z7l,/people/ethnicity/people,/m/023mdt,1.0,1.0
/m/02d42t,/people/person/nationality,/m/02jx1,1.0,1.0
/m/02rn_bj,/people/person/places_lived./people/place_lived/location,/m/02_286,1.0,1.0
/m/01wttr1,/people/person/spouse_s./people/marriage/type_of_union,/m/04ztj,1.0,1.0
/m/048wrb,/people/person/profession,/m/03gjzk,1.0,1.0
/m/02h8hr,/people/person/places_lived./people/place_lived/location,/m/02lf_x,1.0,1.0
/m/050zr4,/people/person/gender,/m/02zsn,1.0,1.0
/m/022yb4,/people/person/spouse_s./people/marriage/type_of_union,/m/04ztj,1.0,1.0
/m/02lgj6,/people/person/profession,/m/02hrh1q,1.0,1.0
/m/041rx,/people/ethnicity/people,/m/02_j8x,1.0,1.0
/m/01vvb4m,/people/person/spouse_s./people/marriage/location_of_ceremony,/m/03gh4,1.0,1.0
/m/02vmzp,/people/person/religion,/m/03j6c,1.0,1.0
/m/031y07,/people/deceased_person/place_of_death,/m/04jpl,1.0,1.0
/m/057176,/people/person/places_lived./people/place_lived/location,/m/02_286,1.0,1.0
/m/04xm_,/people/person/spouse_s./people/marriage/type_of_union,/m/04ztj,1.0,1.0
/m/046zh,/people/person/spouse_s./people/marriage/type_of_union,/m/04ztj,1.0,1.0
/m/03lmx1,/people/ethnicity/people,/m/02tr7d,1.0,1.0
/m/033tf_,/people/ethnicity/people,/m/057hz,1.0,1.0
/m/02m92h,/people/person/profession,/m/02jknp,1.0,1.0
/m/02k6hp,/people/cause_of_death/people,/m/03ft8,1.0,1.0
/m/042kbj,/people/person/spouse_s./people/marriage/type_of_union,/m/04ztj,1.0,1.0
/m/03z0l6,/people/person/places_lived./people/place_lived/location,/m/04jpl,1.0,1.0
/m/0408np,/people/person/profession,/m/02hrh1q,1.0,1.0
/m/04fcx7,/people/person/languages,/m/02h40lc,1.0,1.0
/m/04nw9,/people/person/gender,/m/02zsn,1.0,1.0
/m/01zt10,/people/person/languages,/m/02h40lc,1.0,1.0
/m/03p9hl,/people/person/nationality,/m/02jx1,1.0,1.0
/m/02rxbmt,/people/person/places_lived./people/place_lived/location,/m/056_y,1.0,1.0
/m/05f0r8,/people/person/spouse_s./people/marriage/type_of_union,/m/04ztj,1.0,1.0
/m/049l7,/people/person/profession,/m/02krf9,1.0,1.0
/m/02zj61,/people/person/profession,/m/025352,1.0,1.0
/m/0210hf,/people/person/profession,/m/02krf9,1.0,1.0
/m/020_4z,/people/person/profession,/m/039v1,1.0,1.0
/m/045931,/people/person/profession,/m/02hrh1q,1.0,1.0
/m/02w7gg,/people/ethnicity/people,/m/01wk7ql,1.0,1.0
/m/01z_g6,/people/person/languages,/m/02h40lc,1.0,1.0
/m/02z2xdf,/people/person/profession,/m/03gjzk,1.0,1.0
/m/02zq43,/people/person/languages,/m/02h40lc,1.0,1.0
/m/02qvhbb,/people/person/nationality,/m/03rk0,1.0,1.0
/m/05kwx2,/people/person/places_lived./people/place_lived/location,/m/04jpl,1.0,1.0
/m/02hhtj,/people/person/languages,/m/02h40lc,1.0,1.0
/m/01vsy3q,/people/person/profession,/m/039v1,1.0,1.0
/m/03hhd3,/people/person/places_lived./people/place_lived/location,/m/02_286,1.0,1.0
/m/05_k56,/people/person/profession,/m/02jknp,1.0,1.0
/m/04328m,/people/person/languages,/m/03k50,1.0,1.0
/m/02mxw0,/people/person/places_lived./people/place_lived/location,/m/0498y,1.0,1.0
/m/04ztj,/people/marriage_union_type/unions_of_this_type./people/marriage/location_of_ceremony,/m/01wx74,1.0,1.0
/m/033tf_,/people/ethnicity/people,/m/02cg2v,1.0,1.0
/m/032q8q,/people/person/spouse_s./people/marriage/type_of_union,/m/04ztj,1.0,1.0
/m/01vsqvs,/people/person/places_lived./people/place_lived/location,/m/02_286,1.0,1.0
/m/0253b6,/people/person/gender,/m/02zsn,1.0,1.0
/m/02d9k,/people/person/spouse_s./people/marriage/type_of_union,/m/04ztj,1.0,1.0
/m/02qjj7,/people/person/languages,/m/02h40lc,1.0,1.0
/m/05g7q,/people/person/spouse_s./people/marriage/type_of_union,/m/04ztj,1.0,1.0
/m/05cl2w,/people/person/profession,/m/02hrh1q,1.0,1.0
/m/02q5xsx,/people/person/place_of_birth,/m/030qb3t,1.0,1.0
/m/02lk95,/people/person/places_lived./people/place_lived/location,/m/04ly1,1.0,1.0
/m/03zqc1,/people/person/spouse_s./people/marriage/spouse,/m/023kzp,1.0,1.0
/m/029ghl,/people/person/gender,/m/02zsn,1.0,1.0
/m/04rg6,/people/person/profession,/m/02jknp,1.0,1.0
/m/03bx_5q,/people/person/profession,/m/03gjzk,1.0,1.0
/m/0415svh,/people/person/place_of_birth,/m/030qb3t,1.0,1.0
/m/02jr26,/people/person/spouse_s./people/marriage/type_of_union,/m/04ztj,1.0,1.0
/m/0432mrk,/people/ethnicity/people,/m/04n2vgk,1.0,1.0
/m/02l_7y,/people/person/profession,/m/039v1,1.0,1.0
/m/033jj1,/people/person/profession,/m/02hrh1q,1.0,1.0
/m/02g0rb,/people/person/spouse_s./people/marriage/location_of_ceremony,/m/04jpl,1.0,1.0
/m/0284gcb,/people/person/profession,/m/03gjzk,1.0,1.0
/m/027km64,/people/person/profession,/m/02hrh1q,1.0,1.0
/m/02wk4d,/people/person/profession,/m/02hrh1q,1.0,1.0
/m/041jlr,/people/person/nationality,/m/0345h,1.0,1.0
/m/046mxj,/people/person/places_lived./people/place_lived/location,/m/030qb3t,1.0,1.0
/m/040nwr,/people/person/languages,/m/02hxcvy,1.0,1.0
/m/02q5xsx,/people/person/profession,/m/03gjzk,1.0,1.0
/m/02w7gg,/people/ethnicity/people,/m/01w8sf,1.0,1.0
/m/03d1y3,/people/person/profession,/m/02jknp,1.0,1.0
/m/032wdd,/people/person/profession,/m/02hrh1q,1.0,1.0
/m/036qs_,/people/person/spouse_s./people/marriage/type_of_union,/m/04ztj,1.0,1.0
/m/021bk,/people/person/languages,/m/02h40lc,1.0,1.0
/m/023kzp,/people/person/profession,/m/02hrh1q,1.0,1.0
/m/01vsy7t,/people/person/profession,/m/025352,1.0,1.0
/m/01x2_q,/people/person/nationality,/m/0345h,1.0,1.0
/m/02r38,/people/person/nationality,/m/02jx1,1.0,1.0
/m/021wpb,/people/person/profession,/m/021wpb,1.0,1.0
/m/05drr9,/people/person/profession,/m/02hrh1q,1.0,1.0
/m/02d42t,/people/person/profession,/m/02hrh1q,1.0,1.0
/m/04jzj,/people/person/profession,/m/04s2z,1.0,1.0
/m/03lpd0,/people/person/profession,/m/02hrh1q,1.0,1.0
/m/02nb2s,/people/person/profession,/m/02hrh1q,1.0,1.0
/m/03vrnh,/people/person/languages,/m/02h40lc,1.0,1.0
/m/01vxlbm,/people/person/gender,/m/02zsn,1.0,1.0
/m/04g9sq,/people/person/spouse_s./people/marriage/type_of_union,/m/04ztj,1.0,1.0
/m/051y1hd,/people/person/nationality,/m/03_r3,1.0,1.0
/m/04shbh,/people/person/places_lived./people/place_lived/location,/m/04lh6,1.0,1.0
/m/04bcb1,/people/deceased_person/place_of_death,/m/030qb3t,1.0,1.0
/m/02w0dc0,/people/person/profession,/m/026sdt1,1.0,1.0
/m/0347db,/people/person/languages,/m/02h40lc,1.0,1.0
/m/02p59ry,/people/person/place_of_birth,/m/03h64,1.0,1.0
/m/02_n5d,/people/person/profession,/m/02hrh1q,1.0,1.0
/m/04ztj,/people/marriage_union_type/unions_of_this_type./people/marriage/location_of_ceremony,/m/01v15f,1.0,1.0
/m/02xfj0,/people/person/places_lived./people/place_lived/location,/m/030qb3t,1.0,1.0
/m/032l1,/people/person/spouse_s./people/marriage/type_of_union,/m/04ztj,1.0,1.0
/m/02xwq9,/people/person/profession,/m/02hrh1q,1.0,1.0
/m/02m501,/people/person/places_lived./people/place_lived/location,/m/059rby,1.0,1.0
/m/04t2l2,/people/person/profession,/m/02krf9,1.0,1.0
/m/03h2d4,/people/person/place_of_birth,/m/04jpl,1.0,1.0
/m/03zg2x,/people/person/gender,/m/02zsn,1.0,1.0
/m/02lk1s,/people/person/place_of_birth,/m/02_286,1.0,1.0
/m/0448r,/people/person/languages,/m/02bjrlw,1.0,1.0
/m/03m8lq,/people/person/languages,/m/02h40lc,1.0,1.0
/m/01vsps,/people/person/places_lived./people/place_lived/location,/m/04jpl,1.0,1.0
/m/03j149k,/people/person/profession,/m/04j5jl,1.0,1.0
/m/025n3p,/people/person/places_lived./people/place_lived/location,/m/030qb3t,1.0,1.0
/m/05jjl,/people/person/religion,/m/03_gx,1.0,1.0
/m/02g7sp,/people/ethnicity/people,/m/038rzr,1.0,1.0
/m/03xl77,/people/person/profession,/m/02hrh1q,1.0,1.0
/m/02t0n9,/people/person/profession,/m/02hrh1q,1.0,1.0
/m/03nyts,/people/person/languages,/m/03_9r,1.0,1.0
/m/02zhkz,/people/person/spouse_s./people/marriage/type_of_union,/m/04ztj,1.0,1.0
/m/05bnp0,/people/person/profession,/m/02hrh1q,1.0,1.0
/m/02_33l,/people/deceased_person/place_of_death,/m/030qb3t,1.0,1.0
/m/01vh18t,/people/person/profession,/m/02hrh1q,1.0,1.0
/m/04bd8y,/people/person/profession,/m/02hrh1q,1.0,1.0
/m/02lfns,/people/person/spouse_s./people/marriage/type_of_union,/m/04ztj,1.0,1.0
/m/04m064,/people/person/spouse_s./people/marriage/type_of_union,/m/04ztj,1.0,1.0
/m/04zn7g,/people/person/place_of_birth,/m/030qb3t,1.0,1.0
/m/027vps,/people/person/spouse_s./people/marriage/type_of_union,/m/04ztj,1.0,1.0
/m/03_6y,/people/person/profession,/m/02hrh1q,1.0,1.0
/m/03h_fk5,/people/person/profession,/m/02hrh1q,1.0,1.0
/m/047hpm,/people/person/profession,/m/02hrh1q,1.0,1.0
/m/04xhwn,/people/person/languages,/m/02h40lc,1.0,1.0
/m/01w9ph_,/people/person/places_lived./people/place_lived/location,/m/02xry,1.0,1.0
/m/04wtx1,/people/person/gender,/m/02zsn,1.0,1.0
/m/026v437,/people/person/gender,/m/02zsn,1.0,1.0
/m/02rk45,/people/person/spouse_s./people/marriage/spouse,/m/02vtnf,1.0,1.0
/m/023kzp,/people/person/places_lived./people/place_lived/location,/m/02_286,1.0,1.0
/m/03mszl,/people/person/place_of_birth,/m/02_286,1.0,1.0
/m/03zqc1,/people/person/spouse_s./people/marriage/type_of_union,/m/04ztj,1.0,1.0
/m/05g3ss,/people/person/languages,/m/03k50,1.0,1.0
/m/03xyp_,/people/person/spouse_s./people/marriage/type_of_union,/m/04ztj,1.0,1.0
/m/03xnq9_,/people/person/gender,/m/02zsn,1.0,1.0
/m/04bz7q,/people/person/profession,/m/02hrh1q,1.0,1.0
/m/01vrz41,/people/person/profession,/m/02hrh1q,1.0,1.0
/m/01wy5m,/people/person/spouse_s./people/marriage/type_of_union,/m/04ztj,1.0,1.0
/m/04v7k2,/people/person/spouse_s./people/marriage/type_of_union,/m/04ztj,1.0,1.0
/m/03f0fnk,/people/person/places_lived./people/place_lived/location,/m/02_286,1.0,1.0
/m/05c4fys,/people/person/nationality,/m/034m8,1.0,1.0
/m/021wpb,/people/profession/specialization_of,/m/02hrh1q,1.0,1.0
/m/02vmzp,/people/person/profession,/m/02jknp,1.0,1.0
/m/02t1cp,/people/person/profession,/m/02hrh1q,1.0,1.0
/m/03_gd,/people/person/spouse_s./people/marriage/type_of_union,/m/04ztj,1.0,1.0
/m/028p0,/people/person/places_lived./people/place_lived/location,/m/031y2,1.0,1.0
/m/02mc79,/people/person/places_lived./people/place_lived/location,/m/02_286,1.0,1.0
/m/02y0js,/people/cause_of_death/people,/m/02qx1m2,1.0,1.0
/m/046qq,/people/person/profession,/m/02hrh1q,1.0,1.0
/m/02_fj,/people/person/spouse_s./people/marriage/type_of_union,/m/04ztj,1.0,1.0
/m/042q3,/people/person/profession,/m/02hv44_,1.0,1.0
/m/03n_7k,/people/person/spouse_s./people/marriage/type_of_union,/m/04ztj,1.0,1.0
/m/04m_kpx,/people/person/profession,/m/02hrh1q,1.0,1.0
/m/033jkj,/people/person/place_of_birth,/m/030qb3t,1.0,1.0
/m/023mdt,/people/person/spouse_s./people/marriage/type_of_union,/m/04ztj,1.0,1.0
/m/05683p,/people/person/place_of_birth,/m/05jbn,1.0,1.0
/m/04wx2v,/people/person/gender,/m/02zsn,1.0,1.0
/m/059gkk,/people/person/nationality,/m/03rjj,1.0,1.0
/m/04xrx,/people/person/profession,/m/02hrh1q,1.0,1.0
/m/041rx,/people/ethnicity/people,/m/020x5r,1.0,1.0
/m/044lyq,/people/person/nationality,/m/02jx1,1.0,1.0
/m/04glr5h,/people/person/profession,/m/03gjzk,1.0,1.0
/m/01vt5c_,/people/person/places_lived./people/place_lived/location,/m/04jpl,1.0,1.0
/m/04x4s2,/people/person/profession,/m/02hrh1q,1.0,1.0
/m/022_lg,/people/person/profession,/m/02krf9,1.0,1.0
/m/0265z9l,/people/person/languages,/m/02h40lc,1.0,1.0
/m/03cdg,/people/person/spouse_s./people/marriage/type_of_union,/m/04ztj,1.0,1.0
/m/04ztj,/people/marriage_union_type/unions_of_this_type./people/marriage/location_of_ceremony,/m/02vzc,1.0,1.0
/m/03vrp,/people/person/languages,/m/02bjrlw,1.0,1.0
/m/04yyhw,/people/person/profession,/m/02hrh1q,1.0,1.0
/m/033hqf,/people/deceased_person/place_of_death,/m/030qb3t,1.0,1.0
/m/039xcr,/people/person/profession,/m/02hv44_,1.0,1.0
/m/03lq43,/people/person/gender,/m/02zsn,1.0,1.0
/m/0428bc,/people/person/places_lived./people/place_lived/location,/m/02_286,1.0,1.0
/m/01x2tm8,/people/person/religion,/m/03j6c,1.0,1.0
/m/04ch23,/people/person/profession,/m/02hrh1q,1.0,1.0
/m/01vwllw,/people/person/languages,/m/02h40lc,1.0,1.0
/m/02lm0t,/people/person/spouse_s./people/marriage/type_of_union,/m/04ztj,1.0,1.0
/m/03v1jf,/people/person/gender,/m/02zsn,1.0,1.0
/m/02756j,/people/person/places_lived./people/place_lived/location,/m/04bz2f,1.0,1.0
/m/0382m4,/people/person/profession,/m/02hrh1q,1.0,1.0
/m/02pb53,/people/person/spouse_s./people/marriage/type_of_union,/m/04ztj,1.0,1.0
/m/02t_y3,/people/person/profession,/m/02hrh1q,1.0,1.0
/m/038723,/people/ethnicity/people,/m/01x_d8,1.0,1.0
/m/0338g8,/people/person/spouse_s./people/marriage/type_of_union,/m/04ztj,1.0,1.0
/m/04y0hj,/people/person/spouse_s./people/marriage/spouse,/m/049m19,1.0,1.0
/m/02114t,/people/person/spouse_s./people/marriage/type_of_union,/m/04ztj,1.0,1.0
/m/03h2d4,/people/person/spouse_s./people/marriage/type_of_union,/m/04ztj,1.0,1.0
/m/02sdx,/people/person/spouse_s./people/marriage/type_of_union,/m/04ztj,1.0,1.0
/m/02wmbg,/people/person/religion,/m/03j6c,1.0,1.0
/m/02ctzb,/people/ethnicity/people,/m/028rk,1.0,1.0
/m/02tc5y,/people/person/languages,/m/02h40lc,1.0,1.0
/m/0417z2,/people/person/spouse_s./people/marriage/type_of_union,/m/04ztj,1.0,1.0
/m/0253b6,/people/person/profession,/m/02hrh1q,1.0,1.0
/m/04wp63,/people/person/profession,/m/02jknp,1.0,1.0
/m/02mxw0,/people/person/profession,/m/02hrh1q,1.0,1.0
/m/02f2p7,/people/person/nationality,/m/02jx1,1.0,1.0
/m/02s2ft,/people/person/spouse_s./people/marriage/type_of_union,/m/04ztj,1.0,1.0
/m/039crh,/people/person/profession,/m/02krf9,1.0,1.0
/m/05h72z,/people/person/profession,/m/02jknp,1.0,1.0
/m/02vy5j,/people/person/places_lived./people/place_lived/location,/m/030qb3t,1.0,1.0
/m/02_wxh,/people/person/places_lived./people/place_lived/location,/m/030qb3t,1.0,1.0
/m/02cgb8,/people/person/profession,/m/02jknp,1.0,1.0
/m/04dqdk,/people/person/spouse_s./people/marriage/type_of_union,/m/04ztj,1.0,1.0
/m/01vswwx,/people/person/profession,/m/039v1,1.0,1.0
/m/02hkv5,/people/person/spouse_s./people/marriage/type_of_union,/m/04ztj,1.0,1.0
/m/034x61,/people/person/languages,/m/02h40lc,1.0,1.0
/m/01vsl3_,/people/person/profession,/m/039v1,1.0,1.0
/m/02g7sp,/people/ethnicity/people,/m/01vsy7t,1.0,1.0
/m/037w7r,/people/person/spouse_s./people/marriage/type_of_union,/m/04ztj,1.0,1.0
/m/022769,/people/person/languages,/m/02h40lc,1.0,1.0
/m/02vntj,/people/person/spouse_s./people/marriage/type_of_union,/m/04ztj,1.0,1.0
/m/041rx,/people/ethnicity/people,/m/03193l,1.0,1.0
/m/02jxkw,/people/person/place_of_birth,/m/02_286,1.0,1.0
/m/03nb5v,/people/person/places_lived./people/place_lived/location,/m/04ykg,1.0,1.0
/m/03d63lb,/people/person/profession,/m/02hrh1q,1.0,1.0
/m/02qnyr7,/people/person/nationality,/m/03rk0,1.0,1.0
/m/02tf1y,/people/person/profession,/m/02hrh1q,1.0,1.0
/m/01ydzx,/people/person/profession,/m/02hrh1q,1.0,1.0
/m/05g3ss,/people/person/spouse_s./people/marriage/spouse,/m/02756j,1.0,1.0
/m/01vsyjy,/people/person/spouse_s./people/marriage/type_of_union,/m/04ztj,1.0,1.0
/m/04y0hj,/people/person/profession,/m/02hrh1q,1.0,1.0
/m/041rx,/people/ethnicity/people,/m/036dyy,1.0,1.0
/m/029pnn,/people/person/profession,/m/02hrh1q,1.0,1.0
/m/03j24kf,/people/person/places_lived./people/place_lived/location,/m/04lh6,1.0,1.0
/m/03f1r6t,/people/person/religion,/m/02vxy_,1.0,1.0
/m/04b19t,/people/person/languages,/m/03k50,1.0,1.0
/m/03rl84,/people/person/spouse_s./people/marriage/type_of_union,/m/04ztj,1.0,1.0
/m/01vvb4m,/people/person/profession,/m/03gjzk,1.0,1.0
/m/03lmzl,/people/person/profession,/m/02hrh1q,1.0,1.0
/m/02b25y,/people/person/profession,/m/04f2zj,1.0,1.0
/m/03h_0_z,/people/person/languages,/m/02h40lc,1.0,1.0
/m/02knxx,/people/cause_of_death/people,/m/0272kv,1.0,1.0
/m/032zg9,/people/person/place_of_birth,/m/02_286,1.0,1.0
/m/01vvdm,/people/person/spouse_s./people/marriage/type_of_union,/m/04ztj,1.0,1.0
/m/058kqy,/people/person/profession,/m/03gjzk,1.0,1.0
/m/01vtg4q,/people/person/profession,/m/039v1,1.0,1.0
/m/020_4z,/people/person/languages,/m/02h40lc,1.0,1.0
/m/02f_k_,/people/person/places_lived./people/place_lived/location,/m/05kkh,1.0,1.0
/m/059fjj,/people/person/spouse_s./people/marriage/type_of_union,/m/04ztj,1.0,1.0
/m/01wg6y,/people/person/spouse_s./people/marriage/type_of_union,/m/04ztj,1.0,1.0
/m/01ycck,/people/person/profession,/m/02jknp,1.0,1.0
/m/03061d,/people/person/languages,/m/02h40lc,1.0,1.0
/m/03jg5t,/people/person/profession,/m/02hrh1q,1.0,1.0
/m/02l3_5,/people/person/spouse_s./people/marriage/type_of_union,/m/04ztj,1.0,1.0
/m/046chh,/people/person/profession,/m/02hrh1q,1.0,1.0
/m/030s5g,/people/person/spouse_s./people/marriage/type_of_union,/m/04ztj,1.0,1.0
/m/02qfk4j,/people/person/nationality,/m/03rk0,1.0,1.0
/m/03wpmd,/people/person/profession,/m/02hrh1q,1.0,1.0
/m/0443xn,/people/person/places_lived./people/place_lived/location,/m/02frhbc,1.0,1.0
/m/03mv0b,/people/person/profession,/m/02hrh1q,1.0,1.0
/m/04bdqk,/people/person/places_lived./people/place_lived/location,/m/02_286,1.0,1.0
/m/02qlkc3,/people/person/profession,/m/02krf9,1.0,1.0
/m/02cgb8,/people/person/profession,/m/02hrh1q,1.0,1.0
/m/05d8vw,/people/person/places_lived./people/place_lived/location,/m/03l2n,1.0,1.0
/m/01wmgrf,/people/person/spouse_s./people/marriage/type_of_union,/m/04ztj,1.0,1.0
/m/01vh096,/people/person/profession,/m/02hv44_,1.0,1.0
/m/02jg92,/people/person/spouse_s./people/marriage/type_of_union,/m/04ztj,1.0,1.0
/m/03lmx1,/people/ethnicity/people,/m/01wk3c,1.0,1.0
/m/03mcwq3,/people/person/gender,/m/02zsn,1.0,1.0
/m/02ctzb,/people/ethnicity/people,/m/02nwxc,1.0,1.0
/m/027jq2,/people/person/profession,/m/02jknp,1.0,1.0
/m/02y0js,/people/cause_of_death/people,/m/029h45,1.0,1.0
/m/02sjp,/people/person/spouse_s./people/marriage/type_of_union,/m/04ztj,1.0,1.0
/m/01vhb0,/people/person/profession,/m/02jknp,1.0,1.0
/m/022dp5,/people/ethnicity/people,/m/021r7r,1.0,1.0
/m/01vs73g,/people/person/spouse_s./people/marriage/type_of_union,/m/04ztj,1.0,1.0
/m/0415svh,/people/person/profession,/m/02hrh1q,1.0,1.0
/m/032l1,/people/person/place_of_birth,/m/04swd,1.0,1.0
/m/02fn5r,/people/person/profession,/m/039v1,1.0,1.0
/m/02t_8z,/people/person/spouse_s./people/marriage/type_of_union,/m/04ztj,1.0,1.0
/m/0542n,/people/cause_of_death/people,/m/04jwp,1.0,1.0
/m/03j90,/people/person/languages,/m/0295r,1.0,1.0
/m/03n08b,/people/person/places_lived./people/place_lived/location,/m/04ykg,1.0,1.0
/m/03jg5t,/people/person/nationality,/m/02jx1,1.0,1.0
/m/02756j,/people/person/place_of_birth,/m/04vmp,1.0,1.0
/m/02ch1w,/people/person/places_lived./people/place_lived/location,/m/02_286,1.0,1.0
/m/02g87m,/people/person/languages,/m/02h40lc,1.0,1.0
/m/0288crq,/people/person/spouse_s./people/marriage/type_of_union,/m/04ztj,1.0,1.0
/m/01vrncs,/people/person/religion,/m/03_gx,1.0,1.0
/m/024zq,/people/person/religion,/m/03j6c,1.0,1.0
/m/01v_pj6,/people/person/spouse_s./people/marriage/type_of_union,/m/04ztj,1.0,1.0
/m/03fg0r,/people/person/profession,/m/03gjzk,1.0,1.0
/m/03j2gxx,/people/person/profession,/m/04s2z,1.0,1.0
/m/026b7bz,/people/person/spouse_s./people/marriage/type_of_union,/m/04ztj,1.0,1.0
/m/02v2jy,/people/person/profession,/m/025spv,1.0,1.0
/m/03359d,/people/person/profession,/m/02hrh1q,1.0,1.0
/m/02hy5d,/people/person/profession,/m/02hrh1q,1.0,1.0
/m/02lymt,/people/person/places_lived./people/place_lived/location,/m/030qb3t,1.0,1.0
/m/025_ql1,/people/person/spouse_s./people/marriage/type_of_union,/m/04ztj,1.0,1.0
/m/041mt,/people/person/languages,/m/02h40lc,1.0,1.0
/m/04czx7,/people/ethnicity/languages_spoken,/m/02h40lc,1.0,1.0
/m/01wgcvn,/people/person/languages,/m/02h40lc,1.0,1.0
/m/02jsgf,/people/person/gender,/m/02zsn,1.0,1.0
/m/0250f,/people/person/spouse_s./people/marriage/type_of_union,/m/04ztj,1.0,1.0
/m/04pf4r,/people/person/nationality,/m/02jx1,1.0,1.0
/m/05kh_,/people/person/spouse_s./people/marriage/type_of_union,/m/04ztj,1.0,1.0
/m/03c6v3,/people/person/gender,/m/02zsn,1.0,1.0
/m/04x1_w,/people/person/place_of_birth,/m/02_286,1.0,1.0
/m/03y_46,/people/person/profession,/m/02hrh1q,1.0,1.0
/m/01vzz1c,/people/person/places_lived./people/place_lived/location,/m/022tq4,1.0,1.0
/m/02xp18,/people/person/profession,/m/02hrh1q,1.0,1.0
/m/03lmx1,/people/ethnicity/people,/m/05dbf,1.0,1.0
/m/02rybfn,/people/person/place_of_birth,/m/02_286,1.0,1.0
/m/03wpmd,/people/person/profession,/m/02jknp,1.0,1.0
/m/01x6jd,/people/person/spouse_s./people/marriage/type_of_union,/m/04ztj,1.0,1.0
/m/04yt7,/people/person/nationality,/m/02jx1,1.0,1.0
/m/04p3w,/people/cause_of_death/people,/m/02hg53,1.0,1.0
/m/01tspc6,/people/person/nationality,/m/02jx1,1.0,1.0
/m/02lfwp,/people/person/profession,/m/02jknp,1.0,1.0
/m/01x1cn2,/people/person/nationality,/m/03_r3,1.0,1.0
/m/034hck,/people/person/profession,/m/02hrh1q,1.0,1.0
/m/024yxd,/people/person/place_of_birth,/m/02_286,1.0,1.0
/m/0207wx,/people/person/spouse_s./people/marriage/type_of_union,/m/04ztj,1.0,1.0
/m/03wdsbz,/people/person/spouse_s./people/marriage/type_of_union,/m/04ztj,1.0,1.0
/m/03qmx_f,/people/person/profession,/m/02jknp,1.0,1.0
/m/02pqgt8,/people/person/profession,/m/026sdt1,1.0,1.0
/m/02yy8,/people/person/profession,/m/04gc2,1.0,1.0
/m/01xwqn,/people/person/languages,/m/02h40lc,1.0,1.0
/m/01xg_w,/people/person/profession,/m/02hrh1q,1.0,1.0
/m/03f1d47,/people/person/profession,/m/02hrh1q,1.0,1.0
/m/02s5v5,/people/person/spouse_s./people/marriage/type_of_union,/m/04ztj,1.0,1.0
/m/029b9k,/people/person/religion,/m/03_gx,1.0,1.0
/m/04bz7q,/people/person/spouse_s./people/marriage/type_of_union,/m/04ztj,1.0,1.0
/m/04135,/people/person/profession,/m/02hv44_,1.0,1.0
/m/04z_x4v,/people/person/spouse_s./people/marriage/type_of_union,/m/04ztj,1.0,1.0
/m/01vrlqd,/people/person/spouse_s./people/marriage/type_of_union,/m/04ztj,1.0,1.0
/m/02w7gg,/people/ethnicity/people,/m/01vwbts,1.0,1.0
/m/03p01x,/people/person/places_lived./people/place_lived/location,/m/05fkf,1.0,1.0
/m/02zhkz,/people/person/place_of_birth,/m/02_286,1.0,1.0
/m/02tqkf,/people/person/profession,/m/02hrh1q,1.0,1.0
/m/02fn5,/people/person/profession,/m/02jknp,1.0,1.0
/m/032nl2,/people/person/profession,/m/02krf9,1.0,1.0
/m/0487c3,/people/person/nationality,/m/02jx1,1.0,1.0
/m/024my5,/people/person/gender,/m/02zsn,1.0,1.0
/m/02mjmr,/people/person/profession,/m/04gc2,1.0,1.0
/m/02y0js,/people/cause_of_death/people,/m/024yxd,1.0,1.0
/m/01zg98,/people/person/place_of_birth,/m/030qb3t,1.0,1.0
/m/025tdwc,/people/person/profession,/m/025352,1.0,1.0
/m/02238b,/people/person/profession,/m/03gjzk,1.0,1.0
/m/033_1p,/people/person/gender,/m/02zsn,1.0,1.0
/m/028pzq,/people/person/nationality,/m/03rjj,1.0,1.0
/m/03h610,/people/person/spouse_s./people/marriage/type_of_union,/m/04ztj,1.0,1.0
/m/05b5_tj,/people/person/profession,/m/02pjxr,1.0,1.0
/m/03xk1_,/people/person/spouse_s./people/marriage/type_of_union,/m/04ztj,1.0,1.0
/m/01y64_,/people/person/gender,/m/02zsn,1.0,1.0
/m/04m064,/people/person/profession,/m/02hrh1q,1.0,1.0
/m/03ds83,/people/person/gender,/m/02zsn,1.0,1.0
/m/03pmzt,/people/person/places_lived./people/place_lived/location,/m/02_286,1.0,1.0
/m/04j5fx,/people/person/places_lived./people/place_lived/location,/m/02lf_x,1.0,1.0
/m/02cllz,/people/person/nationality,/m/02jx1,1.0,1.0
/m/030g9z,/people/person/profession,/m/02hrh1q,1.0,1.0
/m/041jlr,/people/person/spouse_s./people/marriage/type_of_union,/m/04ztj,1.0,1.0
/m/01wk51,/people/person/sibling_s./people/sibling_relationship/sibling,/m/02v60l,1.0,1.0
/m/03_f0,/people/person/nationality,/m/0345h,1.0,1.0
/m/02x0bdb,/people/person/profession,/m/03gjzk,1.0,1.0
/m/04w391,/people/person/religion,/m/03_gx,1.0,1.0
/m/041rx,/people/ethnicity/people,/m/03dpqd,1.0,1.0
/m/039wsf,/people/person/spouse_s./people/marriage/type_of_union,/m/04ztj,1.0,1.0
/m/01vw26l,/people/person/profession,/m/02jknp,1.0,1.0
/m/02x8mt,/people/person/sibling_s./people/sibling_relationship/sibling,/m/02x8kk,1.0,1.0
/m/040z9,/people/deceased_person/place_of_death,/m/030qb3t,1.0,1.0
/m/02q4mt,/people/person/spouse_s./people/marriage/type_of_union,/m/04ztj,1.0,1.0
/m/041rx,/people/ethnicity/people,/m/03_vx9,1.0,1.0
/m/02jm0n,/people/person/place_of_birth,/m/030qb3t,1.0,1.0
/m/0457w0,/people/person/nationality,/m/03_r3,1.0,1.0
/m/03cbtlj,/people/person/spouse_s./people/marriage/type_of_union,/m/04ztj,1.0,1.0
/m/01ycfv,/people/deceased_person/place_of_death,/m/04jpl,1.0,1.0
/m/05ggt_,/people/person/profession,/m/02hrh1q,1.0,1.0
/m/02zjd,/people/person/places_lived./people/place_lived/location,/m/04ykg,1.0,1.0
/m/025mb_,/people/person/languages,/m/02h40lc,1.0,1.0
/m/04ztj,/people/marriage_union_type/unions_of_this_type./people/marriage/location_of_ceremony,/m/02mf7,1.0,1.0
/m/026lj,/people/person/place_of_birth,/m/02m77,1.0,1.0
/m/02cpb7,/people/person/nationality,/m/02jx1,1.0,1.0
/m/01wttr1,/people/person/religion,/m/03j6c,1.0,1.0
/m/02_pft,/people/person/places_lived./people/place_lived/location,/m/02_286,1.0,1.0
/m/053y4h,/people/person/places_lived./people/place_lived/location,/m/059rby,1.0,1.0
/m/01wttr1,/people/person/profession,/m/02hrh1q,1.0,1.0
/m/04dyqk,/people/person/profession,/m/02jknp,1.0,1.0
/m/02yj7w,/people/person/places_lived./people/place_lived/location,/m/04ykg,1.0,1.0
/m/03chx58,/people/person/spouse_s./people/marriage/type_of_union,/m/04ztj,1.0,1.0
/m/03bnv,/people/person/spouse_s./people/marriage/type_of_union,/m/04ztj,1.0,1.0
/m/03hpr,/people/person/religion,/m/03_gx,1.0,1.0
/m/03d_zl4,/people/person/languages,/m/04306rv,1.0,1.0
/m/02hkv5,/people/person/nationality,/m/03rk0,1.0,1.0
/m/027pdrh,/people/person/nationality,/m/02jx1,1.0,1.0
/m/026fd,/people/person/religion,/m/03_gx,1.0,1.0
/m/02mhfy,/people/person/languages,/m/02h40lc,1.0,1.0
/m/05cljf,/people/person/profession,/m/039v1,1.0,1.0
/m/02w7gg,/people/ethnicity/languages_spoken,/m/02h40lc,1.0,1.0
/m/02rxbmt,/people/person/spouse_s./people/marriage/type_of_union,/m/04ztj,1.0,1.0
/m/02ctzb,/people/ethnicity/people,/m/01y8cr,1.0,1.0
/m/0222qb,/people/ethnicity/people,/m/02g87m,1.0,1.0
/m/04cmrt,/people/person/place_of_birth,/m/04vmp,1.0,1.0
/m/01x4sb,/people/person/places_lived./people/place_lived/location,/m/030qb3t,1.0,1.0
/m/04xm_,/people/person/nationality,/m/0345h,1.0,1.0
/m/03l3jy,/people/person/profession,/m/02hrh1q,1.0,1.0
/m/041rx,/people/ethnicity/people,/m/01wk51,1.0,1.0
/m/0252fh,/people/person/spouse_s./people/marriage/type_of_union,/m/04ztj,1.0,1.0
/m/04wf_b,/people/person/profession,/m/02hrh1q,1.0,1.0
/m/044f7,/people/deceased_person/place_of_death,/m/02_286,1.0,1.0
/m/053ksp,/people/person/spouse_s./people/marriage/type_of_union,/m/04ztj,1.0,1.0
/m/03mstc,/people/person/profession,/m/02krf9,1.0,1.0
/m/04z0g,/people/person/places_lived./people/place_lived/location,/m/02_286,1.0,1.0
/m/03bdm4,/people/person/spouse_s./people/marriage/type_of_union,/m/04ztj,1.0,1.0
/m/02lgfh,/people/person/spouse_s./people/marriage/type_of_union,/m/04ztj,1.0,1.0
/m/031bf1,/people/person/profession,/m/02jknp,1.0,1.0
/m/01y8cr,/people/person/profession,/m/02hrh1q,1.0,1.0
/m/02vr7,/people/person/spouse_s./people/marriage/type_of_union,/m/04ztj,1.0,1.0
/m/03ds83,/people/person/profession,/m/02hrh1q,1.0,1.0
/m/01zz8t,/people/person/spouse_s./people/marriage/type_of_union,/m/04ztj,1.0,1.0
/m/02184q,/people/person/profession,/m/02hv44_,1.0,1.0
/m/02zfdp,/people/person/spouse_s./people/marriage/type_of_union,/m/04ztj,1.0,1.0
/m/01wz3cx,/people/person/religion,/m/025t7ly,1.0,1.0
/m/02_2v2,/people/person/spouse_s./people/marriage/type_of_union,/m/04ztj,1.0,1.0
/m/04qr6d,/people/person/nationality,/m/03rk0,1.0,1.0
/m/040db,/people/person/employment_history./business/employment_tenure/company,/m/02f8zw,1.0,1.0
/m/02ctzb,/people/ethnicity/people,/m/042d1,1.0,1.0
/m/026ck,/people/person/profession,/m/02jknp,1.0,1.0
/m/01xndd,/people/person/religion,/m/03_gx,1.0,1.0
/m/01wz_ml,/people/person/profession,/m/02hrh1q,1.0,1.0
/m/02_hj4,/people/person/profession,/m/03gjzk,1.0,1.0
/m/037lyl,/people/person/spouse_s./people/marriage/type_of_union,/m/04ztj,1.0,1.0
/m/03xn3s2,/people/person/spouse_s./people/marriage/type_of_union,/m/04ztj,1.0,1.0
/m/02nfjp,/people/person/profession,/m/039v1,1.0,1.0
/m/04rs03,/people/person/place_of_birth,/m/04vmp,1.0,1.0
/m/01wk7ql,/people/person/profession,/m/02hrh1q,1.0,1.0
/m/039wsf,/people/person/profession,/m/02hrh1q,1.0,1.0
/m/03bxh,/people/person/places_lived./people/place_lived/location,/m/03pbf,1.0,1.0
/m/033tln,/people/person/profession,/m/02hrh1q,1.0,1.0
/m/026dg51,/people/person/profession,/m/02hrh1q,1.0,1.0
/m/02jm9c,/people/person/places_lived./people/place_lived/location,/m/030qb3t,1.0,1.0
/m/03rx9,/people/person/spouse_s./people/marriage/type_of_union,/m/04ztj,1.0,1.0
/m/02lfwp,/people/person/profession,/m/02hrh1q,1.0,1.0
/m/02p21g,/people/person/gender,/m/02zsn,1.0,1.0
/m/0488g9,/people/person/places_lived./people/place_lived/location,/m/02_286,1.0,1.0
/m/046rfv,/people/person/gender,/m/02zsn,1.0,1.0
/m/042q3,/people/person/spouse_s./people/marriage/type_of_union,/m/04ztj,1.0,1.0
/m/0285xqh,/people/person/profession,/m/02jknp,1.0,1.0
/m/02x20c9,/people/person/place_of_birth,/m/04vmp,1.0,1.0
/m/04gfy7,/people/ethnicity/people,/m/034g2b,1.0,1.0
/m/03bxh,/people/person/places_lived./people/place_lived/location,/m/04jpl,1.0,1.0
/m/040nwr,/people/person/languages,/m/055qm,1.0,1.0
/m/02sb1w,/people/person/profession,/m/02hrh1q,1.0,1.0
/m/02ctzb,/people/ethnicity/people,/m/02rsz0,1.0,1.0
/m/0432b,/people/person/profession,/m/02hrh1q,1.0,1.0
/m/02lp3c,/people/person/spouse_s./people/marriage/type_of_union,/m/04ztj,1.0,1.0
/m/02knxx,/people/cause_of_death/people,/m/02zfg3,1.0,1.0
/m/04cl1,/people/person/profession,/m/02hrh1q,1.0,1.0
/m/02knxx,/people/cause_of_death/people,/m/03gyh_z,1.0,1.0
/m/02pjvc,/people/person/gender,/m/02zsn,1.0,1.0
/m/036jp8,/people/person/religion,/m/051kv,1.0,1.0
/m/02v3yy,/people/person/profession,/m/025352,1.0,1.0
/m/01vv6_6,/people/person/spouse_s./people/marriage/type_of_union,/m/04ztj,1.0,1.0
/m/04rsd2,/people/person/place_of_birth,/m/04jpl,1.0,1.0
/m/03d0ns,/people/person/profession,/m/02hrh1q,1.0,1.0
/m/01wdqrx,/people/person/profession,/m/04f2zj,1.0,1.0
/m/02v406,/people/person/spouse_s./people/marriage/spouse,/m/01x1cn2,1.0,1.0
/m/043gj,/people/person/places_lived./people/place_lived/location,/m/03s0w,1.0,1.0
/m/03zrp,/people/person/sibling_s./people/sibling_relationship/sibling,/m/03f4k,1.0,1.0
/m/034rd,/people/person/profession,/m/02ky346,1.0,1.0
/m/043s3,/people/deceased_person/place_of_death,/m/02ly_,1.0,1.0
/m/02tq2r,/people/person/profession,/m/02hrh1q,1.0,1.0
/m/024jwt,/people/person/places_lived./people/place_lived/location,/m/02_286,1.0,1.0
/m/03f2_rc,/people/person/spouse_s./people/marriage/spouse,/m/01zg98,1.0,1.0
/m/04jzj,/people/person/spouse_s./people/marriage/type_of_union,/m/04ztj,1.0,1.0
/m/01vzxmq,/people/person/nationality,/m/03rt9,1.0,1.0
/m/045w_4,/people/person/gender,/m/02zsn,1.0,1.0
/m/043js,/people/person/profession,/m/02hrh1q,1.0,1.0
/m/026dg51,/people/person/gender,/m/02zsn,1.0,1.0
/m/02633g,/people/person/places_lived./people/place_lived/location,/m/02cl1,1.0,1.0
/m/02bj6k,/people/person/profession,/m/02hrh1q,1.0,1.0
/m/02hkw6,/people/person/nationality,/m/03rk0,1.0,1.0
/m/02ndbd,/people/person/places_lived./people/place_lived/location,/m/02_286,1.0,1.0
/m/03qkgyl,/people/person/gender,/m/02zsn,1.0,1.0
/m/033tf_,/people/ethnicity/languages_spoken,/m/03x42,1.0,1.0
/m/04dqdk,/people/person/religion,/m/03_gx,1.0,1.0
/m/023nlj,/people/person/profession,/m/02hrh1q,1.0,1.0
/m/026_dcw,/people/person/spouse_s./people/marriage/type_of_union,/m/04ztj,1.0,1.0
/m/02lhm2,/people/person/spouse_s./people/marriage/type_of_union,/m/04ztj,1.0,1.0
/m/02drd3,/people/person/spouse_s./people/marriage/type_of_union,/m/04ztj,1.0,1.0
/m/01xwqn,/people/person/places_lived./people/place_lived/location,/m/02_286,1.0,1.0
/m/01vsnff,/people/person/place_of_birth,/m/02dtg,1.0,1.0
/m/0443xn,/people/person/spouse_s./people/marriage/location_of_ceremony,/m/03gh4,1.0,1.0
/m/03kxdw,/people/person/profession,/m/02hrh1q,1.0,1.0
/m/024y6w,/people/person/spouse_s./people/marriage/type_of_union,/m/04ztj,1.0,1.0
/m/03v0vd,/people/person/profession,/m/02krf9,1.0,1.0
/m/04r7p,/people/person/nationality,/m/03_3d,1.0,1.0
/m/02bwjv,/people/person/gender,/m/02zsn,1.0,1.0
/m/02c_wc,/people/person/spouse_s./people/marriage/type_of_union,/m/04ztj,1.0,1.0
/m/05dbf,/people/person/place_of_birth,/m/02hrh0_,1.0,1.0
/m/02c7lt,/people/person/places_lived./people/place_lived/location,/m/04jpl,1.0,1.0
/m/02_wxh,/people/person/profession,/m/02hrh1q,1.0,1.0
/m/04bdlg,/people/person/spouse_s./people/marriage/type_of_union,/m/04ztj,1.0,1.0
/m/01z7_f,/people/person/spouse_s./people/marriage/type_of_union,/m/04ztj,1.0,1.0
/m/021sv1,/people/person/religion,/m/051kv,1.0,1.0
/m/02rhfsc,/people/person/profession,/m/03gjzk,1.0,1.0
/m/026xt5c,/people/person/profession,/m/02jknp,1.0,1.0
/m/02knxx,/people/cause_of_death/people,/m/036jp8,1.0,1.0
/m/02w7gg,/people/ethnicity/people,/m/02k6rq,1.0,1.0
/m/04ns3gy,/people/person/profession,/m/03gjzk,1.0,1.0
/m/03ywyk,/people/person/languages,/m/02h40lc,1.0,1.0
/m/021_rm,/people/person/places_lived./people/place_lived/location,/m/02_286,1.0,1.0
/m/02zfdp,/people/person/profession,/m/02hrh1q,1.0,1.0
/m/048s0r,/people/person/profession,/m/02hrh1q,1.0,1.0
/m/01ycbq,/people/person/spouse_s./people/marriage/type_of_union,/m/04ztj,1.0,1.0
/m/029b9k,/people/person/profession,/m/02hrh1q,1.0,1.0
/m/01w61th,/people/person/profession,/m/02hrh1q,1.0,1.0
/m/01vl17,/people/person/nationality,/m/03_3d,1.0,1.0
/m/03v1xb,/people/person/spouse_s./people/marriage/type_of_union,/m/04ztj,1.0,1.0
/m/02yy8,/people/person/spouse_s./people/marriage/location_of_ceremony,/m/02_286,1.0,1.0
/m/03f6fl0,/people/person/profession,/m/029bkp,1.0,1.0
/m/02w7gg,/people/ethnicity/people,/m/0219q,1.0,1.0
/m/04c636,/people/person/spouse_s./people/marriage/type_of_union,/m/04ztj,1.0,1.0
/m/027lfrs,/people/person/spouse_s./people/marriage/type_of_union,/m/04ztj,1.0,1.0
/m/04g_wd,/people/person/places_lived./people/place_lived/location,/m/0393g,1.0,1.0
/m/01z7_f,/people/person/spouse_s./people/marriage/location_of_ceremony,/m/02hrh0_,1.0,1.0
/m/01wj18h,/people/person/places_lived./people/place_lived/location,/m/030qb3t,1.0,1.0
/m/04p3w,/people/cause_of_death/people,/m/040_t,1.0,1.0
/m/025j1t,/people/person/spouse_s./people/marriage/type_of_union,/m/04ztj,1.0,1.0
/m/02kxwk,/people/person/profession,/m/02hrh1q,1.0,1.0
/m/02cvp8,/people/person/sibling_s./people/sibling_relationship/sibling,/m/045g4l,1.0,1.0
/m/03fvqg,/people/person/profession,/m/02hrh1q,1.0,1.0
/m/04ztj,/people/marriage_union_type/unions_of_this_type./people/marriage/location_of_ceremony,/m/034tl,1.0,1.0
/m/026xt5c,/people/person/profession,/m/02pjxr,1.0,1.0
/m/02lfl4,/people/person/nationality,/m/03rjj,1.0,1.0
/m/02knxx,/people/cause_of_death/people,/m/05hrq4,1.0,1.0
/m/02lz1s,/people/person/spouse_s./people/marriage/type_of_union,/m/04ztj,1.0,1.0
/m/04cbtrw,/people/person/spouse_s./people/marriage/type_of_union,/m/04ztj,1.0,1.0
/m/032t2z,/people/person/profession,/m/04f2zj,1.0,1.0
/m/04rvy8,/people/person/spouse_s./people/marriage/type_of_union,/m/04ztj,1.0,1.0
/m/01vw20_,/people/person/profession,/m/02hrh1q,1.0,1.0
/m/038723,/people/ethnicity/people,/m/02_0d2,1.0,1.0
/m/01vs_v8,/people/person/gender,/m/02zsn,1.0,1.0
/m/042ly5,/people/person/places_lived./people/place_lived/location,/m/030qb3t,1.0,1.0
/m/058s57,/people/person/profession,/m/02hrh1q,1.0,1.0
/m/02ctzb,/people/ethnicity/people,/m/025_nbr,1.0,1.0
/m/02l4rh,/people/person/profession,/m/02hrh1q,1.0,1.0
/m/03xmy1,/people/person/languages,/m/02bjrlw,1.0,1.0
/m/05drr9,/people/person/places_lived./people/place_lived/location,/m/059f4,1.0,1.0
/m/033tf_,/people/ethnicity/people,/m/045cq,1.0,1.0
/m/03d9v8,/people/person/gender,/m/02zsn,1.0,1.0
/m/01wmcbg,/people/person/gender,/m/02zsn,1.0,1.0
/m/02lf70,/people/person/gender,/m/02zsn,1.0,1.0
/m/03q2t9,/people/person/profession,/m/03gjzk,1.0,1.0
/m/053xw6,/people/person/languages,/m/03x42,1.0,1.0
/m/04mvp8,/people/ethnicity/people,/m/03dctt,1.0,1.0
/m/04qsdh,/people/person/gender,/m/02zsn,1.0,1.0
/m/04shbh,/people/person/languages,/m/02h40lc,1.0,1.0
/m/02w7gg,/people/ethnicity/people,/m/059xnf,1.0,1.0
/m/04353,/people/person/spouse_s./people/marriage/type_of_union,/m/04ztj,1.0,1.0
/m/05bht9,/people/person/spouse_s./people/marriage/type_of_union,/m/04ztj,1.0,1.0
/m/036px,/people/person/spouse_s./people/marriage/type_of_union,/m/04ztj,1.0,1.0
/m/04l3_z,/people/person/place_of_birth,/m/030qb3t,1.0,1.0
/m/05d8vw,/people/person/profession,/m/02hrh1q,1.0,1.0
/m/01vrx35,/people/person/spouse_s./people/marriage/type_of_union,/m/04ztj,1.0,1.0
/m/026lj,/people/person/profession,/m/03jgz,1.0,1.0
/m/039wsf,/people/person/profession,/m/02jknp,1.0,1.0
/m/03fw4y,/people/deceased_person/place_of_death,/m/04vmp,1.0,1.0
/m/022411,/people/person/profession,/m/02hrh1q,1.0,1.0
/m/0261x8t,/people/person/gender,/m/02zsn,1.0,1.0
/m/03l295,/people/person/spouse_s./people/marriage/type_of_union,/m/04ztj,1.0,1.0
/m/03fw60,/people/person/spouse_s./people/marriage/type_of_union,/m/04ztj,1.0,1.0
/m/02y0js,/people/cause_of_death/people,/m/034qt_,1.0,1.0
/m/0415mzy,/people/person/spouse_s./people/marriage/type_of_union,/m/04ztj,1.0,1.0
/m/02ctyy,/people/person/places_lived./people/place_lived/location,/m/04vmp,1.0,1.0
/m/04x1_w,/people/person/profession,/m/02hrh1q,1.0,1.0
/m/03cglm,/people/person/spouse_s./people/marriage/type_of_union,/m/04ztj,1.0,1.0
/m/04x4s2,/people/person/profession,/m/02krf9,1.0,1.0
/m/02_j8x,/people/person/profession,/m/02jknp,1.0,1.0
/m/0436kgz,/people/person/profession,/m/02hrh1q,1.0,1.0
/m/02_0d2,/people/person/spouse_s./people/marriage/type_of_union,/m/04ztj,1.0,1.0
/m/04vt98,/people/person/spouse_s./people/marriage/type_of_union,/m/04ztj,1.0,1.0
/m/01vx5w7,/people/person/places_lived./people/place_lived/location,/m/03l2n,1.0,1.0
/m/03thw4,/people/person/place_of_birth,/m/02_286,1.0,1.0
/m/03d9v8,/people/person/spouse_s./people/marriage/type_of_union,/m/04ztj,1.0,1.0
/m/02_0d2,/people/person/profession,/m/02hrh1q,1.0,1.0
/m/059j4x,/people/person/profession,/m/02krf9,1.0,1.0
/m/01vsl3_,/people/person/places_lived./people/place_lived/location,/m/02_286,1.0,1.0
/m/05hks,/people/person/religion,/m/02rxj,1.0,1.0
/m/03j367r,/people/person/nationality,/m/03rk0,1.0,1.0
/m/026m0,/people/person/spouse_s./people/marriage/type_of_union,/m/04ztj,1.0,1.0
/m/025p38,/people/person/profession,/m/02hrh1q,1.0,1.0
/m/01wj5hp,/people/person/profession,/m/02hrh1q,1.0,1.0
/m/04yqlk,/people/person/gender,/m/02zsn,1.0,1.0
/m/02wr2r,/people/person/profession,/m/02hrh1q,1.0,1.0
/m/01wj5hp,/people/person/profession,/m/04j5jl,1.0,1.0
/m/01wt4wc,/people/person/profession,/m/039v1,1.0,1.0
/m/04_jsg,/people/person/profession,/m/039v1,1.0,1.0
/m/02633g,/people/person/profession,/m/02hrh1q,1.0,1.0
/m/02lf0c,/people/person/profession,/m/02jknp,1.0,1.0
/m/021r7r,/people/person/spouse_s./people/marriage/type_of_union,/m/04ztj,1.0,1.0
/m/01wwvd2,/people/person/profession,/m/047rgpy,1.0,1.0
/m/03f0r5w,/people/person/profession,/m/02hrh1q,1.0,1.0
/m/02pbrn,/people/person/profession,/m/029bkp,1.0,1.0
/m/03cz9_,/people/person/profession,/m/02hrh1q,1.0,1.0
/m/041rx,/people/ethnicity/people,/m/047g6,1.0,1.0
/m/01z_g6,/people/person/profession,/m/02hrh1q,1.0,1.0
/m/04mhbh,/people/person/places_lived./people/place_lived/location,/m/02_286,1.0,1.0
/m/0408np,/people/person/profession,/m/02jknp,1.0,1.0
/m/03hmr_,/people/person/profession,/m/02hrh1q,1.0,1.0
/m/02mhfy,/people/person/profession,/m/02hrh1q,1.0,1.0
/m/01wp8w7,/people/person/nationality,/m/05bcl,1.0,1.0
/m/03f4w4,/people/person/spouse_s./people/marriage/type_of_union,/m/04ztj,1.0,1.0
/m/0210f1,/people/person/place_of_birth,/m/02cl1,1.0,1.0
/m/03_x5t,/people/person/profession,/m/02hrh1q,1.0,1.0
/m/01vz0g4,/people/person/languages,/m/02h40lc,1.0,1.0
/m/041rx,/people/ethnicity/people,/m/02hh8j,1.0,1.0
/m/04ztj,/people/marriage_union_type/unions_of_this_type./people/marriage/location_of_ceremony,/m/0261m,1.0,1.0
/m/04n32,/people/person/profession,/m/02hrh1q,1.0,1.0
/m/03hy3g,/people/person/profession,/m/02hrh1q,1.0,1.0
/m/02gx2x,/people/ethnicity/languages_spoken,/m/02bv9,1.0,1.0
/m/02ld6x,/people/person/place_of_birth,/m/03l2n,1.0,1.0
/m/01wz3cx,/people/person/profession,/m/02hrh1q,1.0,1.0
/m/05d1dy,/people/person/profession,/m/02jknp,1.0,1.0
/m/01wp8w7,/people/person/profession,/m/039v1,1.0,1.0
/m/0203v,/people/person/religion,/m/02rsw,1.0,1.0
/m/049_zz,/people/person/spouse_s./people/marriage/type_of_union,/m/04ztj,1.0,1.0
/m/02w7gg,/people/ethnicity/people,/m/03kwtb,1.0,1.0
/m/0292l3,/people/person/profession,/m/02jknp,1.0,1.0
/m/01wd9lv,/people/person/spouse_s./people/marriage/spouse,/m/05hdf,1.0,1.0
/m/04ztj,/people/marriage_union_type/unions_of_this_type./people/marriage/location_of_ceremony,/m/04ych,1.0,1.0
/m/02r6c_,/people/person/gender,/m/02zsn,1.0,1.0
/m/04k25,/people/person/profession,/m/02jknp,1.0,1.0
/m/03_6y,/people/person/spouse_s./people/marriage/spouse,/m/0336mc,1.0,1.0
/m/02yxwd,/people/person/spouse_s./people/marriage/type_of_union,/m/04ztj,1.0,1.0
/m/01vsn38,/people/person/profession,/m/02hrh1q,1.0,1.0
/m/02w7gg,/people/ethnicity/people,/m/02hfp_,1.0,1.0
/m/04g865,/people/person/profession,/m/02jknp,1.0,1.0
/m/057bc6m,/people/person/spouse_s./people/marriage/type_of_union,/m/04ztj,1.0,1.0
/m/02whj,/people/deceased_person/place_of_death,/m/030qb3t,1.0,1.0
/m/01vvycq,/people/person/profession,/m/02jknp,1.0,1.0
/m/030pr,/people/person/spouse_s./people/marriage/type_of_union,/m/04ztj,1.0,1.0
/m/04qt29,/people/person/places_lived./people/place_lived/location,/m/02dtg,1.0,1.0
/m/02j8nx,/people/person/spouse_s./people/marriage/type_of_union,/m/04ztj,1.0,1.0
/m/05hdf,/people/person/spouse_s./people/marriage/spouse,/m/01wd9lv,1.0,1.0
/m/038w8,/people/person/profession,/m/04gc2,1.0,1.0
/m/03xkps,/people/person/profession,/m/02hrh1q,1.0,1.0
/m/0534v,/people/person/spouse_s./people/marriage/type_of_union,/m/04ztj,1.0,1.0
/m/02c_wc,/people/person/profession,/m/02hrh1q,1.0,1.0
/m/029m83,/people/deceased_person/place_of_death,/m/027l4q,1.0,1.0
/m/041rx,/people/ethnicity/people,/m/03t0k1,1.0,1.0
/m/0347xz,/people/person/spouse_s./people/marriage/type_of_union,/m/04ztj,1.0,1.0
/m/02fybl,/people/person/profession,/m/02hrh1q,1.0,1.0
/m/023s8,/people/person/spouse_s./people/marriage/type_of_union,/m/04ztj,1.0,1.0
/m/02l5rm,/people/person/place_of_birth,/m/02_286,1.0,1.0
/m/02_j7t,/people/person/profession,/m/02hrh1q,1.0,1.0
/m/043zg,/people/person/languages,/m/02h40lc,1.0,1.0
/m/03_x5t,/people/person/languages,/m/02h40lc,1.0,1.0
/m/03v1xb,/people/person/places_lived./people/place_lived/location,/m/02_286,1.0,1.0
/m/03f0r5w,/people/person/spouse_s./people/marriage/type_of_union,/m/04ztj,1.0,1.0
/m/01tv3x2,/people/person/profession,/m/02hrh1q,1.0,1.0
/m/03chx58,/people/person/nationality,/m/03rk0,1.0,1.0
/m/03x16f,/people/person/profession,/m/02hrh1q,1.0,1.0
/m/03f5vvx,/people/person/gender,/m/02zsn,1.0,1.0
/m/038b_x,/people/person/profession,/m/02hrh1q,1.0,1.0
/m/02y0js,/people/cause_of_death/people,/m/024qwq,1.0,1.0
/m/03bxsw,/people/person/nationality,/m/02jx1,1.0,1.0
/m/01wg3q,/people/person/nationality,/m/02jx1,1.0,1.0
/m/029m83,/people/person/spouse_s./people/marriage/type_of_union,/m/04ztj,1.0,1.0
/m/021bk,/people/person/profession,/m/02hrh1q,1.0,1.0
/m/049sb,/people/person/place_of_birth,/m/02_286,1.0,1.0
/m/02k21g,/people/person/gender,/m/02zsn,1.0,1.0
/m/050z2,/people/person/profession,/m/039v1,1.0,1.0
/m/026fd,/people/person/profession,/m/02hrh1q,1.0,1.0
/m/0239zv,/people/person/nationality,/m/03rk0,1.0,1.0
/m/026dx,/people/person/profession,/m/03gjzk,1.0,1.0
/m/02_n5d,/people/person/languages,/m/02h40lc,1.0,1.0
/m/02y0dd,/people/person/place_of_birth,/m/02cft,1.0,1.0
/m/03cs_z7,/people/person/profession,/m/03gjzk,1.0,1.0
/m/01y64_,/people/person/profession,/m/02hrh1q,1.0,1.0
/m/029k55,/people/person/place_of_birth,/m/030qb3t,1.0,1.0
/m/04shbh,/people/person/nationality,/m/02jx1,1.0,1.0
/m/02s58t,/people/person/profession,/m/02hrh1q,1.0,1.0
/m/01zkxv,/people/person/place_of_birth,/m/04p3c,1.0,1.0
/m/04w391,/people/person/places_lived./people/place_lived/location,/m/0281s1,1.0,1.0
/m/02g40r,/people/person/profession,/m/02tx6q,1.0,1.0
/m/02_p8v,/people/person/profession,/m/02hrh1q,1.0,1.0
/m/03n_7k,/people/person/profession,/m/02hrh1q,1.0,1.0
/m/051wwp,/people/person/profession,/m/02hrh1q,1.0,1.0
/m/01wgjj5,/people/person/profession,/m/02hrh1q,1.0,1.0
/m/049dyj,/people/person/spouse_s./people/marriage/type_of_union,/m/04ztj,1.0,1.0
/m/05hks,/people/person/spouse_s./people/marriage/type_of_union,/m/04ztj,1.0,1.0
/m/02g9z1,/people/person/profession,/m/02hrh1q,1.0,1.0
/m/041rx,/people/ethnicity/people,/m/01y0y6,1.0,1.0
/m/02y_2y,/people/person/spouse_s./people/marriage/type_of_union,/m/04ztj,1.0,1.0
/m/03xmy1,/people/person/gender,/m/02zsn,1.0,1.0
/m/02w7gg,/people/ethnicity/people,/m/01tspc6,1.0,1.0
/m/02ln1,/people/person/religion,/m/03_gx,1.0,1.0
/m/04wqr,/people/person/languages,/m/02h40lc,1.0,1.0
/m/01xsbh,/people/person/spouse_s./people/marriage/type_of_union,/m/04ztj,1.0,1.0
/m/02clgg,/people/person/spouse_s./people/marriage/type_of_union,/m/04ztj,1.0,1.0
/m/022_lg,/people/person/profession,/m/02jknp,1.0,1.0
/m/03gr7w,/people/person/profession,/m/039v1,1.0,1.0
/m/041xl,/people/deceased_person/place_of_death,/m/04jpl,1.0,1.0
/m/01wkmgb,/people/person/profession,/m/02hrh1q,1.0,1.0
/m/01ww_vs,/people/person/profession,/m/02hrh1q,1.0,1.0
/m/037lyl,/people/person/place_of_birth,/m/02_286,1.0,1.0
/m/03c602,/people/person/spouse_s./people/marriage/type_of_union,/m/04ztj,1.0,1.0
/m/0448r,/people/person/languages,/m/04306rv,1.0,1.0
/m/02qvhbb,/people/person/profession,/m/02hrh1q,1.0,1.0
/m/02kz_,/people/person/spouse_s./people/marriage/type_of_union,/m/04ztj,1.0,1.0
/m/053xw6,/people/person/languages,/m/02h40lc,1.0,1.0
/m/02c7lt,/people/person/profession,/m/02krf9,1.0,1.0
/m/01y665,/people/person/profession,/m/02hrh1q,1.0,1.0
/m/01w61th,/people/person/languages,/m/02h40lc,1.0,1.0
/m/01z9_x,/people/person/profession,/m/039v1,1.0,1.0
/m/03vrv9,/people/person/place_of_birth,/m/03b12,1.0,1.0
/m/04j0s3,/people/person/languages,/m/03k50,1.0,1.0
/m/030_3z,/people/person/profession,/m/02hrh1q,1.0,1.0
/m/056wb,/people/person/spouse_s./people/marriage/type_of_union,/m/04ztj,1.0,1.0
/m/03fykz,/people/person/profession,/m/03gjzk,1.0,1.0
/m/01v9l67,/people/person/profession,/m/02hrh1q,1.0,1.0
/m/03cp7b3,/people/person/profession,/m/026sdt1,1.0,1.0
/m/01wyy_,/people/person/spouse_s./people/marriage/type_of_union,/m/04ztj,1.0,1.0
/m/02m92h,/people/person/profession,/m/03gjzk,1.0,1.0
/m/02wgln,/people/person/languages,/m/02bjrlw,1.0,1.0
/m/01v80y,/people/person/profession,/m/02hrh1q,1.0,1.0
/m/029m83,/people/person/places_lived./people/place_lived/location,/m/02_286,1.0,1.0
/m/05gml8,/people/person/spouse_s./people/marriage/type_of_union,/m/04ztj,1.0,1.0
/m/03z_g7,/people/person/spouse_s./people/marriage/type_of_union,/m/04ztj,1.0,1.0
/m/01ws9n6,/people/person/spouse_s./people/marriage/type_of_union,/m/04ztj,1.0,1.0
/m/020l9r,/people/person/profession,/m/02hrh1q,1.0,1.0
/m/03qhyn8,/people/person/profession,/m/026sdt1,1.0,1.0
/m/03jj93,/people/person/spouse_s./people/marriage/type_of_union,/m/04ztj,1.0,1.0
/m/01wyy_,/people/person/profession,/m/03gjzk,1.0,1.0
/m/04_by,/people/person/nationality,/m/02jx1,1.0,1.0
/m/02jxmr,/people/person/place_of_birth,/m/030qb3t,1.0,1.0
/m/033tf_,/people/ethnicity/people,/m/02m501,1.0,1.0
/m/01vv7sc,/people/person/profession,/m/02dsz,1.0,1.0
/m/044n3h,/people/person/gender,/m/02zsn,1.0,1.0
/m/02v49c,/people/person/profession,/m/03gjzk,1.0,1.0
/m/01w1kyf,/people/person/profession,/m/02hrh1q,1.0,1.0
/m/02w7gg,/people/ethnicity/people,/m/05jm7,1.0,1.0
/m/04fhn_,/people/person/spouse_s./people/marriage/type_of_union,/m/04ztj,1.0,1.0
/m/04pz5c,/people/person/profession,/m/02hrh1q,1.0,1.0
/m/03qmj9,/people/person/spouse_s./people/marriage/type_of_union,/m/04ztj,1.0,1.0
/m/03k7bd,/people/person/languages,/m/02h40lc,1.0,1.0
/m/01vx5w7,/people/person/gender,/m/02zsn,1.0,1.0
/m/0356dp,/people/person/places_lived./people/place_lived/location,/m/04jpl,1.0,1.0
/m/051wwp,/people/person/spouse_s./people/marriage/type_of_union,/m/04ztj,1.0,1.0
/m/02jt1k,/people/person/gender,/m/02zsn,1.0,1.0
/m/05hj0n,/people/person/gender,/m/02zsn,1.0,1.0
/m/03w9sgh,/people/person/places_lived./people/place_lived/location,/m/02cl1,1.0,1.0
/m/04wg38,/people/person/profession,/m/02hrh1q,1.0,1.0
/m/02s58t,/people/person/spouse_s./people/marriage/type_of_union,/m/04ztj,1.0,1.0
/m/02wb6d,/people/person/nationality,/m/0345h,1.0,1.0
/m/02zyy4,/people/person/sibling_s./people/sibling_relationship/sibling,/m/050zr4,1.0,1.0
/m/01vh3r,/people/person/places_lived./people/place_lived/location,/m/04jpl,1.0,1.0
/m/01vtqml,/people/person/nationality,/m/02jx1,1.0,1.0
/m/033tf_,/people/ethnicity/people,/m/04xrx,1.0,1.0
/m/038nv6,/people/person/spouse_s./people/marriage/type_of_union,/m/04ztj,1.0,1.0
/m/01wg25j,/people/person/profession,/m/02hrh1q,1.0,1.0
/m/04pp9s,/people/person/profession,/m/02hrh1q,1.0,1.0
/m/030g9z,/people/person/sibling_s./people/sibling_relationship/sibling,/m/02_l96,1.0,1.0
/m/030xr_,/people/person/profession,/m/02hrh1q,1.0,1.0
/m/02z3zp,/people/person/profession,/m/02hrh1q,1.0,1.0
/m/01vsnff,/people/person/profession,/m/039v1,1.0,1.0
/m/02yy8,/people/person/religion,/m/02rsw,1.0,1.0
/m/044ntk,/people/person/place_of_birth,/m/02_286,1.0,1.0
/m/03n52j,/people/person/place_of_birth,/m/030qb3t,1.0,1.0
/m/01vl17,/people/person/profession,/m/02jknp,1.0,1.0
/m/02q_cc,/people/person/spouse_s./people/marriage/type_of_union,/m/04ztj,1.0,1.0
/m/02lg3y,/people/person/profession,/m/02hrh1q,1.0,1.0
/m/02n1gr,/people/person/spouse_s./people/marriage/location_of_ceremony,/m/04vmp,1.0,1.0
/m/04cr6qv,/people/person/sibling_s./people/sibling_relationship/sibling,/m/04f7c55,1.0,1.0
/m/041rx,/people/ethnicity/people,/m/0306bt,1.0,1.0
/m/04pqqb,/people/person/nationality,/m/03spz,1.0,1.0
/m/031c2r,/people/person/spouse_s./people/marriage/type_of_union,/m/04ztj,1.0,1.0
/m/034qg,/people/cause_of_death/people,/m/01vz0g4,1.0,1.0
/m/03swmf,/people/person/profession,/m/02hrh1q,1.0,1.0
/m/04zwtdy,/people/person/spouse_s./people/marriage/spouse,/m/0253b6,1.0,1.0
/m/01z7s_,/people/person/places_lived./people/place_lived/location,/m/02_286,1.0,1.0
/m/036jb,/people/person/spouse_s./people/marriage/type_of_union,/m/04ztj,1.0,1.0
/m/0282x,/people/person/spouse_s./people/marriage/type_of_union,/m/04ztj,1.0,1.0
/m/02g0mx,/people/person/spouse_s./people/marriage/type_of_union,/m/04ztj,1.0,1.0
/m/026ps1,/people/person/places_lived./people/place_lived/location,/m/030qb3t,1.0,1.0
/m/03v0vd,/people/person/profession,/m/02hrh1q,1.0,1.0
/m/029m83,/people/person/profession,/m/03gjzk,1.0,1.0
/m/01w524f,/people/person/places_lived./people/place_lived/location,/m/052bw,1.0,1.0
/m/03n0pv,/people/person/place_of_birth,/m/02_286,1.0,1.0
/m/01yndb,/people/person/profession,/m/02hrh1q,1.0,1.0
/m/026g4l_,/people/person/spouse_s./people/marriage/type_of_union,/m/04ztj,1.0,1.0
/m/026fd,/people/person/spouse_s./people/marriage/type_of_union,/m/04ztj,1.0,1.0
/m/02vqpx8,/people/person/places_lived./people/place_lived/location,/m/04rrd,1.0,1.0
/m/049fgvm,/people/person/profession,/m/02jknp,1.0,1.0
/m/02lfns,/people/person/places_lived./people/place_lived/location,/m/02_286,1.0,1.0
/m/04bsx1,/people/person/profession,/m/02y5kn,1.0,1.0
/m/0499lc,/people/person/profession,/m/02hv44_,1.0,1.0
/m/03ts0c,/people/ethnicity/people,/m/03cx282,1.0,1.0
/m/05cljf,/people/person/places_lived./people/place_lived/location,/m/05jbn,1.0,1.0
